2026-09-29 00:36:48,184 [INFO] ===========================================================================
2026-09-29 00:36:48,184 [INFO] ISLES-2022 TRAINING ENGINE (MLOps Config Mode)
2026-09-29 00:36:48,185 [INFO] ===========================================================================
2026-09-29 00:36:48,185 [INFO] Config file: G:\PROJECT\PBL6-main\PBL6-main\configs\train_30ep.yaml
2026-09-29 00:36:48,185 [INFO] Experiment run dir: G:\PROJECT\PBL6-main\experiments\runs\segresnet_fold0_20260929_003648
2026-09-29 00:36:48,185 [INFO] Device: cuda | AMP FP16 Enabled: True
2026-09-29 00:36:48,185 [INFO] Model: segresnet | Fold: 0/5
2026-09-29 00:36:48,185 [INFO] Patch dimensions (roi_size): (96, 96, 32) | Batch size: 1
2026-09-29 00:36:48,186 [INFO] Num workers: 2 | Use CacheDataset: False (cache_rate: 0.50)
2026-09-29 00:36:48,186 [INFO] Max epochs: 30 | Learning rate: 1.0e-03 | Dry-run: False
2026-09-29 00:36:48,186 [INFO] -> RAM Cache disabled: Wrapping data with standard monai.data.Dataset for memory efficiency.
2026-09-29 00:36:48,252 [INFO] Instantiating segresnet model (3 channels in, 1 channel out)...
2026-09-29 00:36:48,349 [INFO] ---------------------------------------------------------------------------
2026-09-29 00:36:48,349 [INFO] Starting Epoch 1/30 (LR: 1.00e-03)...
2026-09-29 00:37:18,203 [INFO]     [Train Batch 25/200] Step Loss: 0.8658 | Running Avg Loss: 0.8952
2026-09-29 00:37:45,140 [INFO]     [Train Batch 50/200] Step Loss: 0.7941 | Running Avg Loss: 0.8984
2026-09-29 00:38:07,354 [INFO]     [Train Batch 75/200] Step Loss: 0.9924 | Running Avg Loss: 0.9039
2026-09-29 00:38:19,916 [INFO]     [Train Batch 100/200] Step Loss: 0.7472 | Running Avg Loss: 0.8969
2026-09-29 00:38:32,212 [INFO]     [Train Batch 125/200] Step Loss: 0.9999 | Running Avg Loss: 0.8835
2026-09-29 00:38:45,684 [INFO]     [Train Batch 150/200] Step Loss: 0.8299 | Running Avg Loss: 0.8875
2026-09-29 00:39:03,267 [INFO]     [Train Batch 175/200] Step Loss: 0.7498 | Running Avg Loss: 0.8778
2026-09-29 00:39:20,502 [INFO]     [Train Batch 200/200] Step Loss: 0.6738 | Running Avg Loss: 0.8742
2026-09-29 00:39:21,234 [INFO] Epoch 1/30 (152.9s) - Train Loss: 0.8742 | LR: 9.97e-04
2026-09-29 00:39:29,178 [INFO]   [Val Case 1/50] Running sliding-window inference (shape: (223, 223, 145), overlap: 0.25)...
2026-09-29 00:39:29,607 [INFO]   [Val Case 1/50] Finished in 0.51s | Dice Score: 0.0090
2026-09-29 00:39:29,668 [INFO]   [Val Case 2/50] Running sliding-window inference (shape: (223, 223, 145), overlap: 0.25)...
2026-09-29 00:39:29,918 [INFO]   [Val Case 2/50] Finished in 0.29s | Dice Score: 0.0054
2026-09-29 00:39:30,381 [INFO]   [Val Case 3/50] Running sliding-window inference (shape: (223, 223, 143), overlap: 0.25)...
2026-09-29 00:39:30,622 [INFO]   [Val Case 3/50] Finished in 0.29s | Dice Score: 0.0057
2026-09-29 00:39:30,670 [INFO]   [Val Case 4/50] Running sliding-window inference (shape: (223, 223, 145), overlap: 0.25)...
2026-09-29 00:39:30,929 [INFO]   [Val Case 4/50] Finished in 0.29s | Dice Score: 0.0025
2026-09-29 00:39:31,576 [INFO]   [Val Case 5/50] Running sliding-window inference (shape: (223, 223, 145), overlap: 0.25)...
2026-09-29 00:39:31,820 [INFO]   [Val Case 5/50] Finished in 0.29s | Dice Score: 0.2332
2026-09-29 00:39:31,862 [INFO]   [Val Case 6/50] Running sliding-window inference (shape: (229, 229, 116), overlap: 0.25)...
2026-09-29 00:39:32,083 [INFO]   [Val Case 6/50] Finished in 0.25s | Dice Score: 0.0084
2026-09-29 00:39:32,266 [INFO]   [Val Case 7/50] Running sliding-window inference (shape: (229, 229, 116), overlap: 0.25)...
2026-09-29 00:39:32,511 [INFO]   [Val Case 7/50] Finished in 0.28s | Dice Score: 0.0287
2026-09-29 00:39:32,555 [INFO]   [Val Case 8/50] Running sliding-window inference (shape: (220, 220, 140), overlap: 0.25)...
2026-09-29 00:39:32,815 [INFO]   [Val Case 8/50] Finished in 0.29s | Dice Score: 0.0056
2026-09-29 00:39:33,449 [INFO]   [Val Case 9/50] Running sliding-window inference (shape: (223, 223, 143), overlap: 0.25)...
2026-09-29 00:39:33,726 [INFO]   [Val Case 9/50] Finished in 0.31s | Dice Score: 0.0155
2026-09-29 00:39:33,791 [INFO]   [Val Case 10/50] Running sliding-window inference (shape: (255, 255, 143), overlap: 0.25)...
2026-09-29 00:39:34,213 [INFO]   [Val Case 10/50] Finished in 0.47s | Dice Score: 0.0402
2026-09-29 00:39:34,336 [INFO]   [Val Case 11/50] Running sliding-window inference (shape: (239, 239, 125), overlap: 0.25)...
2026-09-29 00:39:34,537 [INFO]   [Val Case 11/50] Finished in 0.23s | Dice Score: 0.4699
2026-09-29 00:39:34,586 [INFO]   [Val Case 12/50] Running sliding-window inference (shape: (223, 223, 143), overlap: 0.25)...
2026-09-29 00:39:34,846 [INFO]   [Val Case 12/50] Finished in 0.29s | Dice Score: 0.1892
2026-09-29 00:39:35,525 [INFO]   [Val Case 13/50] Running sliding-window inference (shape: (223, 223, 143), overlap: 0.25)...
2026-09-29 00:39:35,773 [INFO]   [Val Case 13/50] Finished in 0.29s | Dice Score: 0.3149
2026-09-29 00:39:35,815 [INFO]   [Val Case 14/50] Running sliding-window inference (shape: (229, 229, 116), overlap: 0.25)...
2026-09-29 00:39:36,029 [INFO]   [Val Case 14/50] Finished in 0.24s | Dice Score: 0.0170
2026-09-29 00:39:36,695 [INFO]   [Val Case 15/50] Running sliding-window inference (shape: (223, 223, 143), overlap: 0.25)...
2026-09-29 00:39:36,961 [INFO]   [Val Case 15/50] Finished in 0.32s | Dice Score: 0.0085
2026-09-29 00:39:37,006 [INFO]   [Val Case 16/50] Running sliding-window inference (shape: (223, 223, 143), overlap: 0.25)...
2026-09-29 00:39:37,286 [INFO]   [Val Case 16/50] Finished in 0.31s | Dice Score: 0.0117
2026-09-29 00:39:37,433 [INFO]   [Val Case 17/50] Running sliding-window inference (shape: (229, 229, 116), overlap: 0.25)...
2026-09-29 00:39:37,642 [INFO]   [Val Case 17/50] Finished in 0.24s | Dice Score: 0.0927
2026-09-29 00:39:37,705 [INFO]   [Val Case 18/50] Running sliding-window inference (shape: (223, 223, 143), overlap: 0.25)...
2026-09-29 00:39:37,949 [INFO]   [Val Case 18/50] Finished in 0.29s | Dice Score: 0.0005
2026-09-29 00:39:38,560 [INFO]   [Val Case 19/50] Running sliding-window inference (shape: (223, 223, 143), overlap: 0.25)...
2026-09-29 00:39:38,809 [INFO]   [Val Case 19/50] Finished in 0.28s | Dice Score: 0.0765
2026-09-29 00:39:38,867 [INFO]   [Val Case 20/50] Running sliding-window inference (shape: (223, 223, 145), overlap: 0.25)...
2026-09-29 00:39:39,112 [INFO]   [Val Case 20/50] Finished in 0.28s | Dice Score: 0.0355
2026-09-29 00:39:39,423 [INFO]   [Val Case 21/50] Running sliding-window inference (shape: (220, 220, 140), overlap: 0.25)...
2026-09-29 00:39:39,664 [INFO]   [Val Case 21/50] Finished in 0.27s | Dice Score: 0.0599
2026-09-29 00:39:39,725 [INFO]   [Val Case 22/50] Running sliding-window inference (shape: (223, 223, 143), overlap: 0.25)...
2026-09-29 00:39:40,007 [INFO]   [Val Case 22/50] Finished in 0.32s | Dice Score: 0.0390
2026-09-29 00:39:40,552 [INFO]   [Val Case 23/50] Running sliding-window inference (shape: (223, 223, 145), overlap: 0.25)...
2026-09-29 00:39:40,784 [INFO]   [Val Case 23/50] Finished in 0.27s | Dice Score: 0.0001
2026-09-29 00:39:40,838 [INFO]   [Val Case 24/50] Running sliding-window inference (shape: (223, 223, 143), overlap: 0.25)...
2026-09-29 00:39:41,093 [INFO]   [Val Case 24/50] Finished in 0.29s | Dice Score: 0.0005
2026-09-29 00:39:41,781 [INFO]   [Val Case 25/50] Running sliding-window inference (shape: (223, 223, 143), overlap: 0.25)...
2026-09-29 00:39:42,025 [INFO]   [Val Case 25/50] Finished in 0.28s | Dice Score: 0.0010
2026-09-29 00:39:42,103 [INFO]   [Val Case 26/50] Running sliding-window inference (shape: (259, 259, 129), overlap: 0.25)...
2026-09-29 00:39:42,539 [INFO]   [Val Case 26/50] Finished in 0.49s | Dice Score: 0.0000
2026-09-29 00:39:42,995 [INFO]   [Val Case 27/50] Running sliding-window inference (shape: (223, 223, 143), overlap: 0.25)...
2026-09-29 00:39:43,310 [INFO]   [Val Case 27/50] Finished in 0.35s | Dice Score: 0.0032
2026-09-29 00:39:43,366 [INFO]   [Val Case 28/50] Running sliding-window inference (shape: (223, 223, 145), overlap: 0.25)...
2026-09-29 00:39:43,625 [INFO]   [Val Case 28/50] Finished in 0.29s | Dice Score: 0.0392
2026-09-29 00:39:43,853 [INFO]   [Val Case 29/50] Running sliding-window inference (shape: (223, 223, 145), overlap: 0.25)...
2026-09-29 00:39:44,110 [INFO]   [Val Case 29/50] Finished in 0.29s | Dice Score: 0.2980
2026-09-29 00:39:44,159 [INFO]   [Val Case 30/50] Running sliding-window inference (shape: (223, 223, 145), overlap: 0.25)...
2026-09-29 00:39:44,414 [INFO]   [Val Case 30/50] Finished in 0.29s | Dice Score: 0.0162
2026-09-29 00:39:44,769 [INFO]   [Val Case 31/50] Running sliding-window inference (shape: (220, 220, 140), overlap: 0.25)...
2026-09-29 00:39:45,065 [INFO]   [Val Case 31/50] Finished in 0.33s | Dice Score: 0.0330
2026-09-29 00:39:45,113 [INFO]   [Val Case 32/50] Running sliding-window inference (shape: (223, 223, 145), overlap: 0.25)...
2026-09-29 00:39:45,440 [INFO]   [Val Case 32/50] Finished in 0.36s | Dice Score: 0.0042
2026-09-29 00:39:45,751 [INFO]   [Val Case 33/50] Running sliding-window inference (shape: (229, 229, 139), overlap: 0.25)...
2026-09-29 00:39:46,006 [INFO]   [Val Case 33/50] Finished in 0.29s | Dice Score: 0.0100
2026-09-29 00:39:46,264 [INFO]   [Val Case 34/50] Running sliding-window inference (shape: (223, 223, 143), overlap: 0.25)...
2026-09-29 00:39:46,521 [INFO]   [Val Case 34/50] Finished in 0.30s | Dice Score: 0.0242
2026-09-29 00:39:46,986 [INFO]   [Val Case 35/50] Running sliding-window inference (shape: (223, 223, 143), overlap: 0.25)...
2026-09-29 00:39:47,253 [INFO]   [Val Case 35/50] Finished in 0.30s | Dice Score: 0.0147
2026-09-29 00:39:47,504 [INFO]   [Val Case 36/50] Running sliding-window inference (shape: (223, 223, 145), overlap: 0.25)...
2026-09-29 00:39:47,782 [INFO]   [Val Case 36/50] Finished in 0.33s | Dice Score: 0.0019
2026-09-29 00:39:48,263 [INFO]   [Val Case 37/50] Running sliding-window inference (shape: (223, 223, 143), overlap: 0.25)...
2026-09-29 00:39:48,531 [INFO]   [Val Case 37/50] Finished in 0.30s | Dice Score: 0.2508
2026-09-29 00:39:48,583 [INFO]   [Val Case 38/50] Running sliding-window inference (shape: (229, 229, 116), overlap: 0.25)...
2026-09-29 00:39:48,820 [INFO]   [Val Case 38/50] Finished in 0.27s | Dice Score: 0.0293
2026-09-29 00:39:49,568 [INFO]   [Val Case 39/50] Running sliding-window inference (shape: (223, 223, 151), overlap: 0.25)...
2026-09-29 00:39:49,840 [INFO]   [Val Case 39/50] Finished in 0.31s | Dice Score: 0.0510
2026-09-29 00:39:49,903 [INFO]   [Val Case 40/50] Running sliding-window inference (shape: (223, 223, 143), overlap: 0.25)...
2026-09-29 00:39:50,171 [INFO]   [Val Case 40/50] Finished in 0.31s | Dice Score: 0.0180
2026-09-29 00:39:50,817 [INFO]   [Val Case 41/50] Running sliding-window inference (shape: (223, 223, 143), overlap: 0.25)...
2026-09-29 00:39:51,063 [INFO]   [Val Case 41/50] Finished in 0.28s | Dice Score: 0.0024
2026-09-29 00:39:51,117 [INFO]   [Val Case 42/50] Running sliding-window inference (shape: (223, 223, 143), overlap: 0.25)...
2026-09-29 00:39:51,387 [INFO]   [Val Case 42/50] Finished in 0.30s | Dice Score: 0.0305
2026-09-29 00:39:52,073 [INFO]   [Val Case 43/50] Running sliding-window inference (shape: (223, 223, 145), overlap: 0.25)...
2026-09-29 00:39:52,304 [INFO]   [Val Case 43/50] Finished in 0.27s | Dice Score: 0.0262
2026-09-29 00:39:52,346 [INFO]   [Val Case 44/50] Running sliding-window inference (shape: (229, 229, 116), overlap: 0.25)...
2026-09-29 00:39:52,575 [INFO]   [Val Case 44/50] Finished in 0.26s | Dice Score: 0.0515
2026-09-29 00:39:53,300 [INFO]   [Val Case 45/50] Running sliding-window inference (shape: (223, 223, 143), overlap: 0.25)...
2026-09-29 00:39:53,534 [INFO]   [Val Case 45/50] Finished in 0.27s | Dice Score: 0.3566
2026-09-29 00:39:53,587 [INFO]   [Val Case 46/50] Running sliding-window inference (shape: (223, 223, 145), overlap: 0.25)...
2026-09-29 00:39:53,903 [INFO]   [Val Case 46/50] Finished in 0.35s | Dice Score: 0.0650
2026-09-29 00:39:54,475 [INFO]   [Val Case 47/50] Running sliding-window inference (shape: (223, 223, 145), overlap: 0.25)...
2026-09-29 00:39:54,714 [INFO]   [Val Case 47/50] Finished in 0.28s | Dice Score: 0.0031
2026-09-29 00:39:54,763 [INFO]   [Val Case 48/50] Running sliding-window inference (shape: (223, 223, 143), overlap: 0.25)...
2026-09-29 00:39:54,997 [INFO]   [Val Case 48/50] Finished in 0.26s | Dice Score: 0.0026
2026-09-29 00:39:55,600 [INFO]   [Val Case 49/50] Running sliding-window inference (shape: (223, 223, 143), overlap: 0.25)...
2026-09-29 00:39:55,990 [INFO]   [Val Case 49/50] Finished in 0.42s | Dice Score: 0.0013
2026-09-29 00:39:56,034 [INFO]   [Val Case 50/50] Running sliding-window inference (shape: (223, 223, 143), overlap: 0.25)...
2026-09-29 00:39:56,406 [INFO]   [Val Case 50/50] Finished in 0.40s | Dice Score: 0.0790
2026-09-29 00:39:57,078 [INFO] Epoch 1 Validation (35.8s): Mean Dice: 0.0617 (50 subjects)
2026-09-29 00:39:57,115 [INFO] --> New best metric model saved (Dice: 0.0617) at G:\PROJECT\PBL6-main\experiments\runs\segresnet_fold0_20260929_003648\best_metric_model.pth
2026-09-29 00:39:57,143 [INFO] ---------------------------------------------------------------------------
2026-09-29 00:39:57,143 [INFO] Starting Epoch 2/30 (LR: 9.97e-04)...
2026-09-29 00:40:22,173 [INFO]     [Train Batch 25/200] Step Loss: 0.5173 | Running Avg Loss: 0.7823
2026-09-29 00:40:39,656 [INFO]     [Train Batch 50/200] Step Loss: 0.8995 | Running Avg Loss: 0.8255
2026-09-29 00:40:52,099 [INFO]     [Train Batch 75/200] Step Loss: 0.6736 | Running Avg Loss: 0.8278
2026-09-29 00:41:05,753 [INFO]     [Train Batch 100/200] Step Loss: 0.9813 | Running Avg Loss: 0.8263
2026-09-29 00:41:23,157 [INFO]     [Train Batch 125/200] Step Loss: 1.0000 | Running Avg Loss: 0.8269
2026-09-29 00:41:35,826 [INFO]     [Train Batch 150/200] Step Loss: 0.7359 | Running Avg Loss: 0.8213
2026-09-29 00:41:48,827 [INFO]     [Train Batch 175/200] Step Loss: 0.8215 | Running Avg Loss: 0.8214
2026-09-29 00:42:01,716 [INFO]     [Train Batch 200/200] Step Loss: 0.7287 | Running Avg Loss: 0.8192
2026-09-29 00:42:02,442 [INFO] Epoch 2/30 (125.3s) - Train Loss: 0.8192 | LR: 9.89e-04
2026-09-29 00:42:10,530 [INFO]   [Val Case 1/50] Running sliding-window inference (shape: (223, 223, 145), overlap: 0.25)...
2026-09-29 00:42:10,967 [INFO]   [Val Case 1/50] Finished in 0.50s | Dice Score: 0.0132
2026-09-29 00:42:11,027 [INFO]   [Val Case 2/50] Running sliding-window inference (shape: (223, 223, 145), overlap: 0.25)...
2026-09-29 00:42:11,284 [INFO]   [Val Case 2/50] Finished in 0.29s | Dice Score: 0.0062
2026-09-29 00:42:11,748 [INFO]   [Val Case 3/50] Running sliding-window inference (shape: (223, 223, 143), overlap: 0.25)...
2026-09-29 00:42:11,986 [INFO]   [Val Case 3/50] Finished in 0.27s | Dice Score: 0.0091
2026-09-29 00:42:12,033 [INFO]   [Val Case 4/50] Running sliding-window inference (shape: (223, 223, 145), overlap: 0.25)...
2026-09-29 00:42:12,297 [INFO]   [Val Case 4/50] Finished in 0.30s | Dice Score: 0.0049
2026-09-29 00:42:12,957 [INFO]   [Val Case 5/50] Running sliding-window inference (shape: (223, 223, 145), overlap: 0.25)...
2026-09-29 00:42:13,215 [INFO]   [Val Case 5/50] Finished in 0.29s | Dice Score: 0.3100
2026-09-29 00:42:13,258 [INFO]   [Val Case 6/50] Running sliding-window inference (shape: (229, 229, 116), overlap: 0.25)...
2026-09-29 00:42:13,454 [INFO]   [Val Case 6/50] Finished in 0.22s | Dice Score: 0.0137
2026-09-29 00:42:13,690 [INFO]   [Val Case 7/50] Running sliding-window inference (shape: (229, 229, 116), overlap: 0.25)...
2026-09-29 00:42:13,902 [INFO]   [Val Case 7/50] Finished in 0.24s | Dice Score: 0.0493
2026-09-29 00:42:13,943 [INFO]   [Val Case 8/50] Running sliding-window inference (shape: (220, 220, 140), overlap: 0.25)...
2026-09-29 00:42:14,199 [INFO]   [Val Case 8/50] Finished in 0.28s | Dice Score: 0.0093
2026-09-29 00:42:14,830 [INFO]   [Val Case 9/50] Running sliding-window inference (shape: (223, 223, 143), overlap: 0.25)...
2026-09-29 00:42:15,090 [INFO]   [Val Case 9/50] Finished in 0.29s | Dice Score: 0.0260
2026-09-29 00:42:15,146 [INFO]   [Val Case 10/50] Running sliding-window inference (shape: (255, 255, 143), overlap: 0.25)...
2026-09-29 00:42:15,566 [INFO]   [Val Case 10/50] Finished in 0.46s | Dice Score: 0.0727
2026-09-29 00:42:15,648 [INFO]   [Val Case 11/50] Running sliding-window inference (shape: (239, 239, 125), overlap: 0.25)...
2026-09-29 00:42:15,850 [INFO]   [Val Case 11/50] Finished in 0.23s | Dice Score: 0.5507
2026-09-29 00:42:15,895 [INFO]   [Val Case 12/50] Running sliding-window inference (shape: (223, 223, 143), overlap: 0.25)...
2026-09-29 00:42:16,155 [INFO]   [Val Case 12/50] Finished in 0.29s | Dice Score: 0.2494
2026-09-29 00:42:16,836 [INFO]   [Val Case 13/50] Running sliding-window inference (shape: (223, 223, 143), overlap: 0.25)...
2026-09-29 00:42:17,101 [INFO]   [Val Case 13/50] Finished in 0.31s | Dice Score: 0.3701
2026-09-29 00:42:17,156 [INFO]   [Val Case 14/50] Running sliding-window inference (shape: (229, 229, 116), overlap: 0.25)...
2026-09-29 00:42:17,394 [INFO]   [Val Case 14/50] Finished in 0.28s | Dice Score: 0.0325
2026-09-29 00:42:18,002 [INFO]   [Val Case 15/50] Running sliding-window inference (shape: (223, 223, 143), overlap: 0.25)...
2026-09-29 00:42:18,253 [INFO]   [Val Case 15/50] Finished in 0.30s | Dice Score: 0.0118
2026-09-29 00:42:18,298 [INFO]   [Val Case 16/50] Running sliding-window inference (shape: (223, 223, 143), overlap: 0.25)...
2026-09-29 00:42:18,599 [INFO]   [Val Case 16/50] Finished in 0.33s | Dice Score: 0.0191
2026-09-29 00:42:18,724 [INFO]   [Val Case 17/50] Running sliding-window inference (shape: (229, 229, 116), overlap: 0.25)...
2026-09-29 00:42:18,981 [INFO]   [Val Case 17/50] Finished in 0.28s | Dice Score: 0.1647
2026-09-29 00:42:19,028 [INFO]   [Val Case 18/50] Running sliding-window inference (shape: (223, 223, 143), overlap: 0.25)...
2026-09-29 00:42:19,281 [INFO]   [Val Case 18/50] Finished in 0.29s | Dice Score: 0.0008
2026-09-29 00:42:19,917 [INFO]   [Val Case 19/50] Running sliding-window inference (shape: (223, 223, 143), overlap: 0.25)...
2026-09-29 00:42:20,175 [INFO]   [Val Case 19/50] Finished in 0.29s | Dice Score: 0.1200
2026-09-29 00:42:20,224 [INFO]   [Val Case 20/50] Running sliding-window inference (shape: (223, 223, 145), overlap: 0.25)...
2026-09-29 00:42:20,485 [INFO]   [Val Case 20/50] Finished in 0.29s | Dice Score: 0.0625
2026-09-29 00:42:20,834 [INFO]   [Val Case 21/50] Running sliding-window inference (shape: (220, 220, 140), overlap: 0.25)...
2026-09-29 00:42:21,105 [INFO]   [Val Case 21/50] Finished in 0.30s | Dice Score: 0.0896
2026-09-29 00:42:21,159 [INFO]   [Val Case 22/50] Running sliding-window inference (shape: (223, 223, 143), overlap: 0.25)...
2026-09-29 00:42:21,422 [INFO]   [Val Case 22/50] Finished in 0.30s | Dice Score: 0.0675
2026-09-29 00:42:21,916 [INFO]   [Val Case 23/50] Running sliding-window inference (shape: (223, 223, 145), overlap: 0.25)...
2026-09-29 00:42:22,184 [INFO]   [Val Case 23/50] Finished in 0.30s | Dice Score: 0.0002
2026-09-29 00:42:22,252 [INFO]   [Val Case 24/50] Running sliding-window inference (shape: (223, 223, 143), overlap: 0.25)...
2026-09-29 00:42:22,509 [INFO]   [Val Case 24/50] Finished in 0.30s | Dice Score: 0.0009
2026-09-29 00:42:23,131 [INFO]   [Val Case 25/50] Running sliding-window inference (shape: (223, 223, 143), overlap: 0.25)...
2026-09-29 00:42:23,394 [INFO]   [Val Case 25/50] Finished in 0.30s | Dice Score: 0.0017
2026-09-29 00:42:23,451 [INFO]   [Val Case 26/50] Running sliding-window inference (shape: (259, 259, 129), overlap: 0.25)...
2026-09-29 00:42:23,875 [INFO]   [Val Case 26/50] Finished in 0.46s | Dice Score: 0.0000
2026-09-29 00:42:24,308 [INFO]   [Val Case 27/50] Running sliding-window inference (shape: (223, 223, 143), overlap: 0.25)...
2026-09-29 00:42:24,572 [INFO]   [Val Case 27/50] Finished in 0.29s | Dice Score: 0.0059
2026-09-29 00:42:24,624 [INFO]   [Val Case 28/50] Running sliding-window inference (shape: (223, 223, 145), overlap: 0.25)...
2026-09-29 00:42:24,878 [INFO]   [Val Case 28/50] Finished in 0.29s | Dice Score: 0.0640
2026-09-29 00:42:25,176 [INFO]   [Val Case 29/50] Running sliding-window inference (shape: (223, 223, 145), overlap: 0.25)...
2026-09-29 00:42:25,427 [INFO]   [Val Case 29/50] Finished in 0.28s | Dice Score: 0.3520
2026-09-29 00:42:25,488 [INFO]   [Val Case 30/50] Running sliding-window inference (shape: (223, 223, 145), overlap: 0.25)...
2026-09-29 00:42:25,740 [INFO]   [Val Case 30/50] Finished in 0.29s | Dice Score: 0.0289
2026-09-29 00:42:25,974 [INFO]   [Val Case 31/50] Running sliding-window inference (shape: (220, 220, 140), overlap: 0.25)...
2026-09-29 00:42:26,229 [INFO]   [Val Case 31/50] Finished in 0.28s | Dice Score: 0.0591
2026-09-29 00:42:26,276 [INFO]   [Val Case 32/50] Running sliding-window inference (shape: (223, 223, 145), overlap: 0.25)...
2026-09-29 00:42:26,537 [INFO]   [Val Case 32/50] Finished in 0.29s | Dice Score: 0.0067
2026-09-29 00:42:26,857 [INFO]   [Val Case 33/50] Running sliding-window inference (shape: (229, 229, 139), overlap: 0.25)...
2026-09-29 00:42:27,129 [INFO]   [Val Case 33/50] Finished in 0.30s | Dice Score: 0.0156
2026-09-29 00:42:27,430 [INFO]   [Val Case 34/50] Running sliding-window inference (shape: (223, 223, 143), overlap: 0.25)...
2026-09-29 00:42:27,709 [INFO]   [Val Case 34/50] Finished in 0.31s | Dice Score: 0.0389
2026-09-29 00:42:28,053 [INFO]   [Val Case 35/50] Running sliding-window inference (shape: (223, 223, 143), overlap: 0.25)...
2026-09-29 00:42:28,306 [INFO]   [Val Case 35/50] Finished in 0.28s | Dice Score: 0.0243
2026-09-29 00:42:28,658 [INFO]   [Val Case 36/50] Running sliding-window inference (shape: (223, 223, 145), overlap: 0.25)...
2026-09-29 00:42:28,910 [INFO]   [Val Case 36/50] Finished in 0.28s | Dice Score: 0.0034
2026-09-29 00:42:29,234 [INFO]   [Val Case 37/50] Running sliding-window inference (shape: (223, 223, 143), overlap: 0.25)...
2026-09-29 00:42:29,475 [INFO]   [Val Case 37/50] Finished in 0.28s | Dice Score: 0.3129
2026-09-29 00:42:29,520 [INFO]   [Val Case 38/50] Running sliding-window inference (shape: (229, 229, 116), overlap: 0.25)...
2026-09-29 00:42:29,749 [INFO]   [Val Case 38/50] Finished in 0.26s | Dice Score: 0.0468
2026-09-29 00:42:30,477 [INFO]   [Val Case 39/50] Running sliding-window inference (shape: (223, 223, 151), overlap: 0.25)...
2026-09-29 00:42:30,726 [INFO]   [Val Case 39/50] Finished in 0.28s | Dice Score: 0.0712
2026-09-29 00:42:30,776 [INFO]   [Val Case 40/50] Running sliding-window inference (shape: (223, 223, 143), overlap: 0.25)...
2026-09-29 00:42:31,064 [INFO]   [Val Case 40/50] Finished in 0.32s | Dice Score: 0.0285
2026-09-29 00:42:31,674 [INFO]   [Val Case 41/50] Running sliding-window inference (shape: (223, 223, 143), overlap: 0.25)...
2026-09-29 00:42:31,914 [INFO]   [Val Case 41/50] Finished in 0.27s | Dice Score: 0.0044
2026-09-29 00:42:31,962 [INFO]   [Val Case 42/50] Running sliding-window inference (shape: (223, 223, 143), overlap: 0.25)...
2026-09-29 00:42:32,224 [INFO]   [Val Case 42/50] Finished in 0.29s | Dice Score: 0.0529
2026-09-29 00:42:32,880 [INFO]   [Val Case 43/50] Running sliding-window inference (shape: (223, 223, 145), overlap: 0.25)...
2026-09-29 00:42:33,119 [INFO]   [Val Case 43/50] Finished in 0.27s | Dice Score: 0.0413
2026-09-29 00:42:33,164 [INFO]   [Val Case 44/50] Running sliding-window inference (shape: (229, 229, 116), overlap: 0.25)...
2026-09-29 00:42:33,391 [INFO]   [Val Case 44/50] Finished in 0.26s | Dice Score: 0.0960
2026-09-29 00:42:34,047 [INFO]   [Val Case 45/50] Running sliding-window inference (shape: (223, 223, 143), overlap: 0.25)...
2026-09-29 00:42:34,308 [INFO]   [Val Case 45/50] Finished in 0.29s | Dice Score: 0.3600
2026-09-29 00:42:34,370 [INFO]   [Val Case 46/50] Running sliding-window inference (shape: (223, 223, 145), overlap: 0.25)...
2026-09-29 00:42:34,625 [INFO]   [Val Case 46/50] Finished in 0.29s | Dice Score: 0.1000
2026-09-29 00:42:35,162 [INFO]   [Val Case 47/50] Running sliding-window inference (shape: (223, 223, 145), overlap: 0.25)...
2026-09-29 00:42:35,421 [INFO]   [Val Case 47/50] Finished in 0.29s | Dice Score: 0.0044
2026-09-29 00:42:35,488 [INFO]   [Val Case 48/50] Running sliding-window inference (shape: (223, 223, 143), overlap: 0.25)...
2026-09-29 00:42:35,766 [INFO]   [Val Case 48/50] Finished in 0.32s | Dice Score: 0.0050
2026-09-29 00:42:36,332 [INFO]   [Val Case 49/50] Running sliding-window inference (shape: (223, 223, 143), overlap: 0.25)...
2026-09-29 00:42:36,557 [INFO]   [Val Case 49/50] Finished in 0.25s | Dice Score: 0.0011
2026-09-29 00:42:36,599 [INFO]   [Val Case 50/50] Running sliding-window inference (shape: (223, 223, 143), overlap: 0.25)...
2026-09-29 00:42:36,826 [INFO]   [Val Case 50/50] Finished in 0.26s | Dice Score: 0.1374
2026-09-29 00:42:37,491 [INFO] Epoch 2 Validation (35.0s): Mean Dice: 0.0823 (50 subjects)
2026-09-29 00:42:37,523 [INFO] --> New best metric model saved (Dice: 0.0823) at G:\PROJECT\PBL6-main\experiments\runs\segresnet_fold0_20260929_003648\best_metric_model.pth
2026-09-29 00:42:37,554 [INFO] ---------------------------------------------------------------------------
2026-09-29 00:42:37,555 [INFO] Starting Epoch 3/30 (LR: 9.89e-04)...
2026-09-29 00:42:58,903 [INFO]     [Train Batch 25/200] Step Loss: 0.9984 | Running Avg Loss: 0.8127
2026-09-29 00:43:11,578 [INFO]     [Train Batch 50/200] Step Loss: 0.6422 | Running Avg Loss: 0.7897
2026-09-29 00:43:25,266 [INFO]     [Train Batch 75/200] Step Loss: 0.3953 | Running Avg Loss: 0.7734
2026-09-29 00:43:39,119 [INFO]     [Train Batch 100/200] Step Loss: 0.8206 | Running Avg Loss: 0.7777
2026-09-29 00:43:56,142 [INFO]     [Train Batch 125/200] Step Loss: 0.9984 | Running Avg Loss: 0.7717
2026-09-29 00:44:13,021 [INFO]     [Train Batch 150/200] Step Loss: 0.6595 | Running Avg Loss: 0.7547
2026-09-29 00:44:26,584 [INFO]     [Train Batch 175/200] Step Loss: 1.0000 | Running Avg Loss: 0.7440
2026-09-29 00:44:42,777 [INFO]     [Train Batch 200/200] Step Loss: 0.2341 | Running Avg Loss: 0.7479
2026-09-29 00:44:43,497 [INFO] Epoch 3/30 (125.9s) - Train Loss: 0.7479 | LR: 9.76e-04
2026-09-29 00:44:51,420 [INFO]   [Val Case 1/50] Running sliding-window inference (shape: (223, 223, 145), overlap: 0.25)...
2026-09-29 00:44:51,788 [INFO]   [Val Case 1/50] Finished in 0.43s | Dice Score: 0.0169
2026-09-29 00:44:51,854 [INFO]   [Val Case 2/50] Running sliding-window inference (shape: (223, 223, 145), overlap: 0.25)...
2026-09-29 00:44:52,096 [INFO]   [Val Case 2/50] Finished in 0.29s | Dice Score: 0.0042
2026-09-29 00:44:52,633 [INFO]   [Val Case 3/50] Running sliding-window inference (shape: (223, 223, 143), overlap: 0.25)...
2026-09-29 00:44:52,886 [INFO]   [Val Case 3/50] Finished in 0.29s | Dice Score: 0.0114
2026-09-29 00:44:52,935 [INFO]   [Val Case 4/50] Running sliding-window inference (shape: (223, 223, 145), overlap: 0.25)...
2026-09-29 00:44:53,185 [INFO]   [Val Case 4/50] Finished in 0.28s | Dice Score: 0.0071
2026-09-29 00:44:53,935 [INFO]   [Val Case 5/50] Running sliding-window inference (shape: (223, 223, 145), overlap: 0.25)...
2026-09-29 00:44:54,193 [INFO]   [Val Case 5/50] Finished in 0.30s | Dice Score: 0.3730
2026-09-29 00:44:54,234 [INFO]   [Val Case 6/50] Running sliding-window inference (shape: (229, 229, 116), overlap: 0.25)...
2026-09-29 00:44:54,451 [INFO]   [Val Case 6/50] Finished in 0.24s | Dice Score: 0.0205
2026-09-29 00:44:54,655 [INFO]   [Val Case 7/50] Running sliding-window inference (shape: (229, 229, 116), overlap: 0.25)...
2026-09-29 00:44:54,856 [INFO]   [Val Case 7/50] Finished in 0.23s | Dice Score: 0.0750
2026-09-29 00:44:54,898 [INFO]   [Val Case 8/50] Running sliding-window inference (shape: (220, 220, 140), overlap: 0.25)...
2026-09-29 00:44:55,144 [INFO]   [Val Case 8/50] Finished in 0.28s | Dice Score: 0.0149
2026-09-29 00:44:55,801 [INFO]   [Val Case 9/50] Running sliding-window inference (shape: (223, 223, 143), overlap: 0.25)...
2026-09-29 00:44:56,040 [INFO]   [Val Case 9/50] Finished in 0.27s | Dice Score: 0.0374
2026-09-29 00:44:56,104 [INFO]   [Val Case 10/50] Running sliding-window inference (shape: (255, 255, 143), overlap: 0.25)...
2026-09-29 00:44:56,516 [INFO]   [Val Case 10/50] Finished in 0.46s | Dice Score: 0.1032
2026-09-29 00:44:56,645 [INFO]   [Val Case 11/50] Running sliding-window inference (shape: (239, 239, 125), overlap: 0.25)...
2026-09-29 00:44:56,869 [INFO]   [Val Case 11/50] Finished in 0.26s | Dice Score: 0.5946
2026-09-29 00:44:56,921 [INFO]   [Val Case 12/50] Running sliding-window inference (shape: (223, 223, 143), overlap: 0.25)...
2026-09-29 00:44:57,170 [INFO]   [Val Case 12/50] Finished in 0.28s | Dice Score: 0.3095
2026-09-29 00:44:57,825 [INFO]   [Val Case 13/50] Running sliding-window inference (shape: (223, 223, 143), overlap: 0.25)...
2026-09-29 00:44:58,067 [INFO]   [Val Case 13/50] Finished in 0.28s | Dice Score: 0.4280
2026-09-29 00:44:58,147 [INFO]   [Val Case 14/50] Running sliding-window inference (shape: (229, 229, 116), overlap: 0.25)...
2026-09-29 00:44:58,358 [INFO]   [Val Case 14/50] Finished in 0.27s | Dice Score: 0.0495
2026-09-29 00:44:58,987 [INFO]   [Val Case 15/50] Running sliding-window inference (shape: (223, 223, 143), overlap: 0.25)...
2026-09-29 00:44:59,226 [INFO]   [Val Case 15/50] Finished in 0.28s | Dice Score: 0.0133
2026-09-29 00:44:59,274 [INFO]   [Val Case 16/50] Running sliding-window inference (shape: (223, 223, 143), overlap: 0.25)...
2026-09-29 00:44:59,519 [INFO]   [Val Case 16/50] Finished in 0.28s | Dice Score: 0.0273
2026-09-29 00:44:59,707 [INFO]   [Val Case 17/50] Running sliding-window inference (shape: (229, 229, 116), overlap: 0.25)...
2026-09-29 00:44:59,924 [INFO]   [Val Case 17/50] Finished in 0.25s | Dice Score: 0.2371
2026-09-29 00:44:59,970 [INFO]   [Val Case 18/50] Running sliding-window inference (shape: (223, 223, 143), overlap: 0.25)...
2026-09-29 00:45:00,211 [INFO]   [Val Case 18/50] Finished in 0.27s | Dice Score: 0.0012
2026-09-29 00:45:00,823 [INFO]   [Val Case 19/50] Running sliding-window inference (shape: (223, 223, 143), overlap: 0.25)...
2026-09-29 00:45:01,108 [INFO]   [Val Case 19/50] Finished in 0.32s | Dice Score: 0.1748
2026-09-29 00:45:01,159 [INFO]   [Val Case 20/50] Running sliding-window inference (shape: (223, 223, 145), overlap: 0.25)...
2026-09-29 00:45:01,406 [INFO]   [Val Case 20/50] Finished in 0.28s | Dice Score: 0.1035
2026-09-29 00:45:01,661 [INFO]   [Val Case 21/50] Running sliding-window inference (shape: (220, 220, 140), overlap: 0.25)...
2026-09-29 00:45:01,925 [INFO]   [Val Case 21/50] Finished in 0.30s | Dice Score: 0.1210
2026-09-29 00:45:01,986 [INFO]   [Val Case 22/50] Running sliding-window inference (shape: (223, 223, 143), overlap: 0.25)...
2026-09-29 00:45:02,246 [INFO]   [Val Case 22/50] Finished in 0.31s | Dice Score: 0.1031
2026-09-29 00:45:02,732 [INFO]   [Val Case 23/50] Running sliding-window inference (shape: (223, 223, 145), overlap: 0.25)...
2026-09-29 00:45:02,977 [INFO]   [Val Case 23/50] Finished in 0.29s | Dice Score: 0.0000
2026-09-29 00:45:03,028 [INFO]   [Val Case 24/50] Running sliding-window inference (shape: (223, 223, 143), overlap: 0.25)...
2026-09-29 00:45:03,281 [INFO]   [Val Case 24/50] Finished in 0.29s | Dice Score: 0.0012
2026-09-29 00:45:03,952 [INFO]   [Val Case 25/50] Running sliding-window inference (shape: (223, 223, 143), overlap: 0.25)...
2026-09-29 00:45:04,218 [INFO]   [Val Case 25/50] Finished in 0.30s | Dice Score: 0.0028
2026-09-29 00:45:04,293 [INFO]   [Val Case 26/50] Running sliding-window inference (shape: (259, 259, 129), overlap: 0.25)...
2026-09-29 00:45:04,719 [INFO]   [Val Case 26/50] Finished in 0.48s | Dice Score: 0.0000
2026-09-29 00:45:05,139 [INFO]   [Val Case 27/50] Running sliding-window inference (shape: (223, 223, 143), overlap: 0.25)...
2026-09-29 00:45:05,410 [INFO]   [Val Case 27/50] Finished in 0.30s | Dice Score: 0.0083
2026-09-29 00:45:05,467 [INFO]   [Val Case 28/50] Running sliding-window inference (shape: (223, 223, 145), overlap: 0.25)...
2026-09-29 00:45:05,723 [INFO]   [Val Case 28/50] Finished in 0.30s | Dice Score: 0.0899
2026-09-29 00:45:05,980 [INFO]   [Val Case 29/50] Running sliding-window inference (shape: (223, 223, 145), overlap: 0.25)...
2026-09-29 00:45:06,260 [INFO]   [Val Case 29/50] Finished in 0.32s | Dice Score: 0.3795
2026-09-29 00:45:06,308 [INFO]   [Val Case 30/50] Running sliding-window inference (shape: (223, 223, 145), overlap: 0.25)...
2026-09-29 00:45:06,562 [INFO]   [Val Case 30/50] Finished in 0.29s | Dice Score: 0.0467
2026-09-29 00:45:06,808 [INFO]   [Val Case 31/50] Running sliding-window inference (shape: (220, 220, 140), overlap: 0.25)...
2026-09-29 00:45:07,054 [INFO]   [Val Case 31/50] Finished in 0.28s | Dice Score: 0.0833
2026-09-29 00:45:07,176 [INFO]   [Val Case 32/50] Running sliding-window inference (shape: (223, 223, 145), overlap: 0.25)...
2026-09-29 00:45:07,423 [INFO]   [Val Case 32/50] Finished in 0.28s | Dice Score: 0.0110
2026-09-29 00:45:07,698 [INFO]   [Val Case 33/50] Running sliding-window inference (shape: (229, 229, 139), overlap: 0.25)...
2026-09-29 00:45:07,966 [INFO]   [Val Case 33/50] Finished in 0.30s | Dice Score: 0.0223
2026-09-29 00:45:08,351 [INFO]   [Val Case 34/50] Running sliding-window inference (shape: (223, 223, 143), overlap: 0.25)...
2026-09-29 00:45:08,607 [INFO]   [Val Case 34/50] Finished in 0.29s | Dice Score: 0.0539
2026-09-29 00:45:08,924 [INFO]   [Val Case 35/50] Running sliding-window inference (shape: (223, 223, 143), overlap: 0.25)...
2026-09-29 00:45:09,172 [INFO]   [Val Case 35/50] Finished in 0.28s | Dice Score: 0.0284
2026-09-29 00:45:09,573 [INFO]   [Val Case 36/50] Running sliding-window inference (shape: (223, 223, 145), overlap: 0.25)...
2026-09-29 00:45:09,820 [INFO]   [Val Case 36/50] Finished in 0.28s | Dice Score: 0.0054
2026-09-29 00:45:10,099 [INFO]   [Val Case 37/50] Running sliding-window inference (shape: (223, 223, 143), overlap: 0.25)...
2026-09-29 00:45:10,342 [INFO]   [Val Case 37/50] Finished in 0.28s | Dice Score: 0.3799
2026-09-29 00:45:10,384 [INFO]   [Val Case 38/50] Running sliding-window inference (shape: (229, 229, 116), overlap: 0.25)...
2026-09-29 00:45:10,612 [INFO]   [Val Case 38/50] Finished in 0.25s | Dice Score: 0.0824
2026-09-29 00:45:11,299 [INFO]   [Val Case 39/50] Running sliding-window inference (shape: (223, 223, 151), overlap: 0.25)...
2026-09-29 00:45:11,541 [INFO]   [Val Case 39/50] Finished in 0.28s | Dice Score: 0.0952
2026-09-29 00:45:11,591 [INFO]   [Val Case 40/50] Running sliding-window inference (shape: (223, 223, 143), overlap: 0.25)...
2026-09-29 00:45:11,877 [INFO]   [Val Case 40/50] Finished in 0.32s | Dice Score: 0.0373
2026-09-29 00:45:12,550 [INFO]   [Val Case 41/50] Running sliding-window inference (shape: (223, 223, 143), overlap: 0.25)...
2026-09-29 00:45:12,823 [INFO]   [Val Case 41/50] Finished in 0.31s | Dice Score: 0.0070
2026-09-29 00:45:12,870 [INFO]   [Val Case 42/50] Running sliding-window inference (shape: (223, 223, 143), overlap: 0.25)...
2026-09-29 00:45:13,144 [INFO]   [Val Case 42/50] Finished in 0.31s | Dice Score: 0.0777
2026-09-29 00:45:13,783 [INFO]   [Val Case 43/50] Running sliding-window inference (shape: (223, 223, 145), overlap: 0.25)...
2026-09-29 00:45:14,033 [INFO]   [Val Case 43/50] Finished in 0.28s | Dice Score: 0.0642
2026-09-29 00:45:14,079 [INFO]   [Val Case 44/50] Running sliding-window inference (shape: (229, 229, 116), overlap: 0.25)...
2026-09-29 00:45:14,307 [INFO]   [Val Case 44/50] Finished in 0.26s | Dice Score: 0.1474
2026-09-29 00:45:14,980 [INFO]   [Val Case 45/50] Running sliding-window inference (shape: (223, 223, 143), overlap: 0.25)...
2026-09-29 00:45:15,248 [INFO]   [Val Case 45/50] Finished in 0.30s | Dice Score: 0.4038
2026-09-29 00:45:15,303 [INFO]   [Val Case 46/50] Running sliding-window inference (shape: (223, 223, 145), overlap: 0.25)...
2026-09-29 00:45:15,552 [INFO]   [Val Case 46/50] Finished in 0.29s | Dice Score: 0.1299
2026-09-29 00:45:16,142 [INFO]   [Val Case 47/50] Running sliding-window inference (shape: (223, 223, 145), overlap: 0.25)...
2026-09-29 00:45:16,408 [INFO]   [Val Case 47/50] Finished in 0.30s | Dice Score: 0.0062
2026-09-29 00:45:16,457 [INFO]   [Val Case 48/50] Running sliding-window inference (shape: (223, 223, 143), overlap: 0.25)...
2026-09-29 00:45:16,738 [INFO]   [Val Case 48/50] Finished in 0.31s | Dice Score: 0.0080
2026-09-29 00:45:17,274 [INFO]   [Val Case 49/50] Running sliding-window inference (shape: (223, 223, 143), overlap: 0.25)...
2026-09-29 00:45:17,499 [INFO]   [Val Case 49/50] Finished in 0.25s | Dice Score: 0.0011
2026-09-29 00:45:17,540 [INFO]   [Val Case 50/50] Running sliding-window inference (shape: (223, 223, 143), overlap: 0.25)...
2026-09-29 00:45:17,766 [INFO]   [Val Case 50/50] Finished in 0.25s | Dice Score: 0.2025
2026-09-29 00:45:18,382 [INFO] Epoch 3 Validation (34.9s): Mean Dice: 0.1040 (50 subjects)
2026-09-29 00:45:18,412 [INFO] --> New best metric model saved (Dice: 0.1040) at G:\PROJECT\PBL6-main\experiments\runs\segresnet_fold0_20260929_003648\best_metric_model.pth
2026-09-29 00:45:18,442 [INFO] ---------------------------------------------------------------------------
2026-09-29 00:45:18,442 [INFO] Starting Epoch 4/30 (LR: 9.76e-04)...
2026-09-29 00:45:42,804 [INFO]     [Train Batch 25/200] Step Loss: 0.9309 | Running Avg Loss: 0.7905
2026-09-29 00:45:55,578 [INFO]     [Train Batch 50/200] Step Loss: 0.3607 | Running Avg Loss: 0.7640
2026-09-29 00:46:08,911 [INFO]     [Train Batch 75/200] Step Loss: 0.7083 | Running Avg Loss: 0.7451
2026-09-29 00:46:22,142 [INFO]     [Train Batch 100/200] Step Loss: 0.6795 | Running Avg Loss: 0.7318
2026-09-29 00:46:39,673 [INFO]     [Train Batch 125/200] Step Loss: 0.9158 | Running Avg Loss: 0.7135
2026-09-29 00:46:53,347 [INFO]     [Train Batch 150/200] Step Loss: 0.3971 | Running Avg Loss: 0.7198
2026-09-29 00:47:06,663 [INFO]     [Train Batch 175/200] Step Loss: 0.6521 | Running Avg Loss: 0.7136
2026-09-29 00:47:23,751 [INFO]     [Train Batch 200/200] Step Loss: 0.9973 | Running Avg Loss: 0.7065
2026-09-29 00:47:24,474 [INFO] Epoch 4/30 (126.0s) - Train Loss: 0.7065 | LR: 9.57e-04
2026-09-29 00:47:32,393 [INFO]   [Val Case 1/50] Running sliding-window inference (shape: (223, 223, 145), overlap: 0.25)...
2026-09-29 00:47:32,835 [INFO]   [Val Case 1/50] Finished in 0.51s | Dice Score: 0.0655
2026-09-29 00:47:32,893 [INFO]   [Val Case 2/50] Running sliding-window inference (shape: (223, 223, 145), overlap: 0.25)...
2026-09-29 00:47:33,135 [INFO]   [Val Case 2/50] Finished in 0.28s | Dice Score: 0.0074
2026-09-29 00:47:33,552 [INFO]   [Val Case 3/50] Running sliding-window inference (shape: (223, 223, 143), overlap: 0.25)...
2026-09-29 00:47:33,805 [INFO]   [Val Case 3/50] Finished in 0.28s | Dice Score: 0.0396
2026-09-29 00:47:33,851 [INFO]   [Val Case 4/50] Running sliding-window inference (shape: (223, 223, 145), overlap: 0.25)...
2026-09-29 00:47:34,099 [INFO]   [Val Case 4/50] Finished in 0.28s | Dice Score: 0.0365
2026-09-29 00:47:34,807 [INFO]   [Val Case 5/50] Running sliding-window inference (shape: (223, 223, 145), overlap: 0.25)...
2026-09-29 00:47:35,047 [INFO]   [Val Case 5/50] Finished in 0.27s | Dice Score: 0.7909
2026-09-29 00:47:35,089 [INFO]   [Val Case 6/50] Running sliding-window inference (shape: (229, 229, 116), overlap: 0.25)...
2026-09-29 00:47:35,289 [INFO]   [Val Case 6/50] Finished in 0.23s | Dice Score: 0.0353
2026-09-29 00:47:35,575 [INFO]   [Val Case 7/50] Running sliding-window inference (shape: (229, 229, 116), overlap: 0.25)...
2026-09-29 00:47:35,769 [INFO]   [Val Case 7/50] Finished in 0.22s | Dice Score: 0.2693
2026-09-29 00:47:35,811 [INFO]   [Val Case 8/50] Running sliding-window inference (shape: (220, 220, 140), overlap: 0.25)...
2026-09-29 00:47:36,065 [INFO]   [Val Case 8/50] Finished in 0.28s | Dice Score: 0.0520
2026-09-29 00:47:36,726 [INFO]   [Val Case 9/50] Running sliding-window inference (shape: (223, 223, 143), overlap: 0.25)...
2026-09-29 00:47:36,975 [INFO]   [Val Case 9/50] Finished in 0.28s | Dice Score: 0.1366
2026-09-29 00:47:37,038 [INFO]   [Val Case 10/50] Running sliding-window inference (shape: (255, 255, 143), overlap: 0.25)...
2026-09-29 00:47:37,448 [INFO]   [Val Case 10/50] Finished in 0.45s | Dice Score: 0.3449
2026-09-29 00:47:37,558 [INFO]   [Val Case 11/50] Running sliding-window inference (shape: (239, 239, 125), overlap: 0.25)...
2026-09-29 00:47:37,762 [INFO]   [Val Case 11/50] Finished in 0.24s | Dice Score: 0.6067
2026-09-29 00:47:37,806 [INFO]   [Val Case 12/50] Running sliding-window inference (shape: (223, 223, 143), overlap: 0.25)...
2026-09-29 00:47:38,058 [INFO]   [Val Case 12/50] Finished in 0.28s | Dice Score: 0.6790
2026-09-29 00:47:38,717 [INFO]   [Val Case 13/50] Running sliding-window inference (shape: (223, 223, 143), overlap: 0.25)...
2026-09-29 00:47:38,958 [INFO]   [Val Case 13/50] Finished in 0.28s | Dice Score: 0.6719
2026-09-29 00:47:39,000 [INFO]   [Val Case 14/50] Running sliding-window inference (shape: (229, 229, 116), overlap: 0.25)...
2026-09-29 00:47:39,213 [INFO]   [Val Case 14/50] Finished in 0.24s | Dice Score: 0.2284
2026-09-29 00:47:39,847 [INFO]   [Val Case 15/50] Running sliding-window inference (shape: (223, 223, 143), overlap: 0.25)...
2026-09-29 00:47:40,091 [INFO]   [Val Case 15/50] Finished in 0.28s | Dice Score: 0.0853
2026-09-29 00:47:40,140 [INFO]   [Val Case 16/50] Running sliding-window inference (shape: (223, 223, 143), overlap: 0.25)...
2026-09-29 00:47:40,381 [INFO]   [Val Case 16/50] Finished in 0.27s | Dice Score: 0.1129
2026-09-29 00:47:40,573 [INFO]   [Val Case 17/50] Running sliding-window inference (shape: (229, 229, 116), overlap: 0.25)...
2026-09-29 00:47:40,767 [INFO]   [Val Case 17/50] Finished in 0.22s | Dice Score: 0.5880
2026-09-29 00:47:40,832 [INFO]   [Val Case 18/50] Running sliding-window inference (shape: (223, 223, 143), overlap: 0.25)...
2026-09-29 00:47:41,085 [INFO]   [Val Case 18/50] Finished in 0.30s | Dice Score: 0.0076
2026-09-29 00:47:41,765 [INFO]   [Val Case 19/50] Running sliding-window inference (shape: (223, 223, 143), overlap: 0.25)...
2026-09-29 00:47:42,015 [INFO]   [Val Case 19/50] Finished in 0.28s | Dice Score: 0.3543
2026-09-29 00:47:42,068 [INFO]   [Val Case 20/50] Running sliding-window inference (shape: (223, 223, 145), overlap: 0.25)...
2026-09-29 00:47:42,310 [INFO]   [Val Case 20/50] Finished in 0.28s | Dice Score: 0.3586
2026-09-29 00:47:42,619 [INFO]   [Val Case 21/50] Running sliding-window inference (shape: (220, 220, 140), overlap: 0.25)...
2026-09-29 00:47:42,895 [INFO]   [Val Case 21/50] Finished in 0.31s | Dice Score: 0.2848
2026-09-29 00:47:42,957 [INFO]   [Val Case 22/50] Running sliding-window inference (shape: (223, 223, 143), overlap: 0.25)...
2026-09-29 00:47:43,231 [INFO]   [Val Case 22/50] Finished in 0.32s | Dice Score: 0.3801
2026-09-29 00:47:43,737 [INFO]   [Val Case 23/50] Running sliding-window inference (shape: (223, 223, 145), overlap: 0.25)...
2026-09-29 00:47:44,000 [INFO]   [Val Case 23/50] Finished in 0.30s | Dice Score: 0.0000
2026-09-29 00:47:44,058 [INFO]   [Val Case 24/50] Running sliding-window inference (shape: (223, 223, 143), overlap: 0.25)...
2026-09-29 00:47:44,313 [INFO]   [Val Case 24/50] Finished in 0.30s | Dice Score: 0.0068
2026-09-29 00:47:44,962 [INFO]   [Val Case 25/50] Running sliding-window inference (shape: (223, 223, 143), overlap: 0.25)...
2026-09-29 00:47:45,216 [INFO]   [Val Case 25/50] Finished in 0.29s | Dice Score: 0.0194
2026-09-29 00:47:45,287 [INFO]   [Val Case 26/50] Running sliding-window inference (shape: (259, 259, 129), overlap: 0.25)...
2026-09-29 00:47:45,708 [INFO]   [Val Case 26/50] Finished in 0.47s | Dice Score: 0.0000
2026-09-29 00:47:46,161 [INFO]   [Val Case 27/50] Running sliding-window inference (shape: (223, 223, 143), overlap: 0.25)...
2026-09-29 00:47:46,424 [INFO]   [Val Case 27/50] Finished in 0.30s | Dice Score: 0.0329
2026-09-29 00:47:46,487 [INFO]   [Val Case 28/50] Running sliding-window inference (shape: (223, 223, 145), overlap: 0.25)...
2026-09-29 00:47:46,739 [INFO]   [Val Case 28/50] Finished in 0.29s | Dice Score: 0.2863
2026-09-29 00:47:46,995 [INFO]   [Val Case 29/50] Running sliding-window inference (shape: (223, 223, 145), overlap: 0.25)...
2026-09-29 00:47:47,260 [INFO]   [Val Case 29/50] Finished in 0.30s | Dice Score: 0.4994
2026-09-29 00:47:47,307 [INFO]   [Val Case 30/50] Running sliding-window inference (shape: (223, 223, 145), overlap: 0.25)...
2026-09-29 00:47:47,565 [INFO]   [Val Case 30/50] Finished in 0.29s | Dice Score: 0.2254
2026-09-29 00:47:47,847 [INFO]   [Val Case 31/50] Running sliding-window inference (shape: (220, 220, 140), overlap: 0.25)...
2026-09-29 00:47:48,115 [INFO]   [Val Case 31/50] Finished in 0.31s | Dice Score: 0.5877
2026-09-29 00:47:48,192 [INFO]   [Val Case 32/50] Running sliding-window inference (shape: (223, 223, 145), overlap: 0.25)...
2026-09-29 00:47:48,448 [INFO]   [Val Case 32/50] Finished in 0.30s | Dice Score: 0.0563
2026-09-29 00:47:48,736 [INFO]   [Val Case 33/50] Running sliding-window inference (shape: (229, 229, 139), overlap: 0.25)...
2026-09-29 00:47:48,988 [INFO]   [Val Case 33/50] Finished in 0.29s | Dice Score: 0.0584
2026-09-29 00:47:49,382 [INFO]   [Val Case 34/50] Running sliding-window inference (shape: (223, 223, 143), overlap: 0.25)...
2026-09-29 00:47:49,640 [INFO]   [Val Case 34/50] Finished in 0.29s | Dice Score: 0.1096
2026-09-29 00:47:49,965 [INFO]   [Val Case 35/50] Running sliding-window inference (shape: (223, 223, 143), overlap: 0.25)...
2026-09-29 00:47:50,213 [INFO]   [Val Case 35/50] Finished in 0.29s | Dice Score: 0.1098
2026-09-29 00:47:50,644 [INFO]   [Val Case 36/50] Running sliding-window inference (shape: (223, 223, 145), overlap: 0.25)...
2026-09-29 00:47:50,896 [INFO]   [Val Case 36/50] Finished in 0.29s | Dice Score: 0.0346
2026-09-29 00:47:51,131 [INFO]   [Val Case 37/50] Running sliding-window inference (shape: (223, 223, 143), overlap: 0.25)...
2026-09-29 00:47:51,372 [INFO]   [Val Case 37/50] Finished in 0.27s | Dice Score: 0.6567
2026-09-29 00:47:51,415 [INFO]   [Val Case 38/50] Running sliding-window inference (shape: (229, 229, 116), overlap: 0.25)...
2026-09-29 00:47:51,638 [INFO]   [Val Case 38/50] Finished in 0.25s | Dice Score: 0.2760
2026-09-29 00:47:52,322 [INFO]   [Val Case 39/50] Running sliding-window inference (shape: (223, 223, 151), overlap: 0.25)...
2026-09-29 00:47:52,566 [INFO]   [Val Case 39/50] Finished in 0.28s | Dice Score: 0.2984
2026-09-29 00:47:52,615 [INFO]   [Val Case 40/50] Running sliding-window inference (shape: (223, 223, 143), overlap: 0.25)...
2026-09-29 00:47:52,877 [INFO]   [Val Case 40/50] Finished in 0.29s | Dice Score: 0.1322
2026-09-29 00:47:53,491 [INFO]   [Val Case 41/50] Running sliding-window inference (shape: (223, 223, 143), overlap: 0.25)...
2026-09-29 00:47:53,745 [INFO]   [Val Case 41/50] Finished in 0.28s | Dice Score: 0.0380
2026-09-29 00:47:53,797 [INFO]   [Val Case 42/50] Running sliding-window inference (shape: (223, 223, 143), overlap: 0.25)...
2026-09-29 00:47:54,070 [INFO]   [Val Case 42/50] Finished in 0.31s | Dice Score: 0.3647
2026-09-29 00:47:54,754 [INFO]   [Val Case 43/50] Running sliding-window inference (shape: (223, 223, 145), overlap: 0.25)...
2026-09-29 00:47:55,005 [INFO]   [Val Case 43/50] Finished in 0.28s | Dice Score: 0.2239
2026-09-29 00:47:55,051 [INFO]   [Val Case 44/50] Running sliding-window inference (shape: (229, 229, 116), overlap: 0.25)...
2026-09-29 00:47:55,275 [INFO]   [Val Case 44/50] Finished in 0.25s | Dice Score: 0.3772
2026-09-29 00:47:55,937 [INFO]   [Val Case 45/50] Running sliding-window inference (shape: (223, 223, 143), overlap: 0.25)...
2026-09-29 00:47:56,196 [INFO]   [Val Case 45/50] Finished in 0.29s | Dice Score: 0.4795
2026-09-29 00:47:56,256 [INFO]   [Val Case 46/50] Running sliding-window inference (shape: (223, 223, 145), overlap: 0.25)...
2026-09-29 00:47:56,507 [INFO]   [Val Case 46/50] Finished in 0.29s | Dice Score: 0.2640
2026-09-29 00:47:57,047 [INFO]   [Val Case 47/50] Running sliding-window inference (shape: (223, 223, 145), overlap: 0.25)...
2026-09-29 00:47:57,310 [INFO]   [Val Case 47/50] Finished in 0.29s | Dice Score: 0.0366
2026-09-29 00:47:57,369 [INFO]   [Val Case 48/50] Running sliding-window inference (shape: (223, 223, 143), overlap: 0.25)...
2026-09-29 00:47:57,629 [INFO]   [Val Case 48/50] Finished in 0.30s | Dice Score: 0.0489
2026-09-29 00:47:58,176 [INFO]   [Val Case 49/50] Running sliding-window inference (shape: (223, 223, 143), overlap: 0.25)...
2026-09-29 00:47:58,401 [INFO]   [Val Case 49/50] Finished in 0.25s | Dice Score: 0.0011
2026-09-29 00:47:58,443 [INFO]   [Val Case 50/50] Running sliding-window inference (shape: (223, 223, 143), overlap: 0.25)...
2026-09-29 00:47:58,672 [INFO]   [Val Case 50/50] Finished in 0.26s | Dice Score: 0.5432
2026-09-29 00:47:59,341 [INFO] Epoch 4 Validation (34.9s): Mean Dice: 0.2381 (50 subjects)
2026-09-29 00:47:59,372 [INFO] --> New best metric model saved (Dice: 0.2381) at G:\PROJECT\PBL6-main\experiments\runs\segresnet_fold0_20260929_003648\best_metric_model.pth
2026-09-29 00:47:59,402 [INFO] ---------------------------------------------------------------------------
2026-09-29 00:47:59,402 [INFO] Starting Epoch 5/30 (LR: 9.57e-04)...
2026-09-29 00:48:28,070 [INFO]     [Train Batch 25/200] Step Loss: 0.6552 | Running Avg Loss: 0.6851
2026-09-29 00:48:40,084 [INFO]     [Train Batch 50/200] Step Loss: 0.9821 | Running Avg Loss: 0.6495
2026-09-29 00:48:53,616 [INFO]     [Train Batch 75/200] Step Loss: 0.6673 | Running Avg Loss: 0.6453
2026-09-29 00:49:10,670 [INFO]     [Train Batch 100/200] Step Loss: 0.4129 | Running Avg Loss: 0.6563
2026-09-29 00:49:23,297 [INFO]     [Train Batch 125/200] Step Loss: 0.6572 | Running Avg Loss: 0.6523
2026-09-29 00:49:36,146 [INFO]     [Train Batch 150/200] Step Loss: 1.0000 | Running Avg Loss: 0.6613
2026-09-29 00:49:49,105 [INFO]     [Train Batch 175/200] Step Loss: 0.1081 | Running Avg Loss: 0.6555
2026-09-29 00:50:03,197 [INFO]     [Train Batch 200/200] Step Loss: 0.8465 | Running Avg Loss: 0.6550
2026-09-29 00:50:03,915 [INFO] Epoch 5/30 (124.5s) - Train Loss: 0.6550 | LR: 9.33e-04
2026-09-29 00:50:11,705 [INFO]   [Val Case 1/50] Running sliding-window inference (shape: (223, 223, 145), overlap: 0.25)...
2026-09-29 00:50:12,137 [INFO]   [Val Case 1/50] Finished in 0.50s | Dice Score: 0.0284
2026-09-29 00:50:12,206 [INFO]   [Val Case 2/50] Running sliding-window inference (shape: (223, 223, 145), overlap: 0.25)...
2026-09-29 00:50:12,447 [INFO]   [Val Case 2/50] Finished in 0.28s | Dice Score: 0.0020
2026-09-29 00:50:12,901 [INFO]   [Val Case 3/50] Running sliding-window inference (shape: (223, 223, 143), overlap: 0.25)...
2026-09-29 00:50:13,155 [INFO]   [Val Case 3/50] Finished in 0.29s | Dice Score: 0.0200
2026-09-29 00:50:13,234 [INFO]   [Val Case 4/50] Running sliding-window inference (shape: (223, 223, 145), overlap: 0.25)...
2026-09-29 00:50:13,492 [INFO]   [Val Case 4/50] Finished in 0.31s | Dice Score: 0.0126
2026-09-29 00:50:14,113 [INFO]   [Val Case 5/50] Running sliding-window inference (shape: (223, 223, 145), overlap: 0.25)...
2026-09-29 00:50:14,356 [INFO]   [Val Case 5/50] Finished in 0.27s | Dice Score: 0.4891
2026-09-29 00:50:14,398 [INFO]   [Val Case 6/50] Running sliding-window inference (shape: (229, 229, 116), overlap: 0.25)...
2026-09-29 00:50:14,597 [INFO]   [Val Case 6/50] Finished in 0.23s | Dice Score: 0.0261
2026-09-29 00:50:14,797 [INFO]   [Val Case 7/50] Running sliding-window inference (shape: (229, 229, 116), overlap: 0.25)...
2026-09-29 00:50:14,992 [INFO]   [Val Case 7/50] Finished in 0.23s | Dice Score: 0.1319
2026-09-29 00:50:15,034 [INFO]   [Val Case 8/50] Running sliding-window inference (shape: (220, 220, 140), overlap: 0.25)...
2026-09-29 00:50:15,285 [INFO]   [Val Case 8/50] Finished in 0.28s | Dice Score: 0.0275
2026-09-29 00:50:15,893 [INFO]   [Val Case 9/50] Running sliding-window inference (shape: (223, 223, 143), overlap: 0.25)...
2026-09-29 00:50:16,146 [INFO]   [Val Case 9/50] Finished in 0.29s | Dice Score: 0.0573
2026-09-29 00:50:16,213 [INFO]   [Val Case 10/50] Running sliding-window inference (shape: (255, 255, 143), overlap: 0.25)...
2026-09-29 00:50:16,668 [INFO]   [Val Case 10/50] Finished in 0.50s | Dice Score: 0.1576
2026-09-29 00:50:16,732 [INFO]   [Val Case 11/50] Running sliding-window inference (shape: (239, 239, 125), overlap: 0.25)...
2026-09-29 00:50:16,948 [INFO]   [Val Case 11/50] Finished in 0.25s | Dice Score: 0.6110
2026-09-29 00:50:16,998 [INFO]   [Val Case 12/50] Running sliding-window inference (shape: (223, 223, 143), overlap: 0.25)...
2026-09-29 00:50:17,258 [INFO]   [Val Case 12/50] Finished in 0.29s | Dice Score: 0.4179
2026-09-29 00:50:17,836 [INFO]   [Val Case 13/50] Running sliding-window inference (shape: (223, 223, 143), overlap: 0.25)...
2026-09-29 00:50:18,088 [INFO]   [Val Case 13/50] Finished in 0.28s | Dice Score: 0.5164
2026-09-29 00:50:18,135 [INFO]   [Val Case 14/50] Running sliding-window inference (shape: (229, 229, 116), overlap: 0.25)...
2026-09-29 00:50:18,344 [INFO]   [Val Case 14/50] Finished in 0.24s | Dice Score: 0.0841
2026-09-29 00:50:18,954 [INFO]   [Val Case 15/50] Running sliding-window inference (shape: (223, 223, 143), overlap: 0.25)...
2026-09-29 00:50:19,198 [INFO]   [Val Case 15/50] Finished in 0.28s | Dice Score: 0.0219
2026-09-29 00:50:19,246 [INFO]   [Val Case 16/50] Running sliding-window inference (shape: (223, 223, 143), overlap: 0.25)...
2026-09-29 00:50:19,505 [INFO]   [Val Case 16/50] Finished in 0.29s | Dice Score: 0.0553
2026-09-29 00:50:19,665 [INFO]   [Val Case 17/50] Running sliding-window inference (shape: (229, 229, 116), overlap: 0.25)...
2026-09-29 00:50:19,877 [INFO]   [Val Case 17/50] Finished in 0.24s | Dice Score: 0.3512
2026-09-29 00:50:19,928 [INFO]   [Val Case 18/50] Running sliding-window inference (shape: (223, 223, 143), overlap: 0.25)...
2026-09-29 00:50:20,214 [INFO]   [Val Case 18/50] Finished in 0.32s | Dice Score: 0.0024
2026-09-29 00:50:20,877 [INFO]   [Val Case 19/50] Running sliding-window inference (shape: (223, 223, 143), overlap: 0.25)...
2026-09-29 00:50:21,139 [INFO]   [Val Case 19/50] Finished in 0.29s | Dice Score: 0.2186
2026-09-29 00:50:21,199 [INFO]   [Val Case 20/50] Running sliding-window inference (shape: (223, 223, 145), overlap: 0.25)...
2026-09-29 00:50:21,451 [INFO]   [Val Case 20/50] Finished in 0.29s | Dice Score: 0.1616
2026-09-29 00:50:21,706 [INFO]   [Val Case 21/50] Running sliding-window inference (shape: (220, 220, 140), overlap: 0.25)...
2026-09-29 00:50:21,949 [INFO]   [Val Case 21/50] Finished in 0.27s | Dice Score: 0.1721
2026-09-29 00:50:22,006 [INFO]   [Val Case 22/50] Running sliding-window inference (shape: (223, 223, 143), overlap: 0.25)...
2026-09-29 00:50:22,254 [INFO]   [Val Case 22/50] Finished in 0.28s | Dice Score: 0.1710
2026-09-29 00:50:22,811 [INFO]   [Val Case 23/50] Running sliding-window inference (shape: (223, 223, 145), overlap: 0.25)...
2026-09-29 00:50:23,058 [INFO]   [Val Case 23/50] Finished in 0.29s | Dice Score: 0.0000
2026-09-29 00:50:23,115 [INFO]   [Val Case 24/50] Running sliding-window inference (shape: (223, 223, 143), overlap: 0.25)...
2026-09-29 00:50:23,385 [INFO]   [Val Case 24/50] Finished in 0.30s | Dice Score: 0.0026
2026-09-29 00:50:24,088 [INFO]   [Val Case 25/50] Running sliding-window inference (shape: (223, 223, 143), overlap: 0.25)...
2026-09-29 00:50:24,343 [INFO]   [Val Case 25/50] Finished in 0.29s | Dice Score: 0.0055
2026-09-29 00:50:24,416 [INFO]   [Val Case 26/50] Running sliding-window inference (shape: (259, 259, 129), overlap: 0.25)...
2026-09-29 00:50:24,844 [INFO]   [Val Case 26/50] Finished in 0.48s | Dice Score: 0.0000
2026-09-29 00:50:25,282 [INFO]   [Val Case 27/50] Running sliding-window inference (shape: (223, 223, 143), overlap: 0.25)...
2026-09-29 00:50:25,557 [INFO]   [Val Case 27/50] Finished in 0.31s | Dice Score: 0.0144
2026-09-29 00:50:25,615 [INFO]   [Val Case 28/50] Running sliding-window inference (shape: (223, 223, 145), overlap: 0.25)...
2026-09-29 00:50:25,869 [INFO]   [Val Case 28/50] Finished in 0.29s | Dice Score: 0.1223
2026-09-29 00:50:26,135 [INFO]   [Val Case 29/50] Running sliding-window inference (shape: (223, 223, 145), overlap: 0.25)...
2026-09-29 00:50:26,388 [INFO]   [Val Case 29/50] Finished in 0.29s | Dice Score: 0.4267
2026-09-29 00:50:26,438 [INFO]   [Val Case 30/50] Running sliding-window inference (shape: (223, 223, 145), overlap: 0.25)...
2026-09-29 00:50:26,697 [INFO]   [Val Case 30/50] Finished in 0.29s | Dice Score: 0.0691
2026-09-29 00:50:26,936 [INFO]   [Val Case 31/50] Running sliding-window inference (shape: (220, 220, 140), overlap: 0.25)...
2026-09-29 00:50:27,192 [INFO]   [Val Case 31/50] Finished in 0.29s | Dice Score: 0.1671
2026-09-29 00:50:27,251 [INFO]   [Val Case 32/50] Running sliding-window inference (shape: (223, 223, 145), overlap: 0.25)...
2026-09-29 00:50:27,513 [INFO]   [Val Case 32/50] Finished in 0.29s | Dice Score: 0.0175
2026-09-29 00:50:27,820 [INFO]   [Val Case 33/50] Running sliding-window inference (shape: (229, 229, 139), overlap: 0.25)...
2026-09-29 00:50:28,067 [INFO]   [Val Case 33/50] Finished in 0.28s | Dice Score: 0.0342
2026-09-29 00:50:28,470 [INFO]   [Val Case 34/50] Running sliding-window inference (shape: (223, 223, 143), overlap: 0.25)...
2026-09-29 00:50:28,731 [INFO]   [Val Case 34/50] Finished in 0.29s | Dice Score: 0.0850
2026-09-29 00:50:29,034 [INFO]   [Val Case 35/50] Running sliding-window inference (shape: (223, 223, 143), overlap: 0.25)...
2026-09-29 00:50:29,308 [INFO]   [Val Case 35/50] Finished in 0.30s | Dice Score: 0.0570
2026-09-29 00:50:29,688 [INFO]   [Val Case 36/50] Running sliding-window inference (shape: (223, 223, 145), overlap: 0.25)...
2026-09-29 00:50:29,943 [INFO]   [Val Case 36/50] Finished in 0.29s | Dice Score: 0.0086
2026-09-29 00:50:30,213 [INFO]   [Val Case 37/50] Running sliding-window inference (shape: (223, 223, 143), overlap: 0.25)...
2026-09-29 00:50:30,454 [INFO]   [Val Case 37/50] Finished in 0.27s | Dice Score: 0.4498
2026-09-29 00:50:30,499 [INFO]   [Val Case 38/50] Running sliding-window inference (shape: (229, 229, 116), overlap: 0.25)...
2026-09-29 00:50:30,739 [INFO]   [Val Case 38/50] Finished in 0.27s | Dice Score: 0.1476
2026-09-29 00:50:31,420 [INFO]   [Val Case 39/50] Running sliding-window inference (shape: (223, 223, 151), overlap: 0.25)...
2026-09-29 00:50:31,663 [INFO]   [Val Case 39/50] Finished in 0.28s | Dice Score: 0.1302
2026-09-29 00:50:31,712 [INFO]   [Val Case 40/50] Running sliding-window inference (shape: (223, 223, 143), overlap: 0.25)...
2026-09-29 00:50:31,984 [INFO]   [Val Case 40/50] Finished in 0.30s | Dice Score: 0.0604
2026-09-29 00:50:32,592 [INFO]   [Val Case 41/50] Running sliding-window inference (shape: (223, 223, 143), overlap: 0.25)...
2026-09-29 00:50:32,841 [INFO]   [Val Case 41/50] Finished in 0.28s | Dice Score: 0.0120
2026-09-29 00:50:32,887 [INFO]   [Val Case 42/50] Running sliding-window inference (shape: (223, 223, 143), overlap: 0.25)...
2026-09-29 00:50:33,173 [INFO]   [Val Case 42/50] Finished in 0.32s | Dice Score: 0.1402
2026-09-29 00:50:33,879 [INFO]   [Val Case 43/50] Running sliding-window inference (shape: (223, 223, 145), overlap: 0.25)...
2026-09-29 00:50:34,128 [INFO]   [Val Case 43/50] Finished in 0.28s | Dice Score: 0.1082
2026-09-29 00:50:34,174 [INFO]   [Val Case 44/50] Running sliding-window inference (shape: (229, 229, 116), overlap: 0.25)...
2026-09-29 00:50:34,402 [INFO]   [Val Case 44/50] Finished in 0.26s | Dice Score: 0.2211
2026-09-29 00:50:35,001 [INFO]   [Val Case 45/50] Running sliding-window inference (shape: (223, 223, 143), overlap: 0.25)...
2026-09-29 00:50:35,258 [INFO]   [Val Case 45/50] Finished in 0.29s | Dice Score: 0.4168
2026-09-29 00:50:35,316 [INFO]   [Val Case 46/50] Running sliding-window inference (shape: (223, 223, 145), overlap: 0.25)...
2026-09-29 00:50:35,566 [INFO]   [Val Case 46/50] Finished in 0.29s | Dice Score: 0.1848
2026-09-29 00:50:36,111 [INFO]   [Val Case 47/50] Running sliding-window inference (shape: (223, 223, 145), overlap: 0.25)...
2026-09-29 00:50:36,362 [INFO]   [Val Case 47/50] Finished in 0.28s | Dice Score: 0.0086
2026-09-29 00:50:36,460 [INFO]   [Val Case 48/50] Running sliding-window inference (shape: (223, 223, 143), overlap: 0.25)...
2026-09-29 00:50:36,726 [INFO]   [Val Case 48/50] Finished in 0.33s | Dice Score: 0.0138
2026-09-29 00:50:37,322 [INFO]   [Val Case 49/50] Running sliding-window inference (shape: (223, 223, 143), overlap: 0.25)...
2026-09-29 00:50:37,552 [INFO]   [Val Case 49/50] Finished in 0.26s | Dice Score: 0.0020
2026-09-29 00:50:37,597 [INFO]   [Val Case 50/50] Running sliding-window inference (shape: (223, 223, 143), overlap: 0.25)...
2026-09-29 00:50:37,825 [INFO]   [Val Case 50/50] Finished in 0.26s | Dice Score: 0.3071
2026-09-29 00:50:38,436 [INFO] Epoch 5 Validation (34.5s): Mean Dice: 0.1390 (50 subjects)
2026-09-29 00:50:38,466 [INFO] ---------------------------------------------------------------------------
2026-09-29 00:50:38,466 [INFO] Starting Epoch 6/30 (LR: 9.33e-04)...
2026-09-29 00:51:07,626 [INFO]     [Train Batch 25/200] Step Loss: 0.6457 | Running Avg Loss: 0.6001
2026-09-29 00:51:21,044 [INFO]     [Train Batch 50/200] Step Loss: 0.3751 | Running Avg Loss: 0.6201
2026-09-29 00:51:38,483 [INFO]     [Train Batch 75/200] Step Loss: 0.2371 | Running Avg Loss: 0.6156
2026-09-29 00:51:52,814 [INFO]     [Train Batch 100/200] Step Loss: 0.3040 | Running Avg Loss: 0.6146
2026-09-29 00:52:06,177 [INFO]     [Train Batch 125/200] Step Loss: 0.1854 | Running Avg Loss: 0.6077
2026-09-29 00:52:19,096 [INFO]     [Train Batch 150/200] Step Loss: 0.4228 | Running Avg Loss: 0.6102
2026-09-29 00:52:30,987 [INFO]     [Train Batch 175/200] Step Loss: 0.6797 | Running Avg Loss: 0.6083
2026-09-29 00:52:44,486 [INFO]     [Train Batch 200/200] Step Loss: 0.3257 | Running Avg Loss: 0.6166
2026-09-29 00:52:45,161 [INFO] Epoch 6/30 (126.7s) - Train Loss: 0.6166 | LR: 9.05e-04
2026-09-29 00:52:53,109 [INFO]   [Val Case 1/50] Running sliding-window inference (shape: (223, 223, 145), overlap: 0.25)...
2026-09-29 00:52:53,566 [INFO]   [Val Case 1/50] Finished in 0.53s | Dice Score: 0.0667
2026-09-29 00:52:53,622 [INFO]   [Val Case 2/50] Running sliding-window inference (shape: (223, 223, 145), overlap: 0.25)...
2026-09-29 00:52:53,861 [INFO]   [Val Case 2/50] Finished in 0.28s | Dice Score: 0.0028
2026-09-29 00:52:54,322 [INFO]   [Val Case 3/50] Running sliding-window inference (shape: (223, 223, 143), overlap: 0.25)...
2026-09-29 00:52:54,565 [INFO]   [Val Case 3/50] Finished in 0.27s | Dice Score: 0.0330
2026-09-29 00:52:54,617 [INFO]   [Val Case 4/50] Running sliding-window inference (shape: (223, 223, 145), overlap: 0.25)...
2026-09-29 00:52:54,864 [INFO]   [Val Case 4/50] Finished in 0.28s | Dice Score: 0.0306
2026-09-29 00:52:55,462 [INFO]   [Val Case 5/50] Running sliding-window inference (shape: (223, 223, 145), overlap: 0.25)...
2026-09-29 00:52:55,711 [INFO]   [Val Case 5/50] Finished in 0.28s | Dice Score: 0.7969
2026-09-29 00:52:55,753 [INFO]   [Val Case 6/50] Running sliding-window inference (shape: (229, 229, 116), overlap: 0.25)...
2026-09-29 00:52:55,949 [INFO]   [Val Case 6/50] Finished in 0.22s | Dice Score: 0.0311
2026-09-29 00:52:56,169 [INFO]   [Val Case 7/50] Running sliding-window inference (shape: (229, 229, 116), overlap: 0.25)...
2026-09-29 00:52:56,371 [INFO]   [Val Case 7/50] Finished in 0.24s | Dice Score: 0.2350
2026-09-29 00:52:56,413 [INFO]   [Val Case 8/50] Running sliding-window inference (shape: (220, 220, 140), overlap: 0.25)...
2026-09-29 00:52:56,653 [INFO]   [Val Case 8/50] Finished in 0.27s | Dice Score: 0.0451
2026-09-29 00:52:57,258 [INFO]   [Val Case 9/50] Running sliding-window inference (shape: (223, 223, 143), overlap: 0.25)...
2026-09-29 00:52:57,559 [INFO]   [Val Case 9/50] Finished in 0.33s | Dice Score: 0.1321
2026-09-29 00:52:57,619 [INFO]   [Val Case 10/50] Running sliding-window inference (shape: (255, 255, 143), overlap: 0.25)...
2026-09-29 00:52:58,036 [INFO]   [Val Case 10/50] Finished in 0.46s | Dice Score: 0.3804
2026-09-29 00:52:58,090 [INFO]   [Val Case 11/50] Running sliding-window inference (shape: (239, 239, 125), overlap: 0.25)...
2026-09-29 00:52:58,306 [INFO]   [Val Case 11/50] Finished in 0.25s | Dice Score: 0.6897
2026-09-29 00:52:58,363 [INFO]   [Val Case 12/50] Running sliding-window inference (shape: (223, 223, 143), overlap: 0.25)...
2026-09-29 00:52:58,611 [INFO]   [Val Case 12/50] Finished in 0.28s | Dice Score: 0.6865
2026-09-29 00:52:59,216 [INFO]   [Val Case 13/50] Running sliding-window inference (shape: (223, 223, 143), overlap: 0.25)...
2026-09-29 00:52:59,468 [INFO]   [Val Case 13/50] Finished in 0.29s | Dice Score: 0.7158
2026-09-29 00:52:59,513 [INFO]   [Val Case 14/50] Running sliding-window inference (shape: (229, 229, 116), overlap: 0.25)...
2026-09-29 00:52:59,744 [INFO]   [Val Case 14/50] Finished in 0.26s | Dice Score: 0.1679
2026-09-29 00:53:00,370 [INFO]   [Val Case 15/50] Running sliding-window inference (shape: (223, 223, 143), overlap: 0.25)...
2026-09-29 00:53:00,626 [INFO]   [Val Case 15/50] Finished in 0.30s | Dice Score: 0.0665
2026-09-29 00:53:00,672 [INFO]   [Val Case 16/50] Running sliding-window inference (shape: (223, 223, 143), overlap: 0.25)...
2026-09-29 00:53:00,948 [INFO]   [Val Case 16/50] Finished in 0.31s | Dice Score: 0.1082
2026-09-29 00:53:01,113 [INFO]   [Val Case 17/50] Running sliding-window inference (shape: (229, 229, 116), overlap: 0.25)...
2026-09-29 00:53:01,316 [INFO]   [Val Case 17/50] Finished in 0.23s | Dice Score: 0.5560
2026-09-29 00:53:01,364 [INFO]   [Val Case 18/50] Running sliding-window inference (shape: (223, 223, 143), overlap: 0.25)...
2026-09-29 00:53:01,626 [INFO]   [Val Case 18/50] Finished in 0.30s | Dice Score: 0.0059
2026-09-29 00:53:02,265 [INFO]   [Val Case 19/50] Running sliding-window inference (shape: (223, 223, 143), overlap: 0.25)...
2026-09-29 00:53:02,513 [INFO]   [Val Case 19/50] Finished in 0.28s | Dice Score: 0.3428
2026-09-29 00:53:02,565 [INFO]   [Val Case 20/50] Running sliding-window inference (shape: (223, 223, 145), overlap: 0.25)...
2026-09-29 00:53:02,824 [INFO]   [Val Case 20/50] Finished in 0.30s | Dice Score: 0.2858
2026-09-29 00:53:03,124 [INFO]   [Val Case 21/50] Running sliding-window inference (shape: (220, 220, 140), overlap: 0.25)...
2026-09-29 00:53:03,367 [INFO]   [Val Case 21/50] Finished in 0.28s | Dice Score: 0.2278
2026-09-29 00:53:03,420 [INFO]   [Val Case 22/50] Running sliding-window inference (shape: (223, 223, 143), overlap: 0.25)...
2026-09-29 00:53:03,684 [INFO]   [Val Case 22/50] Finished in 0.30s | Dice Score: 0.3475
2026-09-29 00:53:04,274 [INFO]   [Val Case 23/50] Running sliding-window inference (shape: (223, 223, 145), overlap: 0.25)...
2026-09-29 00:53:04,564 [INFO]   [Val Case 23/50] Finished in 0.32s | Dice Score: 0.0000
2026-09-29 00:53:04,617 [INFO]   [Val Case 24/50] Running sliding-window inference (shape: (223, 223, 143), overlap: 0.25)...
2026-09-29 00:53:04,873 [INFO]   [Val Case 24/50] Finished in 0.29s | Dice Score: 0.0053
2026-09-29 00:53:05,548 [INFO]   [Val Case 25/50] Running sliding-window inference (shape: (223, 223, 143), overlap: 0.25)...
2026-09-29 00:53:05,793 [INFO]   [Val Case 25/50] Finished in 0.28s | Dice Score: 0.0139
2026-09-29 00:53:05,863 [INFO]   [Val Case 26/50] Running sliding-window inference (shape: (259, 259, 129), overlap: 0.25)...
2026-09-29 00:53:06,306 [INFO]   [Val Case 26/50] Finished in 0.49s | Dice Score: 0.0000
2026-09-29 00:53:06,710 [INFO]   [Val Case 27/50] Running sliding-window inference (shape: (223, 223, 143), overlap: 0.25)...
2026-09-29 00:53:06,959 [INFO]   [Val Case 27/50] Finished in 0.28s | Dice Score: 0.0261
2026-09-29 00:53:07,012 [INFO]   [Val Case 28/50] Running sliding-window inference (shape: (223, 223, 145), overlap: 0.25)...
2026-09-29 00:53:07,299 [INFO]   [Val Case 28/50] Finished in 0.32s | Dice Score: 0.2301
2026-09-29 00:53:07,538 [INFO]   [Val Case 29/50] Running sliding-window inference (shape: (223, 223, 145), overlap: 0.25)...
2026-09-29 00:53:07,792 [INFO]   [Val Case 29/50] Finished in 0.29s | Dice Score: 0.5213
2026-09-29 00:53:07,841 [INFO]   [Val Case 30/50] Running sliding-window inference (shape: (223, 223, 145), overlap: 0.25)...
2026-09-29 00:53:08,093 [INFO]   [Val Case 30/50] Finished in 0.29s | Dice Score: 0.1692
2026-09-29 00:53:08,366 [INFO]   [Val Case 31/50] Running sliding-window inference (shape: (220, 220, 140), overlap: 0.25)...
2026-09-29 00:53:08,628 [INFO]   [Val Case 31/50] Finished in 0.30s | Dice Score: 0.3772
2026-09-29 00:53:08,721 [INFO]   [Val Case 32/50] Running sliding-window inference (shape: (223, 223, 145), overlap: 0.25)...
2026-09-29 00:53:08,987 [INFO]   [Val Case 32/50] Finished in 0.30s | Dice Score: 0.0429
2026-09-29 00:53:09,278 [INFO]   [Val Case 33/50] Running sliding-window inference (shape: (229, 229, 139), overlap: 0.25)...
2026-09-29 00:53:09,522 [INFO]   [Val Case 33/50] Finished in 0.28s | Dice Score: 0.0591
2026-09-29 00:53:09,940 [INFO]   [Val Case 34/50] Running sliding-window inference (shape: (223, 223, 143), overlap: 0.25)...
2026-09-29 00:53:10,203 [INFO]   [Val Case 34/50] Finished in 0.29s | Dice Score: 0.0822
2026-09-29 00:53:10,470 [INFO]   [Val Case 35/50] Running sliding-window inference (shape: (223, 223, 143), overlap: 0.25)...
2026-09-29 00:53:10,717 [INFO]   [Val Case 35/50] Finished in 0.28s | Dice Score: 0.1067
2026-09-29 00:53:11,128 [INFO]   [Val Case 36/50] Running sliding-window inference (shape: (223, 223, 145), overlap: 0.25)...
2026-09-29 00:53:11,382 [INFO]   [Val Case 36/50] Finished in 0.29s | Dice Score: 0.0235
2026-09-29 00:53:11,630 [INFO]   [Val Case 37/50] Running sliding-window inference (shape: (223, 223, 143), overlap: 0.25)...
2026-09-29 00:53:11,875 [INFO]   [Val Case 37/50] Finished in 0.28s | Dice Score: 0.6727
2026-09-29 00:53:11,920 [INFO]   [Val Case 38/50] Running sliding-window inference (shape: (229, 229, 116), overlap: 0.25)...
2026-09-29 00:53:12,147 [INFO]   [Val Case 38/50] Finished in 0.26s | Dice Score: 0.3051
2026-09-29 00:53:12,882 [INFO]   [Val Case 39/50] Running sliding-window inference (shape: (223, 223, 151), overlap: 0.25)...
2026-09-29 00:53:13,144 [INFO]   [Val Case 39/50] Finished in 0.30s | Dice Score: 0.2935
2026-09-29 00:53:13,194 [INFO]   [Val Case 40/50] Running sliding-window inference (shape: (223, 223, 143), overlap: 0.25)...
2026-09-29 00:53:13,459 [INFO]   [Val Case 40/50] Finished in 0.30s | Dice Score: 0.1082
2026-09-29 00:53:14,046 [INFO]   [Val Case 41/50] Running sliding-window inference (shape: (223, 223, 143), overlap: 0.25)...
2026-09-29 00:53:14,296 [INFO]   [Val Case 41/50] Finished in 0.28s | Dice Score: 0.0338
2026-09-29 00:53:14,344 [INFO]   [Val Case 42/50] Running sliding-window inference (shape: (223, 223, 143), overlap: 0.25)...
2026-09-29 00:53:14,598 [INFO]   [Val Case 42/50] Finished in 0.29s | Dice Score: 0.2921
2026-09-29 00:53:15,250 [INFO]   [Val Case 43/50] Running sliding-window inference (shape: (223, 223, 145), overlap: 0.25)...
2026-09-29 00:53:15,511 [INFO]   [Val Case 43/50] Finished in 0.29s | Dice Score: 0.2451
2026-09-29 00:53:15,560 [INFO]   [Val Case 44/50] Running sliding-window inference (shape: (229, 229, 116), overlap: 0.25)...
2026-09-29 00:53:15,784 [INFO]   [Val Case 44/50] Finished in 0.26s | Dice Score: 0.3600
2026-09-29 00:53:16,439 [INFO]   [Val Case 45/50] Running sliding-window inference (shape: (223, 223, 143), overlap: 0.25)...
2026-09-29 00:53:16,698 [INFO]   [Val Case 45/50] Finished in 0.29s | Dice Score: 0.5305
2026-09-29 00:53:16,752 [INFO]   [Val Case 46/50] Running sliding-window inference (shape: (223, 223, 145), overlap: 0.25)...
2026-09-29 00:53:17,029 [INFO]   [Val Case 46/50] Finished in 0.31s | Dice Score: 0.2728
2026-09-29 00:53:17,570 [INFO]   [Val Case 47/50] Running sliding-window inference (shape: (223, 223, 145), overlap: 0.25)...
2026-09-29 00:53:17,827 [INFO]   [Val Case 47/50] Finished in 0.29s | Dice Score: 0.0275
2026-09-29 00:53:17,893 [INFO]   [Val Case 48/50] Running sliding-window inference (shape: (223, 223, 143), overlap: 0.25)...
2026-09-29 00:53:18,162 [INFO]   [Val Case 48/50] Finished in 0.31s | Dice Score: 0.0369
2026-09-29 00:53:18,683 [INFO]   [Val Case 49/50] Running sliding-window inference (shape: (223, 223, 143), overlap: 0.25)...
2026-09-29 00:53:18,909 [INFO]   [Val Case 49/50] Finished in 0.25s | Dice Score: 0.0003
2026-09-29 00:53:18,952 [INFO]   [Val Case 50/50] Running sliding-window inference (shape: (223, 223, 143), overlap: 0.25)...
2026-09-29 00:53:19,179 [INFO]   [Val Case 50/50] Finished in 0.26s | Dice Score: 0.5839
2026-09-29 00:53:19,790 [INFO] Epoch 6 Validation (34.6s): Mean Dice: 0.2275 (50 subjects)
2026-09-29 00:53:19,818 [INFO] ---------------------------------------------------------------------------
2026-09-29 00:53:19,818 [INFO] Starting Epoch 7/30 (LR: 9.05e-04)...
2026-09-29 00:53:39,855 [INFO]     [Train Batch 25/200] Step Loss: 0.7454 | Running Avg Loss: 0.5392
2026-09-29 00:53:56,954 [INFO]     [Train Batch 50/200] Step Loss: 0.7943 | Running Avg Loss: 0.5687
2026-09-29 00:54:13,603 [INFO]     [Train Batch 75/200] Step Loss: 1.0000 | Running Avg Loss: 0.6018
2026-09-29 00:54:26,226 [INFO]     [Train Batch 100/200] Step Loss: 0.6979 | Running Avg Loss: 0.5910
2026-09-29 00:54:42,986 [INFO]     [Train Batch 125/200] Step Loss: 0.3629 | Running Avg Loss: 0.5794
2026-09-29 00:54:56,116 [INFO]     [Train Batch 150/200] Step Loss: 0.9989 | Running Avg Loss: 0.5899
2026-09-29 00:55:09,895 [INFO]     [Train Batch 175/200] Step Loss: 0.2757 | Running Avg Loss: 0.6009
2026-09-29 00:55:23,277 [INFO]     [Train Batch 200/200] Step Loss: 0.4180 | Running Avg Loss: 0.5936
2026-09-29 00:55:23,997 [INFO] Epoch 7/30 (124.2s) - Train Loss: 0.5936 | LR: 8.72e-04
2026-09-29 00:55:31,764 [INFO]   [Val Case 1/50] Running sliding-window inference (shape: (223, 223, 145), overlap: 0.25)...
2026-09-29 00:55:32,159 [INFO]   [Val Case 1/50] Finished in 0.46s | Dice Score: 0.0518
2026-09-29 00:55:32,217 [INFO]   [Val Case 2/50] Running sliding-window inference (shape: (223, 223, 145), overlap: 0.25)...
2026-09-29 00:55:32,455 [INFO]   [Val Case 2/50] Finished in 0.28s | Dice Score: 0.0076
2026-09-29 00:55:33,058 [INFO]   [Val Case 3/50] Running sliding-window inference (shape: (223, 223, 143), overlap: 0.25)...
2026-09-29 00:55:33,296 [INFO]   [Val Case 3/50] Finished in 0.27s | Dice Score: 0.0233
2026-09-29 00:55:33,342 [INFO]   [Val Case 4/50] Running sliding-window inference (shape: (223, 223, 145), overlap: 0.25)...
2026-09-29 00:55:33,588 [INFO]   [Val Case 4/50] Finished in 0.28s | Dice Score: 0.0225
2026-09-29 00:55:34,278 [INFO]   [Val Case 5/50] Running sliding-window inference (shape: (223, 223, 145), overlap: 0.25)...
2026-09-29 00:55:34,525 [INFO]   [Val Case 5/50] Finished in 0.29s | Dice Score: 0.8382
2026-09-29 00:55:34,567 [INFO]   [Val Case 6/50] Running sliding-window inference (shape: (229, 229, 116), overlap: 0.25)...
2026-09-29 00:55:34,766 [INFO]   [Val Case 6/50] Finished in 0.23s | Dice Score: 0.0263
2026-09-29 00:55:34,973 [INFO]   [Val Case 7/50] Running sliding-window inference (shape: (229, 229, 116), overlap: 0.25)...
2026-09-29 00:55:35,185 [INFO]   [Val Case 7/50] Finished in 0.24s | Dice Score: 0.1847
2026-09-29 00:55:35,228 [INFO]   [Val Case 8/50] Running sliding-window inference (shape: (220, 220, 140), overlap: 0.25)...
2026-09-29 00:55:35,477 [INFO]   [Val Case 8/50] Finished in 0.28s | Dice Score: 0.0306
2026-09-29 00:55:36,117 [INFO]   [Val Case 9/50] Running sliding-window inference (shape: (223, 223, 143), overlap: 0.25)...
2026-09-29 00:55:36,367 [INFO]   [Val Case 9/50] Finished in 0.28s | Dice Score: 0.0737
2026-09-29 00:55:36,421 [INFO]   [Val Case 10/50] Running sliding-window inference (shape: (255, 255, 143), overlap: 0.25)...
2026-09-29 00:55:36,831 [INFO]   [Val Case 10/50] Finished in 0.45s | Dice Score: 0.3247
2026-09-29 00:55:36,985 [INFO]   [Val Case 11/50] Running sliding-window inference (shape: (239, 239, 125), overlap: 0.25)...
2026-09-29 00:55:37,202 [INFO]   [Val Case 11/50] Finished in 0.25s | Dice Score: 0.7601
2026-09-29 00:55:37,248 [INFO]   [Val Case 12/50] Running sliding-window inference (shape: (223, 223, 143), overlap: 0.25)...
2026-09-29 00:55:37,496 [INFO]   [Val Case 12/50] Finished in 0.28s | Dice Score: 0.7041
2026-09-29 00:55:38,173 [INFO]   [Val Case 13/50] Running sliding-window inference (shape: (223, 223, 143), overlap: 0.25)...
2026-09-29 00:55:38,407 [INFO]   [Val Case 13/50] Finished in 0.27s | Dice Score: 0.7446
2026-09-29 00:55:38,458 [INFO]   [Val Case 14/50] Running sliding-window inference (shape: (229, 229, 116), overlap: 0.25)...
2026-09-29 00:55:38,681 [INFO]   [Val Case 14/50] Finished in 0.26s | Dice Score: 0.1152
2026-09-29 00:55:39,298 [INFO]   [Val Case 15/50] Running sliding-window inference (shape: (223, 223, 143), overlap: 0.25)...
2026-09-29 00:55:39,558 [INFO]   [Val Case 15/50] Finished in 0.30s | Dice Score: 0.0416
2026-09-29 00:55:39,605 [INFO]   [Val Case 16/50] Running sliding-window inference (shape: (223, 223, 143), overlap: 0.25)...
2026-09-29 00:55:39,860 [INFO]   [Val Case 16/50] Finished in 0.29s | Dice Score: 0.0618
2026-09-29 00:55:40,067 [INFO]   [Val Case 17/50] Running sliding-window inference (shape: (229, 229, 116), overlap: 0.25)...
2026-09-29 00:55:40,294 [INFO]   [Val Case 17/50] Finished in 0.25s | Dice Score: 0.4111
2026-09-29 00:55:40,345 [INFO]   [Val Case 18/50] Running sliding-window inference (shape: (223, 223, 143), overlap: 0.25)...
2026-09-29 00:55:40,625 [INFO]   [Val Case 18/50] Finished in 0.31s | Dice Score: 0.0032
2026-09-29 00:55:41,214 [INFO]   [Val Case 19/50] Running sliding-window inference (shape: (223, 223, 143), overlap: 0.25)...
2026-09-29 00:55:41,478 [INFO]   [Val Case 19/50] Finished in 0.30s | Dice Score: 0.2986
2026-09-29 00:55:41,533 [INFO]   [Val Case 20/50] Running sliding-window inference (shape: (223, 223, 145), overlap: 0.25)...
2026-09-29 00:55:41,783 [INFO]   [Val Case 20/50] Finished in 0.28s | Dice Score: 0.1759
2026-09-29 00:55:42,059 [INFO]   [Val Case 21/50] Running sliding-window inference (shape: (220, 220, 140), overlap: 0.25)...
2026-09-29 00:55:42,330 [INFO]   [Val Case 21/50] Finished in 0.30s | Dice Score: 0.2118
2026-09-29 00:55:42,383 [INFO]   [Val Case 22/50] Running sliding-window inference (shape: (223, 223, 143), overlap: 0.25)...
2026-09-29 00:55:42,637 [INFO]   [Val Case 22/50] Finished in 0.29s | Dice Score: 0.2445
2026-09-29 00:55:43,160 [INFO]   [Val Case 23/50] Running sliding-window inference (shape: (223, 223, 145), overlap: 0.25)...
2026-09-29 00:55:43,414 [INFO]   [Val Case 23/50] Finished in 0.29s | Dice Score: 0.0000
2026-09-29 00:55:43,467 [INFO]   [Val Case 24/50] Running sliding-window inference (shape: (223, 223, 143), overlap: 0.25)...
2026-09-29 00:55:43,719 [INFO]   [Val Case 24/50] Finished in 0.29s | Dice Score: 0.0037
2026-09-29 00:55:44,380 [INFO]   [Val Case 25/50] Running sliding-window inference (shape: (223, 223, 143), overlap: 0.25)...
2026-09-29 00:55:44,650 [INFO]   [Val Case 25/50] Finished in 0.30s | Dice Score: 0.0069
2026-09-29 00:55:44,725 [INFO]   [Val Case 26/50] Running sliding-window inference (shape: (259, 259, 129), overlap: 0.25)...
2026-09-29 00:55:45,149 [INFO]   [Val Case 26/50] Finished in 0.47s | Dice Score: 0.0000
2026-09-29 00:55:45,548 [INFO]   [Val Case 27/50] Running sliding-window inference (shape: (223, 223, 143), overlap: 0.25)...
2026-09-29 00:55:45,851 [INFO]   [Val Case 27/50] Finished in 0.33s | Dice Score: 0.0178
2026-09-29 00:55:45,908 [INFO]   [Val Case 28/50] Running sliding-window inference (shape: (223, 223, 145), overlap: 0.25)...
2026-09-29 00:55:46,158 [INFO]   [Val Case 28/50] Finished in 0.29s | Dice Score: 0.1857
2026-09-29 00:55:46,389 [INFO]   [Val Case 29/50] Running sliding-window inference (shape: (223, 223, 145), overlap: 0.25)...
2026-09-29 00:55:46,641 [INFO]   [Val Case 29/50] Finished in 0.29s | Dice Score: 0.5580
2026-09-29 00:55:46,692 [INFO]   [Val Case 30/50] Running sliding-window inference (shape: (223, 223, 145), overlap: 0.25)...
2026-09-29 00:55:46,968 [INFO]   [Val Case 30/50] Finished in 0.31s | Dice Score: 0.1190
2026-09-29 00:55:47,238 [INFO]   [Val Case 31/50] Running sliding-window inference (shape: (220, 220, 140), overlap: 0.25)...
2026-09-29 00:55:47,493 [INFO]   [Val Case 31/50] Finished in 0.29s | Dice Score: 0.2767
2026-09-29 00:55:47,542 [INFO]   [Val Case 32/50] Running sliding-window inference (shape: (223, 223, 145), overlap: 0.25)...
2026-09-29 00:55:47,799 [INFO]   [Val Case 32/50] Finished in 0.29s | Dice Score: 0.0317
2026-09-29 00:55:48,107 [INFO]   [Val Case 33/50] Running sliding-window inference (shape: (229, 229, 139), overlap: 0.25)...
2026-09-29 00:55:48,364 [INFO]   [Val Case 33/50] Finished in 0.29s | Dice Score: 0.0522
2026-09-29 00:55:48,693 [INFO]   [Val Case 34/50] Running sliding-window inference (shape: (223, 223, 143), overlap: 0.25)...
2026-09-29 00:55:48,938 [INFO]   [Val Case 34/50] Finished in 0.28s | Dice Score: 0.1261
2026-09-29 00:55:49,313 [INFO]   [Val Case 35/50] Running sliding-window inference (shape: (223, 223, 143), overlap: 0.25)...
2026-09-29 00:55:49,572 [INFO]   [Val Case 35/50] Finished in 0.29s | Dice Score: 0.0579
2026-09-29 00:55:49,886 [INFO]   [Val Case 36/50] Running sliding-window inference (shape: (223, 223, 145), overlap: 0.25)...
2026-09-29 00:55:50,144 [INFO]   [Val Case 36/50] Finished in 0.30s | Dice Score: 0.0147
2026-09-29 00:55:50,494 [INFO]   [Val Case 37/50] Running sliding-window inference (shape: (223, 223, 143), overlap: 0.25)...
2026-09-29 00:55:50,755 [INFO]   [Val Case 37/50] Finished in 0.29s | Dice Score: 0.7259
2026-09-29 00:55:50,798 [INFO]   [Val Case 38/50] Running sliding-window inference (shape: (229, 229, 116), overlap: 0.25)...
2026-09-29 00:55:51,041 [INFO]   [Val Case 38/50] Finished in 0.27s | Dice Score: 0.1627
2026-09-29 00:55:51,779 [INFO]   [Val Case 39/50] Running sliding-window inference (shape: (223, 223, 151), overlap: 0.25)...
2026-09-29 00:55:52,033 [INFO]   [Val Case 39/50] Finished in 0.29s | Dice Score: 0.2626
2026-09-29 00:55:52,085 [INFO]   [Val Case 40/50] Running sliding-window inference (shape: (223, 223, 143), overlap: 0.25)...
2026-09-29 00:55:52,350 [INFO]   [Val Case 40/50] Finished in 0.30s | Dice Score: 0.0865
2026-09-29 00:55:53,026 [INFO]   [Val Case 41/50] Running sliding-window inference (shape: (223, 223, 143), overlap: 0.25)...
2026-09-29 00:55:53,280 [INFO]   [Val Case 41/50] Finished in 0.30s | Dice Score: 0.0181
2026-09-29 00:55:53,328 [INFO]   [Val Case 42/50] Running sliding-window inference (shape: (223, 223, 143), overlap: 0.25)...
2026-09-29 00:55:53,600 [INFO]   [Val Case 42/50] Finished in 0.31s | Dice Score: 0.1925
2026-09-29 00:55:54,279 [INFO]   [Val Case 43/50] Running sliding-window inference (shape: (223, 223, 145), overlap: 0.25)...
2026-09-29 00:55:54,534 [INFO]   [Val Case 43/50] Finished in 0.29s | Dice Score: 0.1474
2026-09-29 00:55:54,580 [INFO]   [Val Case 44/50] Running sliding-window inference (shape: (229, 229, 116), overlap: 0.25)...
2026-09-29 00:55:54,796 [INFO]   [Val Case 44/50] Finished in 0.24s | Dice Score: 0.2964
2026-09-29 00:55:55,470 [INFO]   [Val Case 45/50] Running sliding-window inference (shape: (223, 223, 143), overlap: 0.25)...
2026-09-29 00:55:55,737 [INFO]   [Val Case 45/50] Finished in 0.31s | Dice Score: 0.6272
2026-09-29 00:55:55,793 [INFO]   [Val Case 46/50] Running sliding-window inference (shape: (223, 223, 145), overlap: 0.25)...
2026-09-29 00:55:56,049 [INFO]   [Val Case 46/50] Finished in 0.29s | Dice Score: 0.2572
2026-09-29 00:55:56,643 [INFO]   [Val Case 47/50] Running sliding-window inference (shape: (223, 223, 145), overlap: 0.25)...
2026-09-29 00:55:56,891 [INFO]   [Val Case 47/50] Finished in 0.28s | Dice Score: 0.0217
2026-09-29 00:55:56,939 [INFO]   [Val Case 48/50] Running sliding-window inference (shape: (223, 223, 143), overlap: 0.25)...
2026-09-29 00:55:57,181 [INFO]   [Val Case 48/50] Finished in 0.27s | Dice Score: 0.0211
2026-09-29 00:55:57,730 [INFO]   [Val Case 49/50] Running sliding-window inference (shape: (223, 223, 143), overlap: 0.25)...
2026-09-29 00:55:58,041 [INFO]   [Val Case 49/50] Finished in 0.34s | Dice Score: 0.0000
2026-09-29 00:55:58,086 [INFO]   [Val Case 50/50] Running sliding-window inference (shape: (223, 223, 143), overlap: 0.25)...
2026-09-29 00:55:58,312 [INFO]   [Val Case 50/50] Finished in 0.26s | Dice Score: 0.4096
2026-09-29 00:55:58,925 [INFO] Epoch 7 Validation (34.9s): Mean Dice: 0.2007 (50 subjects)
2026-09-29 00:55:58,954 [INFO] ---------------------------------------------------------------------------
2026-09-29 00:55:58,954 [INFO] Starting Epoch 8/30 (LR: 8.72e-04)...
2026-09-29 00:56:22,042 [INFO]     [Train Batch 25/200] Step Loss: 0.1549 | Running Avg Loss: 0.5250
2026-09-29 00:56:36,391 [INFO]     [Train Batch 50/200] Step Loss: 0.6280 | Running Avg Loss: 0.5657
2026-09-29 00:56:48,468 [INFO]     [Train Batch 75/200] Step Loss: 0.2970 | Running Avg Loss: 0.5554
2026-09-29 00:57:01,641 [INFO]     [Train Batch 100/200] Step Loss: 0.2788 | Running Avg Loss: 0.5708
2026-09-29 00:57:14,546 [INFO]     [Train Batch 125/200] Step Loss: 0.4335 | Running Avg Loss: 0.5741
2026-09-29 00:57:31,659 [INFO]     [Train Batch 150/200] Step Loss: 0.4073 | Running Avg Loss: 0.5755
2026-09-29 00:57:49,209 [INFO]     [Train Batch 175/200] Step Loss: 0.4838 | Running Avg Loss: 0.5725
2026-09-29 00:58:02,342 [INFO]     [Train Batch 200/200] Step Loss: 0.5722 | Running Avg Loss: 0.5850
2026-09-29 00:58:03,053 [INFO] Epoch 8/30 (124.1s) - Train Loss: 0.5850 | LR: 8.35e-04
2026-09-29 00:58:10,951 [INFO]   [Val Case 1/50] Running sliding-window inference (shape: (223, 223, 145), overlap: 0.25)...
2026-09-29 00:58:11,365 [INFO]   [Val Case 1/50] Finished in 0.48s | Dice Score: 0.0651
2026-09-29 00:58:11,435 [INFO]   [Val Case 2/50] Running sliding-window inference (shape: (223, 223, 145), overlap: 0.25)...
2026-09-29 00:58:11,672 [INFO]   [Val Case 2/50] Finished in 0.28s | Dice Score: 0.0078
2026-09-29 00:58:12,154 [INFO]   [Val Case 3/50] Running sliding-window inference (shape: (223, 223, 143), overlap: 0.25)...
2026-09-29 00:58:12,392 [INFO]   [Val Case 3/50] Finished in 0.27s | Dice Score: 0.0414
2026-09-29 00:58:12,439 [INFO]   [Val Case 4/50] Running sliding-window inference (shape: (223, 223, 145), overlap: 0.25)...
2026-09-29 00:58:12,700 [INFO]   [Val Case 4/50] Finished in 0.29s | Dice Score: 0.0376
2026-09-29 00:58:13,431 [INFO]   [Val Case 5/50] Running sliding-window inference (shape: (223, 223, 145), overlap: 0.25)...
2026-09-29 00:58:13,697 [INFO]   [Val Case 5/50] Finished in 0.32s | Dice Score: 0.8654
2026-09-29 00:58:13,757 [INFO]   [Val Case 6/50] Running sliding-window inference (shape: (229, 229, 116), overlap: 0.25)...
2026-09-29 00:58:13,972 [INFO]   [Val Case 6/50] Finished in 0.26s | Dice Score: 0.0460
2026-09-29 00:58:14,125 [INFO]   [Val Case 7/50] Running sliding-window inference (shape: (229, 229, 116), overlap: 0.25)...
2026-09-29 00:58:14,340 [INFO]   [Val Case 7/50] Finished in 0.24s | Dice Score: 0.2854
2026-09-29 00:58:14,381 [INFO]   [Val Case 8/50] Running sliding-window inference (shape: (220, 220, 140), overlap: 0.25)...
2026-09-29 00:58:14,633 [INFO]   [Val Case 8/50] Finished in 0.28s | Dice Score: 0.0462
2026-09-29 00:58:15,280 [INFO]   [Val Case 9/50] Running sliding-window inference (shape: (223, 223, 143), overlap: 0.25)...
2026-09-29 00:58:15,519 [INFO]   [Val Case 9/50] Finished in 0.27s | Dice Score: 0.1468
2026-09-29 00:58:15,577 [INFO]   [Val Case 10/50] Running sliding-window inference (shape: (255, 255, 143), overlap: 0.25)...
2026-09-29 00:58:15,988 [INFO]   [Val Case 10/50] Finished in 0.46s | Dice Score: 0.4328
2026-09-29 00:58:16,129 [INFO]   [Val Case 11/50] Running sliding-window inference (shape: (239, 239, 125), overlap: 0.25)...
2026-09-29 00:58:16,338 [INFO]   [Val Case 11/50] Finished in 0.24s | Dice Score: 0.7208
2026-09-29 00:58:16,385 [INFO]   [Val Case 12/50] Running sliding-window inference (shape: (223, 223, 143), overlap: 0.25)...
2026-09-29 00:58:16,638 [INFO]   [Val Case 12/50] Finished in 0.28s | Dice Score: 0.7306
2026-09-29 00:58:17,328 [INFO]   [Val Case 13/50] Running sliding-window inference (shape: (223, 223, 143), overlap: 0.25)...
2026-09-29 00:58:17,626 [INFO]   [Val Case 13/50] Finished in 0.33s | Dice Score: 0.7824
2026-09-29 00:58:17,693 [INFO]   [Val Case 14/50] Running sliding-window inference (shape: (229, 229, 116), overlap: 0.25)...
2026-09-29 00:58:17,894 [INFO]   [Val Case 14/50] Finished in 0.24s | Dice Score: 0.1836
2026-09-29 00:58:18,482 [INFO]   [Val Case 15/50] Running sliding-window inference (shape: (223, 223, 143), overlap: 0.25)...
2026-09-29 00:58:18,730 [INFO]   [Val Case 15/50] Finished in 0.29s | Dice Score: 0.0625
2026-09-29 00:58:18,775 [INFO]   [Val Case 16/50] Running sliding-window inference (shape: (223, 223, 143), overlap: 0.25)...
2026-09-29 00:58:19,027 [INFO]   [Val Case 16/50] Finished in 0.28s | Dice Score: 0.1263
2026-09-29 00:58:19,244 [INFO]   [Val Case 17/50] Running sliding-window inference (shape: (229, 229, 116), overlap: 0.25)...
2026-09-29 00:58:19,473 [INFO]   [Val Case 17/50] Finished in 0.26s | Dice Score: 0.5859
2026-09-29 00:58:19,523 [INFO]   [Val Case 18/50] Running sliding-window inference (shape: (223, 223, 143), overlap: 0.25)...
2026-09-29 00:58:19,796 [INFO]   [Val Case 18/50] Finished in 0.31s | Dice Score: 0.0063
2026-09-29 00:58:20,369 [INFO]   [Val Case 19/50] Running sliding-window inference (shape: (223, 223, 143), overlap: 0.25)...
2026-09-29 00:58:20,626 [INFO]   [Val Case 19/50] Finished in 0.29s | Dice Score: 0.3578
2026-09-29 00:58:20,686 [INFO]   [Val Case 20/50] Running sliding-window inference (shape: (223, 223, 145), overlap: 0.25)...
2026-09-29 00:58:20,950 [INFO]   [Val Case 20/50] Finished in 0.30s | Dice Score: 0.3029
2026-09-29 00:58:21,251 [INFO]   [Val Case 21/50] Running sliding-window inference (shape: (220, 220, 140), overlap: 0.25)...
2026-09-29 00:58:21,499 [INFO]   [Val Case 21/50] Finished in 0.28s | Dice Score: 0.2494
2026-09-29 00:58:21,555 [INFO]   [Val Case 22/50] Running sliding-window inference (shape: (223, 223, 143), overlap: 0.25)...
2026-09-29 00:58:21,806 [INFO]   [Val Case 22/50] Finished in 0.29s | Dice Score: 0.3535
2026-09-29 00:58:22,350 [INFO]   [Val Case 23/50] Running sliding-window inference (shape: (223, 223, 145), overlap: 0.25)...
2026-09-29 00:58:22,618 [INFO]   [Val Case 23/50] Finished in 0.31s | Dice Score: 0.0020
2026-09-29 00:58:22,668 [INFO]   [Val Case 24/50] Running sliding-window inference (shape: (223, 223, 143), overlap: 0.25)...
2026-09-29 00:58:22,923 [INFO]   [Val Case 24/50] Finished in 0.29s | Dice Score: 0.0059
2026-09-29 00:58:23,585 [INFO]   [Val Case 25/50] Running sliding-window inference (shape: (223, 223, 143), overlap: 0.25)...
2026-09-29 00:58:23,844 [INFO]   [Val Case 25/50] Finished in 0.29s | Dice Score: 0.0159
2026-09-29 00:58:23,905 [INFO]   [Val Case 26/50] Running sliding-window inference (shape: (259, 259, 129), overlap: 0.25)...
2026-09-29 00:58:24,354 [INFO]   [Val Case 26/50] Finished in 0.49s | Dice Score: 0.0000
2026-09-29 00:58:24,823 [INFO]   [Val Case 27/50] Running sliding-window inference (shape: (223, 223, 143), overlap: 0.25)...
2026-09-29 00:58:25,085 [INFO]   [Val Case 27/50] Finished in 0.29s | Dice Score: 0.0302
2026-09-29 00:58:25,136 [INFO]   [Val Case 28/50] Running sliding-window inference (shape: (223, 223, 145), overlap: 0.25)...
2026-09-29 00:58:25,390 [INFO]   [Val Case 28/50] Finished in 0.29s | Dice Score: 0.2506
2026-09-29 00:58:25,668 [INFO]   [Val Case 29/50] Running sliding-window inference (shape: (223, 223, 145), overlap: 0.25)...
2026-09-29 00:58:25,916 [INFO]   [Val Case 29/50] Finished in 0.28s | Dice Score: 0.5963
2026-09-29 00:58:25,984 [INFO]   [Val Case 30/50] Running sliding-window inference (shape: (223, 223, 145), overlap: 0.25)...
2026-09-29 00:58:26,266 [INFO]   [Val Case 30/50] Finished in 0.31s | Dice Score: 0.2046
2026-09-29 00:58:26,555 [INFO]   [Val Case 31/50] Running sliding-window inference (shape: (220, 220, 140), overlap: 0.25)...
2026-09-29 00:58:26,827 [INFO]   [Val Case 31/50] Finished in 0.31s | Dice Score: 0.4021
2026-09-29 00:58:27,036 [INFO]   [Val Case 32/50] Running sliding-window inference (shape: (223, 223, 145), overlap: 0.25)...
2026-09-29 00:58:27,328 [INFO]   [Val Case 32/50] Finished in 0.33s | Dice Score: 0.0446
2026-09-29 00:58:27,462 [INFO]   [Val Case 33/50] Running sliding-window inference (shape: (229, 229, 139), overlap: 0.25)...
2026-09-29 00:58:27,758 [INFO]   [Val Case 33/50] Finished in 0.33s | Dice Score: 0.0642
2026-09-29 00:58:28,290 [INFO]   [Val Case 34/50] Running sliding-window inference (shape: (223, 223, 143), overlap: 0.25)...
2026-09-29 00:58:28,554 [INFO]   [Val Case 34/50] Finished in 0.30s | Dice Score: 0.1382
2026-09-29 00:58:28,697 [INFO]   [Val Case 35/50] Running sliding-window inference (shape: (223, 223, 143), overlap: 0.25)...
2026-09-29 00:58:28,967 [INFO]   [Val Case 35/50] Finished in 0.30s | Dice Score: 0.1162
2026-09-29 00:58:29,496 [INFO]   [Val Case 36/50] Running sliding-window inference (shape: (223, 223, 145), overlap: 0.25)...
2026-09-29 00:58:29,741 [INFO]   [Val Case 36/50] Finished in 0.28s | Dice Score: 0.0285
2026-09-29 00:58:29,960 [INFO]   [Val Case 37/50] Running sliding-window inference (shape: (223, 223, 143), overlap: 0.25)...
2026-09-29 00:58:30,225 [INFO]   [Val Case 37/50] Finished in 0.30s | Dice Score: 0.7196
2026-09-29 00:58:30,324 [INFO]   [Val Case 38/50] Running sliding-window inference (shape: (229, 229, 116), overlap: 0.25)...
2026-09-29 00:58:30,550 [INFO]   [Val Case 38/50] Finished in 0.26s | Dice Score: 0.3423
2026-09-29 00:58:31,202 [INFO]   [Val Case 39/50] Running sliding-window inference (shape: (223, 223, 151), overlap: 0.25)...
2026-09-29 00:58:31,446 [INFO]   [Val Case 39/50] Finished in 0.29s | Dice Score: 0.2951
2026-09-29 00:58:31,506 [INFO]   [Val Case 40/50] Running sliding-window inference (shape: (223, 223, 143), overlap: 0.25)...
2026-09-29 00:58:31,756 [INFO]   [Val Case 40/50] Finished in 0.28s | Dice Score: 0.1171
2026-09-29 00:58:32,396 [INFO]   [Val Case 41/50] Running sliding-window inference (shape: (223, 223, 143), overlap: 0.25)...
2026-09-29 00:58:32,673 [INFO]   [Val Case 41/50] Finished in 0.31s | Dice Score: 0.0326
2026-09-29 00:58:32,736 [INFO]   [Val Case 42/50] Running sliding-window inference (shape: (223, 223, 143), overlap: 0.25)...
2026-09-29 00:58:32,990 [INFO]   [Val Case 42/50] Finished in 0.29s | Dice Score: 0.3203
2026-09-29 00:58:33,626 [INFO]   [Val Case 43/50] Running sliding-window inference (shape: (223, 223, 145), overlap: 0.25)...
2026-09-29 00:58:33,868 [INFO]   [Val Case 43/50] Finished in 0.27s | Dice Score: 0.2298
2026-09-29 00:58:33,921 [INFO]   [Val Case 44/50] Running sliding-window inference (shape: (229, 229, 116), overlap: 0.25)...
2026-09-29 00:58:34,146 [INFO]   [Val Case 44/50] Finished in 0.26s | Dice Score: 0.4717
2026-09-29 00:58:34,847 [INFO]   [Val Case 45/50] Running sliding-window inference (shape: (223, 223, 143), overlap: 0.25)...
2026-09-29 00:58:35,102 [INFO]   [Val Case 45/50] Finished in 0.29s | Dice Score: 0.5935
2026-09-29 00:58:35,154 [INFO]   [Val Case 46/50] Running sliding-window inference (shape: (223, 223, 145), overlap: 0.25)...
2026-09-29 00:58:35,428 [INFO]   [Val Case 46/50] Finished in 0.31s | Dice Score: 0.3183
2026-09-29 00:58:35,930 [INFO]   [Val Case 47/50] Running sliding-window inference (shape: (223, 223, 145), overlap: 0.25)...
2026-09-29 00:58:36,197 [INFO]   [Val Case 47/50] Finished in 0.30s | Dice Score: 0.0287
2026-09-29 00:58:36,245 [INFO]   [Val Case 48/50] Running sliding-window inference (shape: (223, 223, 143), overlap: 0.25)...
2026-09-29 00:58:36,512 [INFO]   [Val Case 48/50] Finished in 0.30s | Dice Score: 0.0387
2026-09-29 00:58:37,098 [INFO]   [Val Case 49/50] Running sliding-window inference (shape: (223, 223, 143), overlap: 0.25)...
2026-09-29 00:58:37,337 [INFO]   [Val Case 49/50] Finished in 0.27s | Dice Score: 0.0000
2026-09-29 00:58:37,379 [INFO]   [Val Case 50/50] Running sliding-window inference (shape: (223, 223, 143), overlap: 0.25)...
2026-09-29 00:58:37,612 [INFO]   [Val Case 50/50] Finished in 0.26s | Dice Score: 0.5879
2026-09-29 00:58:38,217 [INFO] Epoch 8 Validation (35.2s): Mean Dice: 0.2486 (50 subjects)
2026-09-29 00:58:38,246 [INFO] --> New best metric model saved (Dice: 0.2486) at G:\PROJECT\PBL6-main\experiments\runs\segresnet_fold0_20260929_003648\best_metric_model.pth
2026-09-29 00:58:38,289 [INFO] ---------------------------------------------------------------------------
2026-09-29 00:58:38,289 [INFO] Starting Epoch 9/30 (LR: 8.35e-04)...
2026-09-29 00:58:58,790 [INFO]     [Train Batch 25/200] Step Loss: 0.5841 | Running Avg Loss: 0.5666
2026-09-29 00:59:16,606 [INFO]     [Train Batch 50/200] Step Loss: 0.9855 | Running Avg Loss: 0.5494
2026-09-29 00:59:29,763 [INFO]     [Train Batch 75/200] Step Loss: 0.5699 | Running Avg Loss: 0.5671
2026-09-29 00:59:46,133 [INFO]     [Train Batch 100/200] Step Loss: 0.4945 | Running Avg Loss: 0.5879
2026-09-29 00:59:58,965 [INFO]     [Train Batch 125/200] Step Loss: 0.8246 | Running Avg Loss: 0.5780
2026-09-29 01:00:12,193 [INFO]     [Train Batch 150/200] Step Loss: 0.4455 | Running Avg Loss: 0.5858
2026-09-29 01:00:26,073 [INFO]     [Train Batch 175/200] Step Loss: 0.8398 | Running Avg Loss: 0.5967
2026-09-29 01:00:38,638 [INFO]     [Train Batch 200/200] Step Loss: 0.6971 | Running Avg Loss: 0.6049
2026-09-29 01:00:39,341 [INFO] Epoch 9/30 (121.1s) - Train Loss: 0.6049 | LR: 7.94e-04
2026-09-29 01:00:47,171 [INFO]   [Val Case 1/50] Running sliding-window inference (shape: (223, 223, 145), overlap: 0.25)...
2026-09-29 01:00:47,546 [INFO]   [Val Case 1/50] Finished in 0.44s | Dice Score: 0.0967
2026-09-29 01:00:47,611 [INFO]   [Val Case 2/50] Running sliding-window inference (shape: (223, 223, 145), overlap: 0.25)...
2026-09-29 01:00:47,866 [INFO]   [Val Case 2/50] Finished in 0.30s | Dice Score: 0.0022
2026-09-29 01:00:48,396 [INFO]   [Val Case 3/50] Running sliding-window inference (shape: (223, 223, 143), overlap: 0.25)...
2026-09-29 01:00:48,628 [INFO]   [Val Case 3/50] Finished in 0.26s | Dice Score: 0.0744
2026-09-29 01:00:48,676 [INFO]   [Val Case 4/50] Running sliding-window inference (shape: (223, 223, 145), overlap: 0.25)...
2026-09-29 01:00:48,925 [INFO]   [Val Case 4/50] Finished in 0.28s | Dice Score: 0.0542
2026-09-29 01:00:49,610 [INFO]   [Val Case 5/50] Running sliding-window inference (shape: (223, 223, 145), overlap: 0.25)...
2026-09-29 01:00:49,852 [INFO]   [Val Case 5/50] Finished in 0.27s | Dice Score: 0.8733
2026-09-29 01:00:49,894 [INFO]   [Val Case 6/50] Running sliding-window inference (shape: (229, 229, 116), overlap: 0.25)...
2026-09-29 01:00:50,101 [INFO]   [Val Case 6/50] Finished in 0.23s | Dice Score: 0.0397
2026-09-29 01:00:50,309 [INFO]   [Val Case 7/50] Running sliding-window inference (shape: (229, 229, 116), overlap: 0.25)...
2026-09-29 01:00:50,504 [INFO]   [Val Case 7/50] Finished in 0.23s | Dice Score: 0.3370
2026-09-29 01:00:50,546 [INFO]   [Val Case 8/50] Running sliding-window inference (shape: (220, 220, 140), overlap: 0.25)...
2026-09-29 01:00:50,788 [INFO]   [Val Case 8/50] Finished in 0.27s | Dice Score: 0.0576
2026-09-29 01:00:51,408 [INFO]   [Val Case 9/50] Running sliding-window inference (shape: (223, 223, 143), overlap: 0.25)...
2026-09-29 01:00:51,670 [INFO]   [Val Case 9/50] Finished in 0.30s | Dice Score: 0.2382
2026-09-29 01:00:51,731 [INFO]   [Val Case 10/50] Running sliding-window inference (shape: (255, 255, 143), overlap: 0.25)...
2026-09-29 01:00:52,142 [INFO]   [Val Case 10/50] Finished in 0.45s | Dice Score: 0.5240
2026-09-29 01:00:52,215 [INFO]   [Val Case 11/50] Running sliding-window inference (shape: (239, 239, 125), overlap: 0.25)...
2026-09-29 01:00:52,423 [INFO]   [Val Case 11/50] Finished in 0.24s | Dice Score: 0.7165
2026-09-29 01:00:52,475 [INFO]   [Val Case 12/50] Running sliding-window inference (shape: (223, 223, 143), overlap: 0.25)...
2026-09-29 01:00:52,735 [INFO]   [Val Case 12/50] Finished in 0.29s | Dice Score: 0.7544
2026-09-29 01:00:53,394 [INFO]   [Val Case 13/50] Running sliding-window inference (shape: (223, 223, 143), overlap: 0.25)...
2026-09-29 01:00:53,647 [INFO]   [Val Case 13/50] Finished in 0.29s | Dice Score: 0.7698
2026-09-29 01:00:53,691 [INFO]   [Val Case 14/50] Running sliding-window inference (shape: (229, 229, 116), overlap: 0.25)...
2026-09-29 01:00:53,911 [INFO]   [Val Case 14/50] Finished in 0.25s | Dice Score: 0.2451
2026-09-29 01:00:54,554 [INFO]   [Val Case 15/50] Running sliding-window inference (shape: (223, 223, 143), overlap: 0.25)...
2026-09-29 01:00:54,800 [INFO]   [Val Case 15/50] Finished in 0.28s | Dice Score: 0.0603
2026-09-29 01:00:54,847 [INFO]   [Val Case 16/50] Running sliding-window inference (shape: (223, 223, 143), overlap: 0.25)...
2026-09-29 01:00:55,110 [INFO]   [Val Case 16/50] Finished in 0.29s | Dice Score: 0.1811
2026-09-29 01:00:55,304 [INFO]   [Val Case 17/50] Running sliding-window inference (shape: (229, 229, 116), overlap: 0.25)...
2026-09-29 01:00:55,521 [INFO]   [Val Case 17/50] Finished in 0.25s | Dice Score: 0.6818
2026-09-29 01:00:55,578 [INFO]   [Val Case 18/50] Running sliding-window inference (shape: (223, 223, 143), overlap: 0.25)...
2026-09-29 01:00:55,834 [INFO]   [Val Case 18/50] Finished in 0.30s | Dice Score: 0.0113
2026-09-29 01:00:56,490 [INFO]   [Val Case 19/50] Running sliding-window inference (shape: (223, 223, 143), overlap: 0.25)...
2026-09-29 01:00:56,754 [INFO]   [Val Case 19/50] Finished in 0.29s | Dice Score: 0.4188
2026-09-29 01:00:56,812 [INFO]   [Val Case 20/50] Running sliding-window inference (shape: (223, 223, 145), overlap: 0.25)...
2026-09-29 01:00:57,057 [INFO]   [Val Case 20/50] Finished in 0.28s | Dice Score: 0.4260
2026-09-29 01:00:57,322 [INFO]   [Val Case 21/50] Running sliding-window inference (shape: (220, 220, 140), overlap: 0.25)...
2026-09-29 01:00:57,565 [INFO]   [Val Case 21/50] Finished in 0.28s | Dice Score: 0.2583
2026-09-29 01:00:57,621 [INFO]   [Val Case 22/50] Running sliding-window inference (shape: (223, 223, 143), overlap: 0.25)...
2026-09-29 01:00:57,863 [INFO]   [Val Case 22/50] Finished in 0.28s | Dice Score: 0.4625
2026-09-29 01:00:58,409 [INFO]   [Val Case 23/50] Running sliding-window inference (shape: (223, 223, 145), overlap: 0.25)...
2026-09-29 01:00:58,665 [INFO]   [Val Case 23/50] Finished in 0.30s | Dice Score: 0.0051
2026-09-29 01:00:58,716 [INFO]   [Val Case 24/50] Running sliding-window inference (shape: (223, 223, 143), overlap: 0.25)...
2026-09-29 01:00:58,994 [INFO]   [Val Case 24/50] Finished in 0.31s | Dice Score: 0.0083
2026-09-29 01:00:59,682 [INFO]   [Val Case 25/50] Running sliding-window inference (shape: (223, 223, 143), overlap: 0.25)...
2026-09-29 01:00:59,941 [INFO]   [Val Case 25/50] Finished in 0.29s | Dice Score: 0.0294
2026-09-29 01:01:00,006 [INFO]   [Val Case 26/50] Running sliding-window inference (shape: (259, 259, 129), overlap: 0.25)...
2026-09-29 01:01:00,442 [INFO]   [Val Case 26/50] Finished in 0.48s | Dice Score: 0.0000
2026-09-29 01:01:00,841 [INFO]   [Val Case 27/50] Running sliding-window inference (shape: (223, 223, 143), overlap: 0.25)...
2026-09-29 01:01:01,092 [INFO]   [Val Case 27/50] Finished in 0.28s | Dice Score: 0.0412
2026-09-29 01:01:01,153 [INFO]   [Val Case 28/50] Running sliding-window inference (shape: (223, 223, 145), overlap: 0.25)...
2026-09-29 01:01:01,411 [INFO]   [Val Case 28/50] Finished in 0.30s | Dice Score: 0.2920
2026-09-29 01:01:01,700 [INFO]   [Val Case 29/50] Running sliding-window inference (shape: (223, 223, 145), overlap: 0.25)...
2026-09-29 01:01:01,944 [INFO]   [Val Case 29/50] Finished in 0.28s | Dice Score: 0.5881
2026-09-29 01:01:01,994 [INFO]   [Val Case 30/50] Running sliding-window inference (shape: (223, 223, 145), overlap: 0.25)...
2026-09-29 01:01:02,255 [INFO]   [Val Case 30/50] Finished in 0.30s | Dice Score: 0.2906
2026-09-29 01:01:02,508 [INFO]   [Val Case 31/50] Running sliding-window inference (shape: (220, 220, 140), overlap: 0.25)...
2026-09-29 01:01:02,754 [INFO]   [Val Case 31/50] Finished in 0.27s | Dice Score: 0.5690
2026-09-29 01:01:02,800 [INFO]   [Val Case 32/50] Running sliding-window inference (shape: (223, 223, 145), overlap: 0.25)...
2026-09-29 01:01:03,060 [INFO]   [Val Case 32/50] Finished in 0.29s | Dice Score: 0.0599
2026-09-29 01:01:03,410 [INFO]   [Val Case 33/50] Running sliding-window inference (shape: (229, 229, 139), overlap: 0.25)...
2026-09-29 01:01:03,671 [INFO]   [Val Case 33/50] Finished in 0.29s | Dice Score: 0.0840
2026-09-29 01:01:04,010 [INFO]   [Val Case 34/50] Running sliding-window inference (shape: (223, 223, 143), overlap: 0.25)...
2026-09-29 01:01:04,269 [INFO]   [Val Case 34/50] Finished in 0.29s | Dice Score: 0.0879
2026-09-29 01:01:04,603 [INFO]   [Val Case 35/50] Running sliding-window inference (shape: (223, 223, 143), overlap: 0.25)...
2026-09-29 01:01:04,861 [INFO]   [Val Case 35/50] Finished in 0.29s | Dice Score: 0.1936
2026-09-29 01:01:05,208 [INFO]   [Val Case 36/50] Running sliding-window inference (shape: (223, 223, 145), overlap: 0.25)...
2026-09-29 01:01:05,463 [INFO]   [Val Case 36/50] Finished in 0.29s | Dice Score: 0.0422
2026-09-29 01:01:05,820 [INFO]   [Val Case 37/50] Running sliding-window inference (shape: (223, 223, 143), overlap: 0.25)...
2026-09-29 01:01:06,080 [INFO]   [Val Case 37/50] Finished in 0.29s | Dice Score: 0.7244
2026-09-29 01:01:06,125 [INFO]   [Val Case 38/50] Running sliding-window inference (shape: (229, 229, 116), overlap: 0.25)...
2026-09-29 01:01:06,365 [INFO]   [Val Case 38/50] Finished in 0.27s | Dice Score: 0.4143
2026-09-29 01:01:07,106 [INFO]   [Val Case 39/50] Running sliding-window inference (shape: (223, 223, 151), overlap: 0.25)...
2026-09-29 01:01:07,357 [INFO]   [Val Case 39/50] Finished in 0.28s | Dice Score: 0.3087
2026-09-29 01:01:07,408 [INFO]   [Val Case 40/50] Running sliding-window inference (shape: (223, 223, 143), overlap: 0.25)...
2026-09-29 01:01:07,734 [INFO]   [Val Case 40/50] Finished in 0.36s | Dice Score: 0.1619
2026-09-29 01:01:08,376 [INFO]   [Val Case 41/50] Running sliding-window inference (shape: (223, 223, 143), overlap: 0.25)...
2026-09-29 01:01:08,643 [INFO]   [Val Case 41/50] Finished in 0.31s | Dice Score: 0.0426
2026-09-29 01:01:08,695 [INFO]   [Val Case 42/50] Running sliding-window inference (shape: (223, 223, 143), overlap: 0.25)...
2026-09-29 01:01:08,977 [INFO]   [Val Case 42/50] Finished in 0.32s | Dice Score: 0.4484
2026-09-29 01:01:09,608 [INFO]   [Val Case 43/50] Running sliding-window inference (shape: (223, 223, 145), overlap: 0.25)...
2026-09-29 01:01:09,870 [INFO]   [Val Case 43/50] Finished in 0.29s | Dice Score: 0.3425
2026-09-29 01:01:09,914 [INFO]   [Val Case 44/50] Running sliding-window inference (shape: (229, 229, 116), overlap: 0.25)...
2026-09-29 01:01:10,134 [INFO]   [Val Case 44/50] Finished in 0.25s | Dice Score: 0.5183
2026-09-29 01:01:10,771 [INFO]   [Val Case 45/50] Running sliding-window inference (shape: (223, 223, 143), overlap: 0.25)...
2026-09-29 01:01:11,043 [INFO]   [Val Case 45/50] Finished in 0.30s | Dice Score: 0.5624
2026-09-29 01:01:11,098 [INFO]   [Val Case 46/50] Running sliding-window inference (shape: (223, 223, 145), overlap: 0.25)...
2026-09-29 01:01:11,367 [INFO]   [Val Case 46/50] Finished in 0.31s | Dice Score: 0.4122
2026-09-29 01:01:11,860 [INFO]   [Val Case 47/50] Running sliding-window inference (shape: (223, 223, 145), overlap: 0.25)...
2026-09-29 01:01:12,106 [INFO]   [Val Case 47/50] Finished in 0.28s | Dice Score: 0.0424
2026-09-29 01:01:12,163 [INFO]   [Val Case 48/50] Running sliding-window inference (shape: (223, 223, 143), overlap: 0.25)...
2026-09-29 01:01:12,421 [INFO]   [Val Case 48/50] Finished in 0.29s | Dice Score: 0.0525
2026-09-29 01:01:13,031 [INFO]   [Val Case 49/50] Running sliding-window inference (shape: (223, 223, 143), overlap: 0.25)...
2026-09-29 01:01:13,257 [INFO]   [Val Case 49/50] Finished in 0.25s | Dice Score: 0.0000
2026-09-29 01:01:13,299 [INFO]   [Val Case 50/50] Running sliding-window inference (shape: (223, 223, 143), overlap: 0.25)...
2026-09-29 01:01:13,525 [INFO]   [Val Case 50/50] Finished in 0.25s | Dice Score: 0.7449
2026-09-29 01:01:14,146 [INFO] Epoch 9 Validation (34.8s): Mean Dice: 0.2870 (50 subjects)
2026-09-29 01:01:14,174 [INFO] --> New best metric model saved (Dice: 0.2870) at G:\PROJECT\PBL6-main\experiments\runs\segresnet_fold0_20260929_003648\best_metric_model.pth
2026-09-29 01:01:14,204 [INFO] ---------------------------------------------------------------------------
2026-09-29 01:01:14,205 [INFO] Starting Epoch 10/30 (LR: 7.94e-04)...
2026-09-29 01:01:33,696 [INFO]     [Train Batch 25/200] Step Loss: 0.7807 | Running Avg Loss: 0.4979
2026-09-29 01:01:46,682 [INFO]     [Train Batch 50/200] Step Loss: 0.7765 | Running Avg Loss: 0.5237
2026-09-29 01:01:59,588 [INFO]     [Train Batch 75/200] Step Loss: 0.8656 | Running Avg Loss: 0.5442
2026-09-29 01:02:13,273 [INFO]     [Train Batch 100/200] Step Loss: 0.2778 | Running Avg Loss: 0.5480
2026-09-29 01:02:25,443 [INFO]     [Train Batch 125/200] Step Loss: 0.5740 | Running Avg Loss: 0.5497
2026-09-29 01:02:43,086 [INFO]     [Train Batch 150/200] Step Loss: 0.1992 | Running Avg Loss: 0.5749
2026-09-29 01:03:00,286 [INFO]     [Train Batch 175/200] Step Loss: 0.5660 | Running Avg Loss: 0.5778
2026-09-29 01:03:14,163 [INFO]     [Train Batch 200/200] Step Loss: 0.2100 | Running Avg Loss: 0.5780
2026-09-29 01:03:14,876 [INFO] Epoch 10/30 (120.7s) - Train Loss: 0.5780 | LR: 7.50e-04
2026-09-29 01:03:22,683 [INFO]   [Val Case 1/50] Running sliding-window inference (shape: (223, 223, 145), overlap: 0.25)...
2026-09-29 01:03:23,135 [INFO]   [Val Case 1/50] Finished in 0.52s | Dice Score: 0.0640
2026-09-29 01:03:23,195 [INFO]   [Val Case 2/50] Running sliding-window inference (shape: (223, 223, 145), overlap: 0.25)...
2026-09-29 01:03:23,455 [INFO]   [Val Case 2/50] Finished in 0.30s | Dice Score: 0.0038
2026-09-29 01:03:23,892 [INFO]   [Val Case 3/50] Running sliding-window inference (shape: (223, 223, 143), overlap: 0.25)...
2026-09-29 01:03:24,188 [INFO]   [Val Case 3/50] Finished in 0.33s | Dice Score: 0.0420
2026-09-29 01:03:24,238 [INFO]   [Val Case 4/50] Running sliding-window inference (shape: (223, 223, 145), overlap: 0.25)...
2026-09-29 01:03:24,479 [INFO]   [Val Case 4/50] Finished in 0.28s | Dice Score: 0.0319
2026-09-29 01:03:25,105 [INFO]   [Val Case 5/50] Running sliding-window inference (shape: (223, 223, 145), overlap: 0.25)...
2026-09-29 01:03:25,353 [INFO]   [Val Case 5/50] Finished in 0.28s | Dice Score: 0.8569
2026-09-29 01:03:25,397 [INFO]   [Val Case 6/50] Running sliding-window inference (shape: (229, 229, 116), overlap: 0.25)...
2026-09-29 01:03:25,597 [INFO]   [Val Case 6/50] Finished in 0.23s | Dice Score: 0.0328
2026-09-29 01:03:25,814 [INFO]   [Val Case 7/50] Running sliding-window inference (shape: (229, 229, 116), overlap: 0.25)...
2026-09-29 01:03:26,018 [INFO]   [Val Case 7/50] Finished in 0.24s | Dice Score: 0.2909
2026-09-29 01:03:26,061 [INFO]   [Val Case 8/50] Running sliding-window inference (shape: (220, 220, 140), overlap: 0.25)...
2026-09-29 01:03:26,320 [INFO]   [Val Case 8/50] Finished in 0.29s | Dice Score: 0.0392
2026-09-29 01:03:26,941 [INFO]   [Val Case 9/50] Running sliding-window inference (shape: (223, 223, 143), overlap: 0.25)...
2026-09-29 01:03:27,193 [INFO]   [Val Case 9/50] Finished in 0.28s | Dice Score: 0.1262
2026-09-29 01:03:27,255 [INFO]   [Val Case 10/50] Running sliding-window inference (shape: (255, 255, 143), overlap: 0.25)...
2026-09-29 01:03:27,671 [INFO]   [Val Case 10/50] Finished in 0.46s | Dice Score: 0.3855
2026-09-29 01:03:27,730 [INFO]   [Val Case 11/50] Running sliding-window inference (shape: (239, 239, 125), overlap: 0.25)...
2026-09-29 01:03:27,947 [INFO]   [Val Case 11/50] Finished in 0.25s | Dice Score: 0.8106
2026-09-29 01:03:28,002 [INFO]   [Val Case 12/50] Running sliding-window inference (shape: (223, 223, 143), overlap: 0.25)...
2026-09-29 01:03:28,242 [INFO]   [Val Case 12/50] Finished in 0.27s | Dice Score: 0.7421
2026-09-29 01:03:28,878 [INFO]   [Val Case 13/50] Running sliding-window inference (shape: (223, 223, 143), overlap: 0.25)...
2026-09-29 01:03:29,119 [INFO]   [Val Case 13/50] Finished in 0.29s | Dice Score: 0.8575
2026-09-29 01:03:29,161 [INFO]   [Val Case 14/50] Running sliding-window inference (shape: (229, 229, 116), overlap: 0.25)...
2026-09-29 01:03:29,383 [INFO]   [Val Case 14/50] Finished in 0.25s | Dice Score: 0.1591
2026-09-29 01:03:30,004 [INFO]   [Val Case 15/50] Running sliding-window inference (shape: (223, 223, 143), overlap: 0.25)...
2026-09-29 01:03:30,283 [INFO]   [Val Case 15/50] Finished in 0.35s | Dice Score: 0.0890
2026-09-29 01:03:30,332 [INFO]   [Val Case 16/50] Running sliding-window inference (shape: (223, 223, 143), overlap: 0.25)...
2026-09-29 01:03:30,602 [INFO]   [Val Case 16/50] Finished in 0.30s | Dice Score: 0.1139
2026-09-29 01:03:30,715 [INFO]   [Val Case 17/50] Running sliding-window inference (shape: (229, 229, 116), overlap: 0.25)...
2026-09-29 01:03:30,922 [INFO]   [Val Case 17/50] Finished in 0.23s | Dice Score: 0.4750
2026-09-29 01:03:30,981 [INFO]   [Val Case 18/50] Running sliding-window inference (shape: (223, 223, 143), overlap: 0.25)...
2026-09-29 01:03:31,260 [INFO]   [Val Case 18/50] Finished in 0.31s | Dice Score: 0.0079
2026-09-29 01:03:31,947 [INFO]   [Val Case 19/50] Running sliding-window inference (shape: (223, 223, 143), overlap: 0.25)...
2026-09-29 01:03:32,192 [INFO]   [Val Case 19/50] Finished in 0.28s | Dice Score: 0.3504
2026-09-29 01:03:32,245 [INFO]   [Val Case 20/50] Running sliding-window inference (shape: (223, 223, 145), overlap: 0.25)...
2026-09-29 01:03:32,514 [INFO]   [Val Case 20/50] Finished in 0.30s | Dice Score: 0.2694
2026-09-29 01:03:32,842 [INFO]   [Val Case 21/50] Running sliding-window inference (shape: (220, 220, 140), overlap: 0.25)...
2026-09-29 01:03:33,122 [INFO]   [Val Case 21/50] Finished in 0.32s | Dice Score: 0.2544
2026-09-29 01:03:33,179 [INFO]   [Val Case 22/50] Running sliding-window inference (shape: (223, 223, 143), overlap: 0.25)...
2026-09-29 01:03:33,444 [INFO]   [Val Case 22/50] Finished in 0.30s | Dice Score: 0.3671
2026-09-29 01:03:33,966 [INFO]   [Val Case 23/50] Running sliding-window inference (shape: (223, 223, 145), overlap: 0.25)...
2026-09-29 01:03:34,216 [INFO]   [Val Case 23/50] Finished in 0.28s | Dice Score: 0.0032
2026-09-29 01:03:34,402 [INFO]   [Val Case 24/50] Running sliding-window inference (shape: (223, 223, 143), overlap: 0.25)...
2026-09-29 01:03:34,652 [INFO]   [Val Case 24/50] Finished in 0.29s | Dice Score: 0.0048
2026-09-29 01:03:35,130 [INFO]   [Val Case 25/50] Running sliding-window inference (shape: (223, 223, 143), overlap: 0.25)...
2026-09-29 01:03:35,378 [INFO]   [Val Case 25/50] Finished in 0.28s | Dice Score: 0.0134
2026-09-29 01:03:35,469 [INFO]   [Val Case 26/50] Running sliding-window inference (shape: (259, 259, 129), overlap: 0.25)...
2026-09-29 01:03:35,903 [INFO]   [Val Case 26/50] Finished in 0.48s | Dice Score: 0.0000
2026-09-29 01:03:36,378 [INFO]   [Val Case 27/50] Running sliding-window inference (shape: (223, 223, 143), overlap: 0.25)...
2026-09-29 01:03:36,678 [INFO]   [Val Case 27/50] Finished in 0.33s | Dice Score: 0.0240
2026-09-29 01:03:36,726 [INFO]   [Val Case 28/50] Running sliding-window inference (shape: (223, 223, 145), overlap: 0.25)...
2026-09-29 01:03:37,004 [INFO]   [Val Case 28/50] Finished in 0.31s | Dice Score: 0.2236
2026-09-29 01:03:37,269 [INFO]   [Val Case 29/50] Running sliding-window inference (shape: (223, 223, 145), overlap: 0.25)...
2026-09-29 01:03:37,522 [INFO]   [Val Case 29/50] Finished in 0.29s | Dice Score: 0.6623
2026-09-29 01:03:37,691 [INFO]   [Val Case 30/50] Running sliding-window inference (shape: (223, 223, 145), overlap: 0.25)...
2026-09-29 01:03:37,956 [INFO]   [Val Case 30/50] Finished in 0.29s | Dice Score: 0.1911
2026-09-29 01:03:38,187 [INFO]   [Val Case 31/50] Running sliding-window inference (shape: (220, 220, 140), overlap: 0.25)...
2026-09-29 01:03:38,452 [INFO]   [Val Case 31/50] Finished in 0.30s | Dice Score: 0.4137
2026-09-29 01:03:38,723 [INFO]   [Val Case 32/50] Running sliding-window inference (shape: (223, 223, 145), overlap: 0.25)...
2026-09-29 01:03:39,026 [INFO]   [Val Case 32/50] Finished in 0.34s | Dice Score: 0.0409
2026-09-29 01:03:39,122 [INFO]   [Val Case 33/50] Running sliding-window inference (shape: (229, 229, 139), overlap: 0.25)...
2026-09-29 01:03:39,385 [INFO]   [Val Case 33/50] Finished in 0.30s | Dice Score: 0.0677
2026-09-29 01:03:39,944 [INFO]   [Val Case 34/50] Running sliding-window inference (shape: (223, 223, 143), overlap: 0.25)...
2026-09-29 01:03:40,187 [INFO]   [Val Case 34/50] Finished in 0.28s | Dice Score: 0.1909
2026-09-29 01:03:40,450 [INFO]   [Val Case 35/50] Running sliding-window inference (shape: (223, 223, 143), overlap: 0.25)...
2026-09-29 01:03:40,707 [INFO]   [Val Case 35/50] Finished in 0.30s | Dice Score: 0.1130
2026-09-29 01:03:41,201 [INFO]   [Val Case 36/50] Running sliding-window inference (shape: (223, 223, 145), overlap: 0.25)...
2026-09-29 01:03:41,488 [INFO]   [Val Case 36/50] Finished in 0.32s | Dice Score: 0.0258
2026-09-29 01:03:41,661 [INFO]   [Val Case 37/50] Running sliding-window inference (shape: (223, 223, 143), overlap: 0.25)...
2026-09-29 01:03:41,907 [INFO]   [Val Case 37/50] Finished in 0.29s | Dice Score: 0.7742
2026-09-29 01:03:41,952 [INFO]   [Val Case 38/50] Running sliding-window inference (shape: (229, 229, 116), overlap: 0.25)...
2026-09-29 01:03:42,170 [INFO]   [Val Case 38/50] Finished in 0.25s | Dice Score: 0.2575
2026-09-29 01:03:42,924 [INFO]   [Val Case 39/50] Running sliding-window inference (shape: (223, 223, 151), overlap: 0.25)...
2026-09-29 01:03:43,182 [INFO]   [Val Case 39/50] Finished in 0.29s | Dice Score: 0.3124
2026-09-29 01:03:43,236 [INFO]   [Val Case 40/50] Running sliding-window inference (shape: (223, 223, 143), overlap: 0.25)...
2026-09-29 01:03:43,494 [INFO]   [Val Case 40/50] Finished in 0.29s | Dice Score: 0.1259
2026-09-29 01:03:44,134 [INFO]   [Val Case 41/50] Running sliding-window inference (shape: (223, 223, 143), overlap: 0.25)...
2026-09-29 01:03:44,408 [INFO]   [Val Case 41/50] Finished in 0.31s | Dice Score: 0.0294
2026-09-29 01:03:44,459 [INFO]   [Val Case 42/50] Running sliding-window inference (shape: (223, 223, 143), overlap: 0.25)...
2026-09-29 01:03:44,728 [INFO]   [Val Case 42/50] Finished in 0.30s | Dice Score: 0.2914
2026-09-29 01:03:45,394 [INFO]   [Val Case 43/50] Running sliding-window inference (shape: (223, 223, 145), overlap: 0.25)...
2026-09-29 01:03:45,691 [INFO]   [Val Case 43/50] Finished in 0.33s | Dice Score: 0.2371
2026-09-29 01:03:45,735 [INFO]   [Val Case 44/50] Running sliding-window inference (shape: (229, 229, 116), overlap: 0.25)...
2026-09-29 01:03:45,950 [INFO]   [Val Case 44/50] Finished in 0.24s | Dice Score: 0.3987
2026-09-29 01:03:46,573 [INFO]   [Val Case 45/50] Running sliding-window inference (shape: (223, 223, 143), overlap: 0.25)...
2026-09-29 01:03:46,833 [INFO]   [Val Case 45/50] Finished in 0.29s | Dice Score: 0.7068
2026-09-29 01:03:46,925 [INFO]   [Val Case 46/50] Running sliding-window inference (shape: (223, 223, 145), overlap: 0.25)...
2026-09-29 01:03:47,181 [INFO]   [Val Case 46/50] Finished in 0.32s | Dice Score: 0.3298
2026-09-29 01:03:47,749 [INFO]   [Val Case 47/50] Running sliding-window inference (shape: (223, 223, 145), overlap: 0.25)...
2026-09-29 01:03:48,053 [INFO]   [Val Case 47/50] Finished in 0.35s | Dice Score: 0.0283
2026-09-29 01:03:48,118 [INFO]   [Val Case 48/50] Running sliding-window inference (shape: (223, 223, 143), overlap: 0.25)...
2026-09-29 01:03:48,376 [INFO]   [Val Case 48/50] Finished in 0.31s | Dice Score: 0.0407
2026-09-29 01:03:48,892 [INFO]   [Val Case 49/50] Running sliding-window inference (shape: (223, 223, 143), overlap: 0.25)...
2026-09-29 01:03:49,209 [INFO]   [Val Case 49/50] Finished in 0.35s | Dice Score: 0.0000
2026-09-29 01:03:49,254 [INFO]   [Val Case 50/50] Running sliding-window inference (shape: (223, 223, 143), overlap: 0.25)...
2026-09-29 01:03:49,630 [INFO]   [Val Case 50/50] Finished in 0.41s | Dice Score: 0.5799
2026-09-29 01:03:50,265 [INFO] Epoch 10 Validation (35.4s): Mean Dice: 0.2491 (50 subjects)
2026-09-29 01:03:50,299 [INFO] ---------------------------------------------------------------------------
2026-09-29 01:03:50,299 [INFO] Starting Epoch 11/30 (LR: 7.50e-04)...
2026-09-29 01:04:12,017 [INFO]     [Train Batch 25/200] Step Loss: 0.2784 | Running Avg Loss: 0.5865
2026-09-29 01:04:29,732 [INFO]     [Train Batch 50/200] Step Loss: 0.6226 | Running Avg Loss: 0.6049
2026-09-29 01:04:41,945 [INFO]     [Train Batch 75/200] Step Loss: 0.4462 | Running Avg Loss: 0.5961
2026-09-29 01:04:59,648 [INFO]     [Train Batch 100/200] Step Loss: 0.4271 | Running Avg Loss: 0.5937
2026-09-29 01:05:12,686 [INFO]     [Train Batch 125/200] Step Loss: 0.6311 | Running Avg Loss: 0.5894
2026-09-29 01:05:25,594 [INFO]     [Train Batch 150/200] Step Loss: 0.9195 | Running Avg Loss: 0.5961
2026-09-29 01:05:37,742 [INFO]     [Train Batch 175/200] Step Loss: 0.4832 | Running Avg Loss: 0.5867
2026-09-29 01:05:55,469 [INFO]     [Train Batch 200/200] Step Loss: 0.8573 | Running Avg Loss: 0.5836
2026-09-29 01:05:56,144 [INFO] Epoch 11/30 (125.8s) - Train Loss: 0.5836 | LR: 7.03e-04
2026-09-29 01:06:04,165 [INFO]   [Val Case 1/50] Running sliding-window inference (shape: (223, 223, 145), overlap: 0.25)...
2026-09-29 01:06:04,547 [INFO]   [Val Case 1/50] Finished in 0.45s | Dice Score: 0.0461
2026-09-29 01:06:04,606 [INFO]   [Val Case 2/50] Running sliding-window inference (shape: (223, 223, 145), overlap: 0.25)...
2026-09-29 01:06:04,852 [INFO]   [Val Case 2/50] Finished in 0.29s | Dice Score: 0.0058
2026-09-29 01:06:05,472 [INFO]   [Val Case 3/50] Running sliding-window inference (shape: (223, 223, 143), overlap: 0.25)...
2026-09-29 01:06:05,715 [INFO]   [Val Case 3/50] Finished in 0.28s | Dice Score: 0.0307
2026-09-29 01:06:05,762 [INFO]   [Val Case 4/50] Running sliding-window inference (shape: (223, 223, 145), overlap: 0.25)...
2026-09-29 01:06:06,009 [INFO]   [Val Case 4/50] Finished in 0.28s | Dice Score: 0.0207
2026-09-29 01:06:06,765 [INFO]   [Val Case 5/50] Running sliding-window inference (shape: (223, 223, 145), overlap: 0.25)...
2026-09-29 01:06:07,018 [INFO]   [Val Case 5/50] Finished in 0.30s | Dice Score: 0.8398
2026-09-29 01:06:07,059 [INFO]   [Val Case 6/50] Running sliding-window inference (shape: (229, 229, 116), overlap: 0.25)...
2026-09-29 01:06:07,261 [INFO]   [Val Case 6/50] Finished in 0.23s | Dice Score: 0.0191
2026-09-29 01:06:07,456 [INFO]   [Val Case 7/50] Running sliding-window inference (shape: (229, 229, 116), overlap: 0.25)...
2026-09-29 01:06:07,652 [INFO]   [Val Case 7/50] Finished in 0.22s | Dice Score: 0.2096
2026-09-29 01:06:07,692 [INFO]   [Val Case 8/50] Running sliding-window inference (shape: (220, 220, 140), overlap: 0.25)...
2026-09-29 01:06:07,949 [INFO]   [Val Case 8/50] Finished in 0.29s | Dice Score: 0.0316
2026-09-29 01:06:08,587 [INFO]   [Val Case 9/50] Running sliding-window inference (shape: (223, 223, 143), overlap: 0.25)...
2026-09-29 01:06:08,838 [INFO]   [Val Case 9/50] Finished in 0.28s | Dice Score: 0.1019
2026-09-29 01:06:08,892 [INFO]   [Val Case 10/50] Running sliding-window inference (shape: (255, 255, 143), overlap: 0.25)...
2026-09-29 01:06:09,306 [INFO]   [Val Case 10/50] Finished in 0.45s | Dice Score: 0.2806
2026-09-29 01:06:09,431 [INFO]   [Val Case 11/50] Running sliding-window inference (shape: (239, 239, 125), overlap: 0.25)...
2026-09-29 01:06:09,633 [INFO]   [Val Case 11/50] Finished in 0.23s | Dice Score: 0.8006
2026-09-29 01:06:09,686 [INFO]   [Val Case 12/50] Running sliding-window inference (shape: (223, 223, 143), overlap: 0.25)...
2026-09-29 01:06:09,942 [INFO]   [Val Case 12/50] Finished in 0.30s | Dice Score: 0.7098
2026-09-29 01:06:10,610 [INFO]   [Val Case 13/50] Running sliding-window inference (shape: (223, 223, 143), overlap: 0.25)...
2026-09-29 01:06:10,844 [INFO]   [Val Case 13/50] Finished in 0.27s | Dice Score: 0.8139
2026-09-29 01:06:10,901 [INFO]   [Val Case 14/50] Running sliding-window inference (shape: (229, 229, 116), overlap: 0.25)...
2026-09-29 01:06:11,122 [INFO]   [Val Case 14/50] Finished in 0.26s | Dice Score: 0.1082
2026-09-29 01:06:11,753 [INFO]   [Val Case 15/50] Running sliding-window inference (shape: (223, 223, 143), overlap: 0.25)...
2026-09-29 01:06:12,003 [INFO]   [Val Case 15/50] Finished in 0.28s | Dice Score: 0.0490
2026-09-29 01:06:12,062 [INFO]   [Val Case 16/50] Running sliding-window inference (shape: (223, 223, 143), overlap: 0.25)...
2026-09-29 01:06:12,318 [INFO]   [Val Case 16/50] Finished in 0.30s | Dice Score: 0.0692
2026-09-29 01:06:12,442 [INFO]   [Val Case 17/50] Running sliding-window inference (shape: (229, 229, 116), overlap: 0.25)...
2026-09-29 01:06:12,651 [INFO]   [Val Case 17/50] Finished in 0.24s | Dice Score: 0.4070
2026-09-29 01:06:12,696 [INFO]   [Val Case 18/50] Running sliding-window inference (shape: (223, 223, 143), overlap: 0.25)...
2026-09-29 01:06:12,939 [INFO]   [Val Case 18/50] Finished in 0.27s | Dice Score: 0.0041
2026-09-29 01:06:13,559 [INFO]   [Val Case 19/50] Running sliding-window inference (shape: (223, 223, 143), overlap: 0.25)...
2026-09-29 01:06:13,821 [INFO]   [Val Case 19/50] Finished in 0.29s | Dice Score: 0.2955
2026-09-29 01:06:13,874 [INFO]   [Val Case 20/50] Running sliding-window inference (shape: (223, 223, 145), overlap: 0.25)...
2026-09-29 01:06:14,116 [INFO]   [Val Case 20/50] Finished in 0.28s | Dice Score: 0.2175
2026-09-29 01:06:14,491 [INFO]   [Val Case 21/50] Running sliding-window inference (shape: (220, 220, 140), overlap: 0.25)...
2026-09-29 01:06:14,756 [INFO]   [Val Case 21/50] Finished in 0.30s | Dice Score: 0.2428
2026-09-29 01:06:14,811 [INFO]   [Val Case 22/50] Running sliding-window inference (shape: (223, 223, 143), overlap: 0.25)...
2026-09-29 01:06:15,082 [INFO]   [Val Case 22/50] Finished in 0.31s | Dice Score: 0.2591
2026-09-29 01:06:15,603 [INFO]   [Val Case 23/50] Running sliding-window inference (shape: (223, 223, 145), overlap: 0.25)...
2026-09-29 01:06:15,875 [INFO]   [Val Case 23/50] Finished in 0.31s | Dice Score: 0.0023
2026-09-29 01:06:15,942 [INFO]   [Val Case 24/50] Running sliding-window inference (shape: (223, 223, 143), overlap: 0.25)...
2026-09-29 01:06:16,201 [INFO]   [Val Case 24/50] Finished in 0.30s | Dice Score: 0.0034
2026-09-29 01:06:16,839 [INFO]   [Val Case 25/50] Running sliding-window inference (shape: (223, 223, 143), overlap: 0.25)...
2026-09-29 01:06:17,094 [INFO]   [Val Case 25/50] Finished in 0.29s | Dice Score: 0.0081
2026-09-29 01:06:17,147 [INFO]   [Val Case 26/50] Running sliding-window inference (shape: (259, 259, 129), overlap: 0.25)...
2026-09-29 01:06:17,587 [INFO]   [Val Case 26/50] Finished in 0.48s | Dice Score: 0.0000
2026-09-29 01:06:18,002 [INFO]   [Val Case 27/50] Running sliding-window inference (shape: (223, 223, 143), overlap: 0.25)...
2026-09-29 01:06:18,258 [INFO]   [Val Case 27/50] Finished in 0.29s | Dice Score: 0.0189
2026-09-29 01:06:18,308 [INFO]   [Val Case 28/50] Running sliding-window inference (shape: (223, 223, 145), overlap: 0.25)...
2026-09-29 01:06:18,564 [INFO]   [Val Case 28/50] Finished in 0.29s | Dice Score: 0.1821
2026-09-29 01:06:18,850 [INFO]   [Val Case 29/50] Running sliding-window inference (shape: (223, 223, 145), overlap: 0.25)...
2026-09-29 01:06:19,124 [INFO]   [Val Case 29/50] Finished in 0.31s | Dice Score: 0.6349
2026-09-29 01:06:19,198 [INFO]   [Val Case 30/50] Running sliding-window inference (shape: (223, 223, 145), overlap: 0.25)...
2026-09-29 01:06:19,460 [INFO]   [Val Case 30/50] Finished in 0.31s | Dice Score: 0.1240
2026-09-29 01:06:19,648 [INFO]   [Val Case 31/50] Running sliding-window inference (shape: (220, 220, 140), overlap: 0.25)...
2026-09-29 01:06:19,899 [INFO]   [Val Case 31/50] Finished in 0.28s | Dice Score: 0.2597
2026-09-29 01:06:19,947 [INFO]   [Val Case 32/50] Running sliding-window inference (shape: (223, 223, 145), overlap: 0.25)...
2026-09-29 01:06:20,208 [INFO]   [Val Case 32/50] Finished in 0.29s | Dice Score: 0.0288
2026-09-29 01:06:20,521 [INFO]   [Val Case 33/50] Running sliding-window inference (shape: (229, 229, 139), overlap: 0.25)...
2026-09-29 01:06:20,782 [INFO]   [Val Case 33/50] Finished in 0.29s | Dice Score: 0.0503
2026-09-29 01:06:21,105 [INFO]   [Val Case 34/50] Running sliding-window inference (shape: (223, 223, 143), overlap: 0.25)...
2026-09-29 01:06:21,377 [INFO]   [Val Case 34/50] Finished in 0.30s | Dice Score: 0.1177
2026-09-29 01:06:21,788 [INFO]   [Val Case 35/50] Running sliding-window inference (shape: (223, 223, 143), overlap: 0.25)...
2026-09-29 01:06:22,043 [INFO]   [Val Case 35/50] Finished in 0.29s | Dice Score: 0.0798
2026-09-29 01:06:22,358 [INFO]   [Val Case 36/50] Running sliding-window inference (shape: (223, 223, 145), overlap: 0.25)...
2026-09-29 01:06:22,619 [INFO]   [Val Case 36/50] Finished in 0.29s | Dice Score: 0.0172
2026-09-29 01:06:22,948 [INFO]   [Val Case 37/50] Running sliding-window inference (shape: (223, 223, 143), overlap: 0.25)...
2026-09-29 01:06:23,197 [INFO]   [Val Case 37/50] Finished in 0.28s | Dice Score: 0.7510
2026-09-29 01:06:23,242 [INFO]   [Val Case 38/50] Running sliding-window inference (shape: (229, 229, 116), overlap: 0.25)...
2026-09-29 01:06:23,471 [INFO]   [Val Case 38/50] Finished in 0.26s | Dice Score: 0.1799
2026-09-29 01:06:24,191 [INFO]   [Val Case 39/50] Running sliding-window inference (shape: (223, 223, 151), overlap: 0.25)...
2026-09-29 01:06:24,435 [INFO]   [Val Case 39/50] Finished in 0.28s | Dice Score: 0.2786
2026-09-29 01:06:24,484 [INFO]   [Val Case 40/50] Running sliding-window inference (shape: (223, 223, 143), overlap: 0.25)...
2026-09-29 01:06:24,755 [INFO]   [Val Case 40/50] Finished in 0.30s | Dice Score: 0.0937
2026-09-29 01:06:25,453 [INFO]   [Val Case 41/50] Running sliding-window inference (shape: (223, 223, 143), overlap: 0.25)...
2026-09-29 01:06:25,720 [INFO]   [Val Case 41/50] Finished in 0.31s | Dice Score: 0.0180
2026-09-29 01:06:25,778 [INFO]   [Val Case 42/50] Running sliding-window inference (shape: (223, 223, 143), overlap: 0.25)...
2026-09-29 01:06:26,039 [INFO]   [Val Case 42/50] Finished in 0.30s | Dice Score: 0.1995
2026-09-29 01:06:26,704 [INFO]   [Val Case 43/50] Running sliding-window inference (shape: (223, 223, 145), overlap: 0.25)...
2026-09-29 01:06:26,962 [INFO]   [Val Case 43/50] Finished in 0.30s | Dice Score: 0.1510
2026-09-29 01:06:27,008 [INFO]   [Val Case 44/50] Running sliding-window inference (shape: (229, 229, 116), overlap: 0.25)...
2026-09-29 01:06:27,243 [INFO]   [Val Case 44/50] Finished in 0.26s | Dice Score: 0.3340
2026-09-29 01:06:27,881 [INFO]   [Val Case 45/50] Running sliding-window inference (shape: (223, 223, 143), overlap: 0.25)...
2026-09-29 01:06:28,145 [INFO]   [Val Case 45/50] Finished in 0.29s | Dice Score: 0.6969
2026-09-29 01:06:28,202 [INFO]   [Val Case 46/50] Running sliding-window inference (shape: (223, 223, 145), overlap: 0.25)...
2026-09-29 01:06:28,463 [INFO]   [Val Case 46/50] Finished in 0.30s | Dice Score: 0.2563
2026-09-29 01:06:28,984 [INFO]   [Val Case 47/50] Running sliding-window inference (shape: (223, 223, 145), overlap: 0.25)...
2026-09-29 01:06:29,248 [INFO]   [Val Case 47/50] Finished in 0.29s | Dice Score: 0.0185
2026-09-29 01:06:29,299 [INFO]   [Val Case 48/50] Running sliding-window inference (shape: (223, 223, 143), overlap: 0.25)...
2026-09-29 01:06:29,553 [INFO]   [Val Case 48/50] Finished in 0.29s | Dice Score: 0.0228
2026-09-29 01:06:30,091 [INFO]   [Val Case 49/50] Running sliding-window inference (shape: (223, 223, 143), overlap: 0.25)...
2026-09-29 01:06:30,319 [INFO]   [Val Case 49/50] Finished in 0.26s | Dice Score: 0.0006
2026-09-29 01:06:30,361 [INFO]   [Val Case 50/50] Running sliding-window inference (shape: (223, 223, 143), overlap: 0.25)...
2026-09-29 01:06:30,590 [INFO]   [Val Case 50/50] Finished in 0.26s | Dice Score: 0.4789
2026-09-29 01:06:31,198 [INFO] Epoch 11 Validation (35.1s): Mean Dice: 0.2114 (50 subjects)
2026-09-29 01:06:31,228 [INFO] ---------------------------------------------------------------------------
2026-09-29 01:06:31,228 [INFO] Starting Epoch 12/30 (LR: 7.03e-04)...
2026-09-29 01:06:51,928 [INFO]     [Train Batch 25/200] Step Loss: 0.9997 | Running Avg Loss: 0.5497
2026-09-29 01:07:04,622 [INFO]     [Train Batch 50/200] Step Loss: 0.3818 | Running Avg Loss: 0.5817
2026-09-29 01:07:18,534 [INFO]     [Train Batch 75/200] Step Loss: 0.2451 | Running Avg Loss: 0.5620
2026-09-29 01:07:35,383 [INFO]     [Train Batch 100/200] Step Loss: 0.1799 | Running Avg Loss: 0.5608
2026-09-29 01:07:52,301 [INFO]     [Train Batch 125/200] Step Loss: 0.3551 | Running Avg Loss: 0.5621
2026-09-29 01:08:05,269 [INFO]     [Train Batch 150/200] Step Loss: 0.4955 | Running Avg Loss: 0.5676
2026-09-29 01:08:17,566 [INFO]     [Train Batch 175/200] Step Loss: 0.6910 | Running Avg Loss: 0.5680
2026-09-29 01:08:34,646 [INFO]     [Train Batch 200/200] Step Loss: 0.9645 | Running Avg Loss: 0.5684
2026-09-29 01:08:35,356 [INFO] Epoch 12/30 (124.1s) - Train Loss: 0.5684 | LR: 6.55e-04
2026-09-29 01:08:43,234 [INFO]   [Val Case 1/50] Running sliding-window inference (shape: (223, 223, 145), overlap: 0.25)...
2026-09-29 01:08:43,567 [INFO]   [Val Case 1/50] Finished in 0.40s | Dice Score: 0.0989
2026-09-29 01:08:43,627 [INFO]   [Val Case 2/50] Running sliding-window inference (shape: (223, 223, 145), overlap: 0.25)...
2026-09-29 01:08:43,884 [INFO]   [Val Case 2/50] Finished in 0.30s | Dice Score: 0.0028
2026-09-29 01:08:44,435 [INFO]   [Val Case 3/50] Running sliding-window inference (shape: (223, 223, 143), overlap: 0.25)...
2026-09-29 01:08:44,675 [INFO]   [Val Case 3/50] Finished in 0.27s | Dice Score: 0.1000
2026-09-29 01:08:44,722 [INFO]   [Val Case 4/50] Running sliding-window inference (shape: (223, 223, 145), overlap: 0.25)...
2026-09-29 01:08:44,975 [INFO]   [Val Case 4/50] Finished in 0.28s | Dice Score: 0.0634
2026-09-29 01:08:45,627 [INFO]   [Val Case 5/50] Running sliding-window inference (shape: (223, 223, 145), overlap: 0.25)...
2026-09-29 01:08:45,871 [INFO]   [Val Case 5/50] Finished in 0.28s | Dice Score: 0.8667
2026-09-29 01:08:45,913 [INFO]   [Val Case 6/50] Running sliding-window inference (shape: (229, 229, 116), overlap: 0.25)...
2026-09-29 01:08:46,117 [INFO]   [Val Case 6/50] Finished in 0.23s | Dice Score: 0.0748
2026-09-29 01:08:46,367 [INFO]   [Val Case 7/50] Running sliding-window inference (shape: (229, 229, 116), overlap: 0.25)...
2026-09-29 01:08:46,566 [INFO]   [Val Case 7/50] Finished in 0.23s | Dice Score: 0.3447
2026-09-29 01:08:46,610 [INFO]   [Val Case 8/50] Running sliding-window inference (shape: (220, 220, 140), overlap: 0.25)...
2026-09-29 01:08:46,864 [INFO]   [Val Case 8/50] Finished in 0.28s | Dice Score: 0.0749
2026-09-29 01:08:47,515 [INFO]   [Val Case 9/50] Running sliding-window inference (shape: (223, 223, 143), overlap: 0.25)...
2026-09-29 01:08:47,768 [INFO]   [Val Case 9/50] Finished in 0.28s | Dice Score: 0.3215
2026-09-29 01:08:47,821 [INFO]   [Val Case 10/50] Running sliding-window inference (shape: (255, 255, 143), overlap: 0.25)...
2026-09-29 01:08:48,234 [INFO]   [Val Case 10/50] Finished in 0.45s | Dice Score: 0.5218
2026-09-29 01:08:48,339 [INFO]   [Val Case 11/50] Running sliding-window inference (shape: (239, 239, 125), overlap: 0.25)...
2026-09-29 01:08:48,554 [INFO]   [Val Case 11/50] Finished in 0.25s | Dice Score: 0.7029
2026-09-29 01:08:48,603 [INFO]   [Val Case 12/50] Running sliding-window inference (shape: (223, 223, 143), overlap: 0.25)...
2026-09-29 01:08:48,863 [INFO]   [Val Case 12/50] Finished in 0.29s | Dice Score: 0.7598
2026-09-29 01:08:49,516 [INFO]   [Val Case 13/50] Running sliding-window inference (shape: (223, 223, 143), overlap: 0.25)...
2026-09-29 01:08:49,754 [INFO]   [Val Case 13/50] Finished in 0.27s | Dice Score: 0.7715
2026-09-29 01:08:49,804 [INFO]   [Val Case 14/50] Running sliding-window inference (shape: (229, 229, 116), overlap: 0.25)...
2026-09-29 01:08:50,007 [INFO]   [Val Case 14/50] Finished in 0.24s | Dice Score: 0.2391
2026-09-29 01:08:50,648 [INFO]   [Val Case 15/50] Running sliding-window inference (shape: (223, 223, 143), overlap: 0.25)...
2026-09-29 01:08:50,893 [INFO]   [Val Case 15/50] Finished in 0.29s | Dice Score: 0.0673
2026-09-29 01:08:50,937 [INFO]   [Val Case 16/50] Running sliding-window inference (shape: (223, 223, 143), overlap: 0.25)...
2026-09-29 01:08:51,186 [INFO]   [Val Case 16/50] Finished in 0.28s | Dice Score: 0.2319
2026-09-29 01:08:51,363 [INFO]   [Val Case 17/50] Running sliding-window inference (shape: (229, 229, 116), overlap: 0.25)...
2026-09-29 01:08:51,564 [INFO]   [Val Case 17/50] Finished in 0.23s | Dice Score: 0.6939
2026-09-29 01:08:51,622 [INFO]   [Val Case 18/50] Running sliding-window inference (shape: (223, 223, 143), overlap: 0.25)...
2026-09-29 01:08:51,868 [INFO]   [Val Case 18/50] Finished in 0.29s | Dice Score: 0.0133
2026-09-29 01:08:52,489 [INFO]   [Val Case 19/50] Running sliding-window inference (shape: (223, 223, 143), overlap: 0.25)...
2026-09-29 01:08:52,755 [INFO]   [Val Case 19/50] Finished in 0.30s | Dice Score: 0.5068
2026-09-29 01:08:52,808 [INFO]   [Val Case 20/50] Running sliding-window inference (shape: (223, 223, 145), overlap: 0.25)...
2026-09-29 01:08:53,048 [INFO]   [Val Case 20/50] Finished in 0.27s | Dice Score: 0.4698
2026-09-29 01:08:53,335 [INFO]   [Val Case 21/50] Running sliding-window inference (shape: (220, 220, 140), overlap: 0.25)...
2026-09-29 01:08:53,586 [INFO]   [Val Case 21/50] Finished in 0.28s | Dice Score: 0.3172
2026-09-29 01:08:53,646 [INFO]   [Val Case 22/50] Running sliding-window inference (shape: (223, 223, 143), overlap: 0.25)...
2026-09-29 01:08:53,922 [INFO]   [Val Case 22/50] Finished in 0.32s | Dice Score: 0.4905
2026-09-29 01:08:54,403 [INFO]   [Val Case 23/50] Running sliding-window inference (shape: (223, 223, 145), overlap: 0.25)...
2026-09-29 01:08:54,677 [INFO]   [Val Case 23/50] Finished in 0.31s | Dice Score: 0.0034
2026-09-29 01:08:54,742 [INFO]   [Val Case 24/50] Running sliding-window inference (shape: (223, 223, 143), overlap: 0.25)...
2026-09-29 01:08:55,005 [INFO]   [Val Case 24/50] Finished in 0.30s | Dice Score: 0.0110
2026-09-29 01:08:55,614 [INFO]   [Val Case 25/50] Running sliding-window inference (shape: (223, 223, 143), overlap: 0.25)...
2026-09-29 01:08:55,880 [INFO]   [Val Case 25/50] Finished in 0.30s | Dice Score: 0.0377
2026-09-29 01:08:55,944 [INFO]   [Val Case 26/50] Running sliding-window inference (shape: (259, 259, 129), overlap: 0.25)...
2026-09-29 01:08:56,387 [INFO]   [Val Case 26/50] Finished in 0.49s | Dice Score: 0.0000
2026-09-29 01:08:56,824 [INFO]   [Val Case 27/50] Running sliding-window inference (shape: (223, 223, 143), overlap: 0.25)...
2026-09-29 01:08:57,090 [INFO]   [Val Case 27/50] Finished in 0.31s | Dice Score: 0.0625
2026-09-29 01:08:57,151 [INFO]   [Val Case 28/50] Running sliding-window inference (shape: (223, 223, 145), overlap: 0.25)...
2026-09-29 01:08:57,400 [INFO]   [Val Case 28/50] Finished in 0.29s | Dice Score: 0.2793
2026-09-29 01:08:57,637 [INFO]   [Val Case 29/50] Running sliding-window inference (shape: (223, 223, 145), overlap: 0.25)...
2026-09-29 01:08:57,884 [INFO]   [Val Case 29/50] Finished in 0.28s | Dice Score: 0.5855
2026-09-29 01:08:57,932 [INFO]   [Val Case 30/50] Running sliding-window inference (shape: (223, 223, 145), overlap: 0.25)...
2026-09-29 01:08:58,188 [INFO]   [Val Case 30/50] Finished in 0.29s | Dice Score: 0.3648
2026-09-29 01:08:58,449 [INFO]   [Val Case 31/50] Running sliding-window inference (shape: (220, 220, 140), overlap: 0.25)...
2026-09-29 01:08:58,703 [INFO]   [Val Case 31/50] Finished in 0.29s | Dice Score: 0.6224
2026-09-29 01:08:58,766 [INFO]   [Val Case 32/50] Running sliding-window inference (shape: (223, 223, 145), overlap: 0.25)...
2026-09-29 01:08:59,022 [INFO]   [Val Case 32/50] Finished in 0.29s | Dice Score: 0.0712
2026-09-29 01:08:59,318 [INFO]   [Val Case 33/50] Running sliding-window inference (shape: (229, 229, 139), overlap: 0.25)...
2026-09-29 01:08:59,590 [INFO]   [Val Case 33/50] Finished in 0.31s | Dice Score: 0.0829
2026-09-29 01:08:59,940 [INFO]   [Val Case 34/50] Running sliding-window inference (shape: (223, 223, 143), overlap: 0.25)...
2026-09-29 01:09:00,203 [INFO]   [Val Case 34/50] Finished in 0.29s | Dice Score: 0.2015
2026-09-29 01:09:00,523 [INFO]   [Val Case 35/50] Running sliding-window inference (shape: (223, 223, 143), overlap: 0.25)...
2026-09-29 01:09:00,806 [INFO]   [Val Case 35/50] Finished in 0.31s | Dice Score: 0.2486
2026-09-29 01:09:01,138 [INFO]   [Val Case 36/50] Running sliding-window inference (shape: (223, 223, 145), overlap: 0.25)...
2026-09-29 01:09:01,395 [INFO]   [Val Case 36/50] Finished in 0.29s | Dice Score: 0.0515
2026-09-29 01:09:01,750 [INFO]   [Val Case 37/50] Running sliding-window inference (shape: (223, 223, 143), overlap: 0.25)...
2026-09-29 01:09:01,992 [INFO]   [Val Case 37/50] Finished in 0.27s | Dice Score: 0.7040
2026-09-29 01:09:02,035 [INFO]   [Val Case 38/50] Running sliding-window inference (shape: (229, 229, 116), overlap: 0.25)...
2026-09-29 01:09:02,264 [INFO]   [Val Case 38/50] Finished in 0.26s | Dice Score: 0.4200
2026-09-29 01:09:02,983 [INFO]   [Val Case 39/50] Running sliding-window inference (shape: (223, 223, 151), overlap: 0.25)...
2026-09-29 01:09:03,234 [INFO]   [Val Case 39/50] Finished in 0.28s | Dice Score: 0.3207
2026-09-29 01:09:03,285 [INFO]   [Val Case 40/50] Running sliding-window inference (shape: (223, 223, 143), overlap: 0.25)...
2026-09-29 01:09:03,553 [INFO]   [Val Case 40/50] Finished in 0.30s | Dice Score: 0.2152
2026-09-29 01:09:04,258 [INFO]   [Val Case 41/50] Running sliding-window inference (shape: (223, 223, 143), overlap: 0.25)...
2026-09-29 01:09:04,521 [INFO]   [Val Case 41/50] Finished in 0.31s | Dice Score: 0.0597
2026-09-29 01:09:04,574 [INFO]   [Val Case 42/50] Running sliding-window inference (shape: (223, 223, 143), overlap: 0.25)...
2026-09-29 01:09:04,830 [INFO]   [Val Case 42/50] Finished in 0.30s | Dice Score: 0.4945
2026-09-29 01:09:05,498 [INFO]   [Val Case 43/50] Running sliding-window inference (shape: (223, 223, 145), overlap: 0.25)...
2026-09-29 01:09:05,756 [INFO]   [Val Case 43/50] Finished in 0.30s | Dice Score: 0.3340
2026-09-29 01:09:05,799 [INFO]   [Val Case 44/50] Running sliding-window inference (shape: (229, 229, 116), overlap: 0.25)...
2026-09-29 01:09:06,012 [INFO]   [Val Case 44/50] Finished in 0.24s | Dice Score: 0.4989
2026-09-29 01:09:06,680 [INFO]   [Val Case 45/50] Running sliding-window inference (shape: (223, 223, 143), overlap: 0.25)...
2026-09-29 01:09:06,942 [INFO]   [Val Case 45/50] Finished in 0.30s | Dice Score: 0.5789
2026-09-29 01:09:06,998 [INFO]   [Val Case 46/50] Running sliding-window inference (shape: (223, 223, 145), overlap: 0.25)...
2026-09-29 01:09:07,244 [INFO]   [Val Case 46/50] Finished in 0.28s | Dice Score: 0.4629
2026-09-29 01:09:07,814 [INFO]   [Val Case 47/50] Running sliding-window inference (shape: (223, 223, 145), overlap: 0.25)...
2026-09-29 01:09:08,067 [INFO]   [Val Case 47/50] Finished in 0.28s | Dice Score: 0.0521
2026-09-29 01:09:08,130 [INFO]   [Val Case 48/50] Running sliding-window inference (shape: (223, 223, 143), overlap: 0.25)...
2026-09-29 01:09:08,389 [INFO]   [Val Case 48/50] Finished in 0.30s | Dice Score: 0.0747
2026-09-29 01:09:08,940 [INFO]   [Val Case 49/50] Running sliding-window inference (shape: (223, 223, 143), overlap: 0.25)...
2026-09-29 01:09:09,168 [INFO]   [Val Case 49/50] Finished in 0.26s | Dice Score: 0.0000
2026-09-29 01:09:09,211 [INFO]   [Val Case 50/50] Running sliding-window inference (shape: (223, 223, 143), overlap: 0.25)...
2026-09-29 01:09:09,439 [INFO]   [Val Case 50/50] Finished in 0.26s | Dice Score: 0.7772
2026-09-29 01:09:10,097 [INFO] Epoch 12 Validation (34.7s): Mean Dice: 0.3070 (50 subjects)
2026-09-29 01:09:10,127 [INFO] --> New best metric model saved (Dice: 0.3070) at G:\PROJECT\PBL6-main\experiments\runs\segresnet_fold0_20260929_003648\best_metric_model.pth
2026-09-29 01:09:10,156 [INFO] ---------------------------------------------------------------------------
2026-09-29 01:09:10,156 [INFO] Starting Epoch 13/30 (LR: 6.55e-04)...
2026-09-29 01:09:34,468 [INFO]     [Train Batch 25/200] Step Loss: 1.0000 | Running Avg Loss: 0.6038
2026-09-29 01:09:48,241 [INFO]     [Train Batch 50/200] Step Loss: 0.3831 | Running Avg Loss: 0.5702
2026-09-29 01:10:01,974 [INFO]     [Train Batch 75/200] Step Loss: 0.9510 | Running Avg Loss: 0.5961
2026-09-29 01:10:15,972 [INFO]     [Train Batch 100/200] Step Loss: 0.3982 | Running Avg Loss: 0.5976
2026-09-29 01:10:28,460 [INFO]     [Train Batch 125/200] Step Loss: 0.3293 | Running Avg Loss: 0.5848
2026-09-29 01:10:45,475 [INFO]     [Train Batch 150/200] Step Loss: 0.1333 | Running Avg Loss: 0.5650
2026-09-29 01:11:02,408 [INFO]     [Train Batch 175/200] Step Loss: 0.5799 | Running Avg Loss: 0.5804
2026-09-29 01:11:15,148 [INFO]     [Train Batch 200/200] Step Loss: 0.5649 | Running Avg Loss: 0.5728
2026-09-29 01:11:15,871 [INFO] Epoch 13/30 (125.7s) - Train Loss: 0.5728 | LR: 6.04e-04
2026-09-29 01:11:23,664 [INFO]   [Val Case 1/50] Running sliding-window inference (shape: (223, 223, 145), overlap: 0.25)...
2026-09-29 01:11:24,135 [INFO]   [Val Case 1/50] Finished in 0.54s | Dice Score: 0.0490
2026-09-29 01:11:24,190 [INFO]   [Val Case 2/50] Running sliding-window inference (shape: (223, 223, 145), overlap: 0.25)...
2026-09-29 01:11:24,425 [INFO]   [Val Case 2/50] Finished in 0.27s | Dice Score: 0.0030
2026-09-29 01:11:24,857 [INFO]   [Val Case 3/50] Running sliding-window inference (shape: (223, 223, 143), overlap: 0.25)...
2026-09-29 01:11:25,119 [INFO]   [Val Case 3/50] Finished in 0.29s | Dice Score: 0.0269
2026-09-29 01:11:25,173 [INFO]   [Val Case 4/50] Running sliding-window inference (shape: (223, 223, 145), overlap: 0.25)...
2026-09-29 01:11:25,424 [INFO]   [Val Case 4/50] Finished in 0.28s | Dice Score: 0.0210
2026-09-29 01:11:26,006 [INFO]   [Val Case 5/50] Running sliding-window inference (shape: (223, 223, 145), overlap: 0.25)...
2026-09-29 01:11:26,270 [INFO]   [Val Case 5/50] Finished in 0.30s | Dice Score: 0.8430
2026-09-29 01:11:26,311 [INFO]   [Val Case 6/50] Running sliding-window inference (shape: (229, 229, 116), overlap: 0.25)...
2026-09-29 01:11:26,516 [INFO]   [Val Case 6/50] Finished in 0.23s | Dice Score: 0.0141
2026-09-29 01:11:26,664 [INFO]   [Val Case 7/50] Running sliding-window inference (shape: (229, 229, 116), overlap: 0.25)...
2026-09-29 01:11:26,861 [INFO]   [Val Case 7/50] Finished in 0.23s | Dice Score: 0.2029
2026-09-29 01:11:26,903 [INFO]   [Val Case 8/50] Running sliding-window inference (shape: (220, 220, 140), overlap: 0.25)...
2026-09-29 01:11:27,151 [INFO]   [Val Case 8/50] Finished in 0.28s | Dice Score: 0.0291
2026-09-29 01:11:27,731 [INFO]   [Val Case 9/50] Running sliding-window inference (shape: (223, 223, 143), overlap: 0.25)...
2026-09-29 01:11:27,989 [INFO]   [Val Case 9/50] Finished in 0.29s | Dice Score: 0.1028
2026-09-29 01:11:28,054 [INFO]   [Val Case 10/50] Running sliding-window inference (shape: (255, 255, 143), overlap: 0.25)...
2026-09-29 01:11:28,499 [INFO]   [Val Case 10/50] Finished in 0.49s | Dice Score: 0.2972
2026-09-29 01:11:28,553 [INFO]   [Val Case 11/50] Running sliding-window inference (shape: (239, 239, 125), overlap: 0.25)...
2026-09-29 01:11:28,753 [INFO]   [Val Case 11/50] Finished in 0.23s | Dice Score: 0.8197
2026-09-29 01:11:28,802 [INFO]   [Val Case 12/50] Running sliding-window inference (shape: (223, 223, 143), overlap: 0.25)...
2026-09-29 01:11:29,053 [INFO]   [Val Case 12/50] Finished in 0.28s | Dice Score: 0.7537
2026-09-29 01:11:29,693 [INFO]   [Val Case 13/50] Running sliding-window inference (shape: (223, 223, 143), overlap: 0.25)...
2026-09-29 01:11:29,933 [INFO]   [Val Case 13/50] Finished in 0.27s | Dice Score: 0.8602
2026-09-29 01:11:29,974 [INFO]   [Val Case 14/50] Running sliding-window inference (shape: (229, 229, 116), overlap: 0.25)...
2026-09-29 01:11:30,190 [INFO]   [Val Case 14/50] Finished in 0.24s | Dice Score: 0.0983
2026-09-29 01:11:30,771 [INFO]   [Val Case 15/50] Running sliding-window inference (shape: (223, 223, 143), overlap: 0.25)...
2026-09-29 01:11:31,047 [INFO]   [Val Case 15/50] Finished in 0.31s | Dice Score: 0.0665
2026-09-29 01:11:31,093 [INFO]   [Val Case 16/50] Running sliding-window inference (shape: (223, 223, 143), overlap: 0.25)...
2026-09-29 01:11:31,355 [INFO]   [Val Case 16/50] Finished in 0.29s | Dice Score: 0.0773
2026-09-29 01:11:31,487 [INFO]   [Val Case 17/50] Running sliding-window inference (shape: (229, 229, 116), overlap: 0.25)...
2026-09-29 01:11:31,704 [INFO]   [Val Case 17/50] Finished in 0.25s | Dice Score: 0.3602
2026-09-29 01:11:31,756 [INFO]   [Val Case 18/50] Running sliding-window inference (shape: (223, 223, 143), overlap: 0.25)...
2026-09-29 01:11:32,038 [INFO]   [Val Case 18/50] Finished in 0.32s | Dice Score: 0.0048
2026-09-29 01:11:32,698 [INFO]   [Val Case 19/50] Running sliding-window inference (shape: (223, 223, 143), overlap: 0.25)...
2026-09-29 01:11:32,947 [INFO]   [Val Case 19/50] Finished in 0.28s | Dice Score: 0.3050
2026-09-29 01:11:33,016 [INFO]   [Val Case 20/50] Running sliding-window inference (shape: (223, 223, 145), overlap: 0.25)...
2026-09-29 01:11:33,302 [INFO]   [Val Case 20/50] Finished in 0.34s | Dice Score: 0.2110
2026-09-29 01:11:33,546 [INFO]   [Val Case 21/50] Running sliding-window inference (shape: (220, 220, 140), overlap: 0.25)...
2026-09-29 01:11:33,794 [INFO]   [Val Case 21/50] Finished in 0.28s | Dice Score: 0.2233
2026-09-29 01:11:33,850 [INFO]   [Val Case 22/50] Running sliding-window inference (shape: (223, 223, 143), overlap: 0.25)...
2026-09-29 01:11:34,148 [INFO]   [Val Case 22/50] Finished in 0.33s | Dice Score: 0.2800
2026-09-29 01:11:34,667 [INFO]   [Val Case 23/50] Running sliding-window inference (shape: (223, 223, 145), overlap: 0.25)...
2026-09-29 01:11:34,917 [INFO]   [Val Case 23/50] Finished in 0.29s | Dice Score: 0.0018
2026-09-29 01:11:35,046 [INFO]   [Val Case 24/50] Running sliding-window inference (shape: (223, 223, 143), overlap: 0.25)...
2026-09-29 01:11:35,321 [INFO]   [Val Case 24/50] Finished in 0.31s | Dice Score: 0.0031
2026-09-29 01:11:35,937 [INFO]   [Val Case 25/50] Running sliding-window inference (shape: (223, 223, 143), overlap: 0.25)...
2026-09-29 01:11:36,180 [INFO]   [Val Case 25/50] Finished in 0.28s | Dice Score: 0.0091
2026-09-29 01:11:36,238 [INFO]   [Val Case 26/50] Running sliding-window inference (shape: (259, 259, 129), overlap: 0.25)...
2026-09-29 01:11:36,679 [INFO]   [Val Case 26/50] Finished in 0.48s | Dice Score: 0.0000
2026-09-29 01:11:37,132 [INFO]   [Val Case 27/50] Running sliding-window inference (shape: (223, 223, 143), overlap: 0.25)...
2026-09-29 01:11:37,380 [INFO]   [Val Case 27/50] Finished in 0.28s | Dice Score: 0.0180
2026-09-29 01:11:37,430 [INFO]   [Val Case 28/50] Running sliding-window inference (shape: (223, 223, 145), overlap: 0.25)...
2026-09-29 01:11:37,690 [INFO]   [Val Case 28/50] Finished in 0.29s | Dice Score: 0.1785
2026-09-29 01:11:37,974 [INFO]   [Val Case 29/50] Running sliding-window inference (shape: (223, 223, 145), overlap: 0.25)...
2026-09-29 01:11:38,226 [INFO]   [Val Case 29/50] Finished in 0.29s | Dice Score: 0.6744
2026-09-29 01:11:38,274 [INFO]   [Val Case 30/50] Running sliding-window inference (shape: (223, 223, 145), overlap: 0.25)...
2026-09-29 01:11:38,569 [INFO]   [Val Case 30/50] Finished in 0.33s | Dice Score: 0.1222
2026-09-29 01:11:38,813 [INFO]   [Val Case 31/50] Running sliding-window inference (shape: (220, 220, 140), overlap: 0.25)...
2026-09-29 01:11:39,063 [INFO]   [Val Case 31/50] Finished in 0.28s | Dice Score: 0.2488
2026-09-29 01:11:39,260 [INFO]   [Val Case 32/50] Running sliding-window inference (shape: (223, 223, 145), overlap: 0.25)...
2026-09-29 01:11:39,515 [INFO]   [Val Case 32/50] Finished in 0.29s | Dice Score: 0.0289
2026-09-29 01:11:39,709 [INFO]   [Val Case 33/50] Running sliding-window inference (shape: (229, 229, 139), overlap: 0.25)...
2026-09-29 01:11:39,976 [INFO]   [Val Case 33/50] Finished in 0.31s | Dice Score: 0.0478
2026-09-29 01:11:40,463 [INFO]   [Val Case 34/50] Running sliding-window inference (shape: (223, 223, 143), overlap: 0.25)...
2026-09-29 01:11:40,711 [INFO]   [Val Case 34/50] Finished in 0.28s | Dice Score: 0.1639
2026-09-29 01:11:40,927 [INFO]   [Val Case 35/50] Running sliding-window inference (shape: (223, 223, 143), overlap: 0.25)...
2026-09-29 01:11:41,178 [INFO]   [Val Case 35/50] Finished in 0.29s | Dice Score: 0.0830
2026-09-29 01:11:41,710 [INFO]   [Val Case 36/50] Running sliding-window inference (shape: (223, 223, 145), overlap: 0.25)...
2026-09-29 01:11:41,954 [INFO]   [Val Case 36/50] Finished in 0.28s | Dice Score: 0.0184
2026-09-29 01:11:42,159 [INFO]   [Val Case 37/50] Running sliding-window inference (shape: (223, 223, 143), overlap: 0.25)...
2026-09-29 01:11:42,409 [INFO]   [Val Case 37/50] Finished in 0.28s | Dice Score: 0.7783
2026-09-29 01:11:42,452 [INFO]   [Val Case 38/50] Running sliding-window inference (shape: (229, 229, 116), overlap: 0.25)...
2026-09-29 01:11:42,678 [INFO]   [Val Case 38/50] Finished in 0.25s | Dice Score: 0.1415
2026-09-29 01:11:43,331 [INFO]   [Val Case 39/50] Running sliding-window inference (shape: (223, 223, 151), overlap: 0.25)...
2026-09-29 01:11:43,594 [INFO]   [Val Case 39/50] Finished in 0.30s | Dice Score: 0.2809
2026-09-29 01:11:43,659 [INFO]   [Val Case 40/50] Running sliding-window inference (shape: (223, 223, 143), overlap: 0.25)...
2026-09-29 01:11:43,917 [INFO]   [Val Case 40/50] Finished in 0.30s | Dice Score: 0.0938
2026-09-29 01:11:44,497 [INFO]   [Val Case 41/50] Running sliding-window inference (shape: (223, 223, 143), overlap: 0.25)...
2026-09-29 01:11:44,736 [INFO]   [Val Case 41/50] Finished in 0.27s | Dice Score: 0.0170
2026-09-29 01:11:44,802 [INFO]   [Val Case 42/50] Running sliding-window inference (shape: (223, 223, 143), overlap: 0.25)...
2026-09-29 01:11:45,049 [INFO]   [Val Case 42/50] Finished in 0.29s | Dice Score: 0.1776
2026-09-29 01:11:45,771 [INFO]   [Val Case 43/50] Running sliding-window inference (shape: (223, 223, 145), overlap: 0.25)...
2026-09-29 01:11:46,053 [INFO]   [Val Case 43/50] Finished in 0.32s | Dice Score: 0.1756
2026-09-29 01:11:46,098 [INFO]   [Val Case 44/50] Running sliding-window inference (shape: (229, 229, 116), overlap: 0.25)...
2026-09-29 01:11:46,325 [INFO]   [Val Case 44/50] Finished in 0.26s | Dice Score: 0.3164
2026-09-29 01:11:46,973 [INFO]   [Val Case 45/50] Running sliding-window inference (shape: (223, 223, 143), overlap: 0.25)...
2026-09-29 01:11:47,286 [INFO]   [Val Case 45/50] Finished in 0.34s | Dice Score: 0.7578
2026-09-29 01:11:47,343 [INFO]   [Val Case 46/50] Running sliding-window inference (shape: (223, 223, 145), overlap: 0.25)...
2026-09-29 01:11:47,594 [INFO]   [Val Case 46/50] Finished in 0.29s | Dice Score: 0.2601
2026-09-29 01:11:48,089 [INFO]   [Val Case 47/50] Running sliding-window inference (shape: (223, 223, 145), overlap: 0.25)...
2026-09-29 01:11:48,336 [INFO]   [Val Case 47/50] Finished in 0.28s | Dice Score: 0.0192
2026-09-29 01:11:48,403 [INFO]   [Val Case 48/50] Running sliding-window inference (shape: (223, 223, 143), overlap: 0.25)...
2026-09-29 01:11:48,666 [INFO]   [Val Case 48/50] Finished in 0.31s | Dice Score: 0.0244
2026-09-29 01:11:49,205 [INFO]   [Val Case 49/50] Running sliding-window inference (shape: (223, 223, 143), overlap: 0.25)...
2026-09-29 01:11:49,502 [INFO]   [Val Case 49/50] Finished in 0.33s | Dice Score: 0.0001
2026-09-29 01:11:49,545 [INFO]   [Val Case 50/50] Running sliding-window inference (shape: (223, 223, 143), overlap: 0.25)...
2026-09-29 01:11:49,773 [INFO]   [Val Case 50/50] Finished in 0.26s | Dice Score: 0.4675
2026-09-29 01:11:50,382 [INFO] Epoch 13 Validation (34.5s): Mean Dice: 0.2151 (50 subjects)
2026-09-29 01:11:50,410 [INFO] ---------------------------------------------------------------------------
2026-09-29 01:11:50,410 [INFO] Starting Epoch 14/30 (LR: 6.04e-04)...
2026-09-29 01:12:10,868 [INFO]     [Train Batch 25/200] Step Loss: 0.1725 | Running Avg Loss: 0.4889
2026-09-29 01:12:23,536 [INFO]     [Train Batch 50/200] Step Loss: 0.4610 | Running Avg Loss: 0.5294
2026-09-29 01:12:41,833 [INFO]     [Train Batch 75/200] Step Loss: 0.4045 | Running Avg Loss: 0.5178
2026-09-29 01:12:58,735 [INFO]     [Train Batch 100/200] Step Loss: 0.6485 | Running Avg Loss: 0.5465
2026-09-29 01:13:11,787 [INFO]     [Train Batch 125/200] Step Loss: 0.5778 | Running Avg Loss: 0.5532
2026-09-29 01:13:25,477 [INFO]     [Train Batch 150/200] Step Loss: 0.5436 | Running Avg Loss: 0.5610
2026-09-29 01:13:38,146 [INFO]     [Train Batch 175/200] Step Loss: 0.9768 | Running Avg Loss: 0.5534
2026-09-29 01:13:51,954 [INFO]     [Train Batch 200/200] Step Loss: 1.0000 | Running Avg Loss: 0.5632
2026-09-29 01:13:52,671 [INFO] Epoch 14/30 (122.3s) - Train Loss: 0.5632 | LR: 5.52e-04
2026-09-29 01:14:00,549 [INFO]   [Val Case 1/50] Running sliding-window inference (shape: (223, 223, 145), overlap: 0.25)...
2026-09-29 01:14:00,950 [INFO]   [Val Case 1/50] Finished in 0.47s | Dice Score: 0.1878
2026-09-29 01:14:01,012 [INFO]   [Val Case 2/50] Running sliding-window inference (shape: (223, 223, 145), overlap: 0.25)...
2026-09-29 01:14:01,283 [INFO]   [Val Case 2/50] Finished in 0.32s | Dice Score: 0.0000
2026-09-29 01:14:01,817 [INFO]   [Val Case 3/50] Running sliding-window inference (shape: (223, 223, 143), overlap: 0.25)...
2026-09-29 01:14:02,055 [INFO]   [Val Case 3/50] Finished in 0.27s | Dice Score: 0.3443
2026-09-29 01:14:02,103 [INFO]   [Val Case 4/50] Running sliding-window inference (shape: (223, 223, 145), overlap: 0.25)...
2026-09-29 01:14:02,360 [INFO]   [Val Case 4/50] Finished in 0.29s | Dice Score: 0.1741
2026-09-29 01:14:03,042 [INFO]   [Val Case 5/50] Running sliding-window inference (shape: (223, 223, 145), overlap: 0.25)...
2026-09-29 01:14:03,289 [INFO]   [Val Case 5/50] Finished in 0.29s | Dice Score: 0.8846
2026-09-29 01:14:03,332 [INFO]   [Val Case 6/50] Running sliding-window inference (shape: (229, 229, 116), overlap: 0.25)...
2026-09-29 01:14:03,555 [INFO]   [Val Case 6/50] Finished in 0.25s | Dice Score: 0.0418
2026-09-29 01:14:03,769 [INFO]   [Val Case 7/50] Running sliding-window inference (shape: (229, 229, 116), overlap: 0.25)...
2026-09-29 01:14:03,963 [INFO]   [Val Case 7/50] Finished in 0.22s | Dice Score: 0.6298
2026-09-29 01:14:04,005 [INFO]   [Val Case 8/50] Running sliding-window inference (shape: (220, 220, 140), overlap: 0.25)...
2026-09-29 01:14:04,271 [INFO]   [Val Case 8/50] Finished in 0.30s | Dice Score: 0.1461
2026-09-29 01:14:04,916 [INFO]   [Val Case 9/50] Running sliding-window inference (shape: (223, 223, 143), overlap: 0.25)...
2026-09-29 01:14:05,157 [INFO]   [Val Case 9/50] Finished in 0.27s | Dice Score: 0.4229
2026-09-29 01:14:05,212 [INFO]   [Val Case 10/50] Running sliding-window inference (shape: (255, 255, 143), overlap: 0.25)...
2026-09-29 01:14:05,626 [INFO]   [Val Case 10/50] Finished in 0.45s | Dice Score: 0.6054
2026-09-29 01:14:05,722 [INFO]   [Val Case 11/50] Running sliding-window inference (shape: (239, 239, 125), overlap: 0.25)...
2026-09-29 01:14:05,929 [INFO]   [Val Case 11/50] Finished in 0.24s | Dice Score: 0.7595
2026-09-29 01:14:05,974 [INFO]   [Val Case 12/50] Running sliding-window inference (shape: (223, 223, 143), overlap: 0.25)...
2026-09-29 01:14:06,224 [INFO]   [Val Case 12/50] Finished in 0.28s | Dice Score: 0.8016
2026-09-29 01:14:06,896 [INFO]   [Val Case 13/50] Running sliding-window inference (shape: (223, 223, 143), overlap: 0.25)...
2026-09-29 01:14:07,147 [INFO]   [Val Case 13/50] Finished in 0.29s | Dice Score: 0.8291
2026-09-29 01:14:07,189 [INFO]   [Val Case 14/50] Running sliding-window inference (shape: (229, 229, 116), overlap: 0.25)...
2026-09-29 01:14:07,404 [INFO]   [Val Case 14/50] Finished in 0.24s | Dice Score: 0.4567
2026-09-29 01:14:08,046 [INFO]   [Val Case 15/50] Running sliding-window inference (shape: (223, 223, 143), overlap: 0.25)...
2026-09-29 01:14:08,298 [INFO]   [Val Case 15/50] Finished in 0.29s | Dice Score: 0.1309
2026-09-29 01:14:08,345 [INFO]   [Val Case 16/50] Running sliding-window inference (shape: (223, 223, 143), overlap: 0.25)...
2026-09-29 01:14:08,611 [INFO]   [Val Case 16/50] Finished in 0.30s | Dice Score: 0.5097
2026-09-29 01:14:08,758 [INFO]   [Val Case 17/50] Running sliding-window inference (shape: (229, 229, 116), overlap: 0.25)...
2026-09-29 01:14:08,967 [INFO]   [Val Case 17/50] Finished in 0.24s | Dice Score: 0.7194
2026-09-29 01:14:09,016 [INFO]   [Val Case 18/50] Running sliding-window inference (shape: (223, 223, 143), overlap: 0.25)...
2026-09-29 01:14:09,280 [INFO]   [Val Case 18/50] Finished in 0.30s | Dice Score: 0.0454
2026-09-29 01:14:09,912 [INFO]   [Val Case 19/50] Running sliding-window inference (shape: (223, 223, 143), overlap: 0.25)...
2026-09-29 01:14:10,171 [INFO]   [Val Case 19/50] Finished in 0.29s | Dice Score: 0.6956
2026-09-29 01:14:10,225 [INFO]   [Val Case 20/50] Running sliding-window inference (shape: (223, 223, 145), overlap: 0.25)...
2026-09-29 01:14:10,486 [INFO]   [Val Case 20/50] Finished in 0.30s | Dice Score: 0.5227
2026-09-29 01:14:10,743 [INFO]   [Val Case 21/50] Running sliding-window inference (shape: (220, 220, 140), overlap: 0.25)...
2026-09-29 01:14:11,016 [INFO]   [Val Case 21/50] Finished in 0.31s | Dice Score: 0.3575
2026-09-29 01:14:11,073 [INFO]   [Val Case 22/50] Running sliding-window inference (shape: (223, 223, 143), overlap: 0.25)...
2026-09-29 01:14:11,336 [INFO]   [Val Case 22/50] Finished in 0.30s | Dice Score: 0.8069
2026-09-29 01:14:11,874 [INFO]   [Val Case 23/50] Running sliding-window inference (shape: (223, 223, 145), overlap: 0.25)...
2026-09-29 01:14:12,129 [INFO]   [Val Case 23/50] Finished in 0.30s | Dice Score: 0.0094
2026-09-29 01:14:12,211 [INFO]   [Val Case 24/50] Running sliding-window inference (shape: (223, 223, 143), overlap: 0.25)...
2026-09-29 01:14:12,473 [INFO]   [Val Case 24/50] Finished in 0.30s | Dice Score: 0.0290
2026-09-29 01:14:13,101 [INFO]   [Val Case 25/50] Running sliding-window inference (shape: (223, 223, 143), overlap: 0.25)...
2026-09-29 01:14:13,354 [INFO]   [Val Case 25/50] Finished in 0.29s | Dice Score: 0.0744
2026-09-29 01:14:13,413 [INFO]   [Val Case 26/50] Running sliding-window inference (shape: (259, 259, 129), overlap: 0.25)...
2026-09-29 01:14:13,847 [INFO]   [Val Case 26/50] Finished in 0.48s | Dice Score: 0.0000
2026-09-29 01:14:14,349 [INFO]   [Val Case 27/50] Running sliding-window inference (shape: (223, 223, 143), overlap: 0.25)...
2026-09-29 01:14:14,598 [INFO]   [Val Case 27/50] Finished in 0.28s | Dice Score: 0.1418
2026-09-29 01:14:14,652 [INFO]   [Val Case 28/50] Running sliding-window inference (shape: (223, 223, 145), overlap: 0.25)...
2026-09-29 01:14:14,905 [INFO]   [Val Case 28/50] Finished in 0.29s | Dice Score: 0.3974
2026-09-29 01:14:15,181 [INFO]   [Val Case 29/50] Running sliding-window inference (shape: (223, 223, 145), overlap: 0.25)...
2026-09-29 01:14:15,441 [INFO]   [Val Case 29/50] Finished in 0.30s | Dice Score: 0.6802
2026-09-29 01:14:15,489 [INFO]   [Val Case 30/50] Running sliding-window inference (shape: (223, 223, 145), overlap: 0.25)...
2026-09-29 01:14:15,753 [INFO]   [Val Case 30/50] Finished in 0.30s | Dice Score: 0.6482
2026-09-29 01:14:16,039 [INFO]   [Val Case 31/50] Running sliding-window inference (shape: (220, 220, 140), overlap: 0.25)...
2026-09-29 01:14:16,297 [INFO]   [Val Case 31/50] Finished in 0.30s | Dice Score: 0.7596
2026-09-29 01:14:16,455 [INFO]   [Val Case 32/50] Running sliding-window inference (shape: (223, 223, 145), overlap: 0.25)...
2026-09-29 01:14:16,702 [INFO]   [Val Case 32/50] Finished in 0.28s | Dice Score: 0.1341
2026-09-29 01:14:16,923 [INFO]   [Val Case 33/50] Running sliding-window inference (shape: (229, 229, 139), overlap: 0.25)...
2026-09-29 01:14:17,169 [INFO]   [Val Case 33/50] Finished in 0.29s | Dice Score: 0.1536
2026-09-29 01:14:17,662 [INFO]   [Val Case 34/50] Running sliding-window inference (shape: (223, 223, 143), overlap: 0.25)...
2026-09-29 01:14:17,917 [INFO]   [Val Case 34/50] Finished in 0.31s | Dice Score: 0.4161
2026-09-29 01:14:18,116 [INFO]   [Val Case 35/50] Running sliding-window inference (shape: (223, 223, 143), overlap: 0.25)...
2026-09-29 01:14:18,365 [INFO]   [Val Case 35/50] Finished in 0.29s | Dice Score: 0.4943
2026-09-29 01:14:18,828 [INFO]   [Val Case 36/50] Running sliding-window inference (shape: (223, 223, 145), overlap: 0.25)...
2026-09-29 01:14:19,076 [INFO]   [Val Case 36/50] Finished in 0.28s | Dice Score: 0.1623
2026-09-29 01:14:19,327 [INFO]   [Val Case 37/50] Running sliding-window inference (shape: (223, 223, 143), overlap: 0.25)...
2026-09-29 01:14:19,593 [INFO]   [Val Case 37/50] Finished in 0.30s | Dice Score: 0.7607
2026-09-29 01:14:19,639 [INFO]   [Val Case 38/50] Running sliding-window inference (shape: (229, 229, 116), overlap: 0.25)...
2026-09-29 01:14:19,905 [INFO]   [Val Case 38/50] Finished in 0.29s | Dice Score: 0.6469
2026-09-29 01:14:20,577 [INFO]   [Val Case 39/50] Running sliding-window inference (shape: (223, 223, 151), overlap: 0.25)...
2026-09-29 01:14:20,819 [INFO]   [Val Case 39/50] Finished in 0.28s | Dice Score: 0.3443
2026-09-29 01:14:20,870 [INFO]   [Val Case 40/50] Running sliding-window inference (shape: (223, 223, 143), overlap: 0.25)...
2026-09-29 01:14:21,128 [INFO]   [Val Case 40/50] Finished in 0.29s | Dice Score: 0.3720
2026-09-29 01:14:21,751 [INFO]   [Val Case 41/50] Running sliding-window inference (shape: (223, 223, 143), overlap: 0.25)...
2026-09-29 01:14:21,990 [INFO]   [Val Case 41/50] Finished in 0.27s | Dice Score: 0.1484
2026-09-29 01:14:22,038 [INFO]   [Val Case 42/50] Running sliding-window inference (shape: (223, 223, 143), overlap: 0.25)...
2026-09-29 01:14:22,312 [INFO]   [Val Case 42/50] Finished in 0.31s | Dice Score: 0.5996
2026-09-29 01:14:22,918 [INFO]   [Val Case 43/50] Running sliding-window inference (shape: (223, 223, 145), overlap: 0.25)...
2026-09-29 01:14:23,173 [INFO]   [Val Case 43/50] Finished in 0.29s | Dice Score: 0.6489
2026-09-29 01:14:23,218 [INFO]   [Val Case 44/50] Running sliding-window inference (shape: (229, 229, 116), overlap: 0.25)...
2026-09-29 01:14:23,457 [INFO]   [Val Case 44/50] Finished in 0.27s | Dice Score: 0.5497
2026-09-29 01:14:24,083 [INFO]   [Val Case 45/50] Running sliding-window inference (shape: (223, 223, 143), overlap: 0.25)...
2026-09-29 01:14:24,376 [INFO]   [Val Case 45/50] Finished in 0.32s | Dice Score: 0.6520
2026-09-29 01:14:24,434 [INFO]   [Val Case 46/50] Running sliding-window inference (shape: (223, 223, 145), overlap: 0.25)...
2026-09-29 01:14:24,700 [INFO]   [Val Case 46/50] Finished in 0.30s | Dice Score: 0.6480
2026-09-29 01:14:25,212 [INFO]   [Val Case 47/50] Running sliding-window inference (shape: (223, 223, 145), overlap: 0.25)...
2026-09-29 01:14:25,466 [INFO]   [Val Case 47/50] Finished in 0.30s | Dice Score: 0.1004
2026-09-29 01:14:25,514 [INFO]   [Val Case 48/50] Running sliding-window inference (shape: (223, 223, 143), overlap: 0.25)...
2026-09-29 01:14:25,779 [INFO]   [Val Case 48/50] Finished in 0.30s | Dice Score: 0.2598
2026-09-29 01:14:26,343 [INFO]   [Val Case 49/50] Running sliding-window inference (shape: (223, 223, 143), overlap: 0.25)...
2026-09-29 01:14:26,573 [INFO]   [Val Case 49/50] Finished in 0.26s | Dice Score: 0.0000
2026-09-29 01:14:26,615 [INFO]   [Val Case 50/50] Running sliding-window inference (shape: (223, 223, 143), overlap: 0.25)...
2026-09-29 01:14:26,843 [INFO]   [Val Case 50/50] Finished in 0.26s | Dice Score: 0.8350
2026-09-29 01:14:27,456 [INFO] Epoch 14 Validation (34.8s): Mean Dice: 0.4148 (50 subjects)
2026-09-29 01:14:27,486 [INFO] --> New best metric model saved (Dice: 0.4148) at G:\PROJECT\PBL6-main\experiments\runs\segresnet_fold0_20260929_003648\best_metric_model.pth
2026-09-29 01:14:27,515 [INFO] ---------------------------------------------------------------------------
2026-09-29 01:14:27,515 [INFO] Starting Epoch 15/30 (LR: 5.52e-04)...
2026-09-29 01:14:51,382 [INFO]     [Train Batch 25/200] Step Loss: 0.6091 | Running Avg Loss: 0.5335
2026-09-29 01:15:04,010 [INFO]     [Train Batch 50/200] Step Loss: 0.5404 | Running Avg Loss: 0.5572
2026-09-29 01:15:24,928 [INFO]     [Train Batch 75/200] Step Loss: 0.6653 | Running Avg Loss: 0.5615
2026-09-29 01:15:37,467 [INFO]     [Train Batch 100/200] Step Loss: 0.3077 | Running Avg Loss: 0.5539
2026-09-29 01:15:50,736 [INFO]     [Train Batch 125/200] Step Loss: 0.9925 | Running Avg Loss: 0.5607
2026-09-29 01:16:03,462 [INFO]     [Train Batch 150/200] Step Loss: 0.7215 | Running Avg Loss: 0.5626
2026-09-29 01:16:16,802 [INFO]     [Train Batch 175/200] Step Loss: 0.9054 | Running Avg Loss: 0.5633
2026-09-29 01:16:30,135 [INFO]     [Train Batch 200/200] Step Loss: 0.2137 | Running Avg Loss: 0.5696
2026-09-29 01:16:30,853 [INFO] Epoch 15/30 (123.3s) - Train Loss: 0.5696 | LR: 5.00e-04
2026-09-29 01:16:38,722 [INFO]   [Val Case 1/50] Running sliding-window inference (shape: (223, 223, 145), overlap: 0.25)...
2026-09-29 01:16:39,200 [INFO]   [Val Case 1/50] Finished in 0.54s | Dice Score: 0.0478
2026-09-29 01:16:39,268 [INFO]   [Val Case 2/50] Running sliding-window inference (shape: (223, 223, 145), overlap: 0.25)...
2026-09-29 01:16:39,509 [INFO]   [Val Case 2/50] Finished in 0.29s | Dice Score: 0.0055
2026-09-29 01:16:39,968 [INFO]   [Val Case 3/50] Running sliding-window inference (shape: (223, 223, 143), overlap: 0.25)...
2026-09-29 01:16:40,207 [INFO]   [Val Case 3/50] Finished in 0.27s | Dice Score: 0.0371
2026-09-29 01:16:40,254 [INFO]   [Val Case 4/50] Running sliding-window inference (shape: (223, 223, 145), overlap: 0.25)...
2026-09-29 01:16:40,504 [INFO]   [Val Case 4/50] Finished in 0.28s | Dice Score: 0.0253
2026-09-29 01:16:41,239 [INFO]   [Val Case 5/50] Running sliding-window inference (shape: (223, 223, 145), overlap: 0.25)...
2026-09-29 01:16:41,487 [INFO]   [Val Case 5/50] Finished in 0.29s | Dice Score: 0.8422
2026-09-29 01:16:41,530 [INFO]   [Val Case 6/50] Running sliding-window inference (shape: (229, 229, 116), overlap: 0.25)...
2026-09-29 01:16:41,758 [INFO]   [Val Case 6/50] Finished in 0.26s | Dice Score: 0.0318
2026-09-29 01:16:41,921 [INFO]   [Val Case 7/50] Running sliding-window inference (shape: (229, 229, 116), overlap: 0.25)...
2026-09-29 01:16:42,117 [INFO]   [Val Case 7/50] Finished in 0.22s | Dice Score: 0.2217
2026-09-29 01:16:42,161 [INFO]   [Val Case 8/50] Running sliding-window inference (shape: (220, 220, 140), overlap: 0.25)...
2026-09-29 01:16:42,416 [INFO]   [Val Case 8/50] Finished in 0.28s | Dice Score: 0.0316
2026-09-29 01:16:43,102 [INFO]   [Val Case 9/50] Running sliding-window inference (shape: (223, 223, 143), overlap: 0.25)...
2026-09-29 01:16:43,375 [INFO]   [Val Case 9/50] Finished in 0.31s | Dice Score: 0.1180
2026-09-29 01:16:43,429 [INFO]   [Val Case 10/50] Running sliding-window inference (shape: (255, 255, 143), overlap: 0.25)...
2026-09-29 01:16:43,840 [INFO]   [Val Case 10/50] Finished in 0.45s | Dice Score: 0.3188
2026-09-29 01:16:44,017 [INFO]   [Val Case 11/50] Running sliding-window inference (shape: (239, 239, 125), overlap: 0.25)...
2026-09-29 01:16:44,219 [INFO]   [Val Case 11/50] Finished in 0.24s | Dice Score: 0.8191
2026-09-29 01:16:44,266 [INFO]   [Val Case 12/50] Running sliding-window inference (shape: (223, 223, 143), overlap: 0.25)...
2026-09-29 01:16:44,522 [INFO]   [Val Case 12/50] Finished in 0.29s | Dice Score: 0.7658
2026-09-29 01:16:45,173 [INFO]   [Val Case 13/50] Running sliding-window inference (shape: (223, 223, 143), overlap: 0.25)...
2026-09-29 01:16:45,426 [INFO]   [Val Case 13/50] Finished in 0.29s | Dice Score: 0.8583
2026-09-29 01:16:45,483 [INFO]   [Val Case 14/50] Running sliding-window inference (shape: (229, 229, 116), overlap: 0.25)...
2026-09-29 01:16:45,687 [INFO]   [Val Case 14/50] Finished in 0.24s | Dice Score: 0.1151
2026-09-29 01:16:46,339 [INFO]   [Val Case 15/50] Running sliding-window inference (shape: (223, 223, 143), overlap: 0.25)...
2026-09-29 01:16:46,585 [INFO]   [Val Case 15/50] Finished in 0.28s | Dice Score: 0.1081
2026-09-29 01:16:46,643 [INFO]   [Val Case 16/50] Running sliding-window inference (shape: (223, 223, 143), overlap: 0.25)...
2026-09-29 01:16:46,882 [INFO]   [Val Case 16/50] Finished in 0.27s | Dice Score: 0.1153
2026-09-29 01:16:47,046 [INFO]   [Val Case 17/50] Running sliding-window inference (shape: (229, 229, 116), overlap: 0.25)...
2026-09-29 01:16:47,259 [INFO]   [Val Case 17/50] Finished in 0.24s | Dice Score: 0.4125
2026-09-29 01:16:47,307 [INFO]   [Val Case 18/50] Running sliding-window inference (shape: (223, 223, 143), overlap: 0.25)...
2026-09-29 01:16:47,593 [INFO]   [Val Case 18/50] Finished in 0.32s | Dice Score: 0.0060
2026-09-29 01:16:48,271 [INFO]   [Val Case 19/50] Running sliding-window inference (shape: (223, 223, 143), overlap: 0.25)...
2026-09-29 01:16:48,527 [INFO]   [Val Case 19/50] Finished in 0.30s | Dice Score: 0.3150
2026-09-29 01:16:48,573 [INFO]   [Val Case 20/50] Running sliding-window inference (shape: (223, 223, 145), overlap: 0.25)...
2026-09-29 01:16:48,835 [INFO]   [Val Case 20/50] Finished in 0.29s | Dice Score: 0.2107
2026-09-29 01:16:49,160 [INFO]   [Val Case 21/50] Running sliding-window inference (shape: (220, 220, 140), overlap: 0.25)...
2026-09-29 01:16:49,407 [INFO]   [Val Case 21/50] Finished in 0.28s | Dice Score: 0.2335
2026-09-29 01:16:49,459 [INFO]   [Val Case 22/50] Running sliding-window inference (shape: (223, 223, 143), overlap: 0.25)...
2026-09-29 01:16:49,723 [INFO]   [Val Case 22/50] Finished in 0.30s | Dice Score: 0.3328
2026-09-29 01:16:50,421 [INFO]   [Val Case 23/50] Running sliding-window inference (shape: (223, 223, 145), overlap: 0.25)...
2026-09-29 01:16:50,673 [INFO]   [Val Case 23/50] Finished in 0.32s | Dice Score: 0.0027
2026-09-29 01:16:50,720 [INFO]   [Val Case 24/50] Running sliding-window inference (shape: (223, 223, 143), overlap: 0.25)...
2026-09-29 01:16:51,011 [INFO]   [Val Case 24/50] Finished in 0.32s | Dice Score: 0.0040
2026-09-29 01:16:51,719 [INFO]   [Val Case 25/50] Running sliding-window inference (shape: (223, 223, 143), overlap: 0.25)...
2026-09-29 01:16:51,972 [INFO]   [Val Case 25/50] Finished in 0.30s | Dice Score: 0.0114
2026-09-29 01:16:52,026 [INFO]   [Val Case 26/50] Running sliding-window inference (shape: (259, 259, 129), overlap: 0.25)...
2026-09-29 01:16:52,459 [INFO]   [Val Case 26/50] Finished in 0.47s | Dice Score: 0.0001
2026-09-29 01:16:52,889 [INFO]   [Val Case 27/50] Running sliding-window inference (shape: (223, 223, 143), overlap: 0.25)...
2026-09-29 01:16:53,141 [INFO]   [Val Case 27/50] Finished in 0.29s | Dice Score: 0.0219
2026-09-29 01:16:53,187 [INFO]   [Val Case 28/50] Running sliding-window inference (shape: (223, 223, 145), overlap: 0.25)...
2026-09-29 01:16:53,441 [INFO]   [Val Case 28/50] Finished in 0.29s | Dice Score: 0.2013
2026-09-29 01:16:53,742 [INFO]   [Val Case 29/50] Running sliding-window inference (shape: (223, 223, 145), overlap: 0.25)...
2026-09-29 01:16:54,001 [INFO]   [Val Case 29/50] Finished in 0.29s | Dice Score: 0.6989
2026-09-29 01:16:54,048 [INFO]   [Val Case 30/50] Running sliding-window inference (shape: (223, 223, 145), overlap: 0.25)...
2026-09-29 01:16:54,315 [INFO]   [Val Case 30/50] Finished in 0.30s | Dice Score: 0.1454
2026-09-29 01:16:54,639 [INFO]   [Val Case 31/50] Running sliding-window inference (shape: (220, 220, 140), overlap: 0.25)...
2026-09-29 01:16:54,889 [INFO]   [Val Case 31/50] Finished in 0.28s | Dice Score: 0.2721
2026-09-29 01:16:54,936 [INFO]   [Val Case 32/50] Running sliding-window inference (shape: (223, 223, 145), overlap: 0.25)...
2026-09-29 01:16:55,225 [INFO]   [Val Case 32/50] Finished in 0.32s | Dice Score: 0.0320
2026-09-29 01:16:55,546 [INFO]   [Val Case 33/50] Running sliding-window inference (shape: (229, 229, 139), overlap: 0.25)...
2026-09-29 01:16:55,825 [INFO]   [Val Case 33/50] Finished in 0.31s | Dice Score: 0.0531
2026-09-29 01:16:55,945 [INFO]   [Val Case 34/50] Running sliding-window inference (shape: (223, 223, 143), overlap: 0.25)...
2026-09-29 01:16:56,193 [INFO]   [Val Case 34/50] Finished in 0.29s | Dice Score: 0.1822
2026-09-29 01:16:56,776 [INFO]   [Val Case 35/50] Running sliding-window inference (shape: (223, 223, 143), overlap: 0.25)...
2026-09-29 01:16:57,019 [INFO]   [Val Case 35/50] Finished in 0.28s | Dice Score: 0.1067
2026-09-29 01:16:57,162 [INFO]   [Val Case 36/50] Running sliding-window inference (shape: (223, 223, 145), overlap: 0.25)...
2026-09-29 01:16:57,424 [INFO]   [Val Case 36/50] Finished in 0.30s | Dice Score: 0.0209
2026-09-29 01:16:57,957 [INFO]   [Val Case 37/50] Running sliding-window inference (shape: (223, 223, 143), overlap: 0.25)...
2026-09-29 01:16:58,240 [INFO]   [Val Case 37/50] Finished in 0.31s | Dice Score: 0.7828
2026-09-29 01:16:58,304 [INFO]   [Val Case 38/50] Running sliding-window inference (shape: (229, 229, 116), overlap: 0.25)...
2026-09-29 01:16:58,544 [INFO]   [Val Case 38/50] Finished in 0.28s | Dice Score: 0.1766
2026-09-29 01:16:59,259 [INFO]   [Val Case 39/50] Running sliding-window inference (shape: (223, 223, 151), overlap: 0.25)...
2026-09-29 01:16:59,511 [INFO]   [Val Case 39/50] Finished in 0.29s | Dice Score: 0.2817
2026-09-29 01:16:59,559 [INFO]   [Val Case 40/50] Running sliding-window inference (shape: (223, 223, 143), overlap: 0.25)...
2026-09-29 01:16:59,826 [INFO]   [Val Case 40/50] Finished in 0.30s | Dice Score: 0.1238
2026-09-29 01:17:00,434 [INFO]   [Val Case 41/50] Running sliding-window inference (shape: (223, 223, 143), overlap: 0.25)...
2026-09-29 01:17:00,739 [INFO]   [Val Case 41/50] Finished in 0.34s | Dice Score: 0.0228
2026-09-29 01:17:00,785 [INFO]   [Val Case 42/50] Running sliding-window inference (shape: (223, 223, 143), overlap: 0.25)...
2026-09-29 01:17:01,039 [INFO]   [Val Case 42/50] Finished in 0.29s | Dice Score: 0.2317
2026-09-29 01:17:01,636 [INFO]   [Val Case 43/50] Running sliding-window inference (shape: (223, 223, 145), overlap: 0.25)...
2026-09-29 01:17:01,870 [INFO]   [Val Case 43/50] Finished in 0.27s | Dice Score: 0.1921
2026-09-29 01:17:01,914 [INFO]   [Val Case 44/50] Running sliding-window inference (shape: (229, 229, 116), overlap: 0.25)...
2026-09-29 01:17:02,144 [INFO]   [Val Case 44/50] Finished in 0.26s | Dice Score: 0.3377
2026-09-29 01:17:02,792 [INFO]   [Val Case 45/50] Running sliding-window inference (shape: (223, 223, 143), overlap: 0.25)...
2026-09-29 01:17:03,037 [INFO]   [Val Case 45/50] Finished in 0.29s | Dice Score: 0.7461
2026-09-29 01:17:03,096 [INFO]   [Val Case 46/50] Running sliding-window inference (shape: (223, 223, 145), overlap: 0.25)...
2026-09-29 01:17:03,361 [INFO]   [Val Case 46/50] Finished in 0.30s | Dice Score: 0.2989
2026-09-29 01:17:03,925 [INFO]   [Val Case 47/50] Running sliding-window inference (shape: (223, 223, 145), overlap: 0.25)...
2026-09-29 01:17:04,195 [INFO]   [Val Case 47/50] Finished in 0.30s | Dice Score: 0.0220
2026-09-29 01:17:04,245 [INFO]   [Val Case 48/50] Running sliding-window inference (shape: (223, 223, 143), overlap: 0.25)...
2026-09-29 01:17:04,492 [INFO]   [Val Case 48/50] Finished in 0.28s | Dice Score: 0.0324
2026-09-29 01:17:05,024 [INFO]   [Val Case 49/50] Running sliding-window inference (shape: (223, 223, 143), overlap: 0.25)...
2026-09-29 01:17:05,253 [INFO]   [Val Case 49/50] Finished in 0.26s | Dice Score: 0.0000
2026-09-29 01:17:05,295 [INFO]   [Val Case 50/50] Running sliding-window inference (shape: (223, 223, 143), overlap: 0.25)...
2026-09-29 01:17:05,529 [INFO]   [Val Case 50/50] Finished in 0.26s | Dice Score: 0.5275
2026-09-29 01:17:06,135 [INFO] Epoch 15 Validation (35.3s): Mean Dice: 0.2300 (50 subjects)
2026-09-29 01:17:06,163 [INFO] ---------------------------------------------------------------------------
2026-09-29 01:17:06,164 [INFO] Starting Epoch 16/30 (LR: 5.00e-04)...
2026-09-29 01:17:31,042 [INFO]     [Train Batch 25/200] Step Loss: 0.6416 | Running Avg Loss: 0.5792
2026-09-29 01:17:48,348 [INFO]     [Train Batch 50/200] Step Loss: 0.2961 | Running Avg Loss: 0.5741
2026-09-29 01:18:00,516 [INFO]     [Train Batch 75/200] Step Loss: 0.6588 | Running Avg Loss: 0.5720
2026-09-29 01:18:13,735 [INFO]     [Train Batch 100/200] Step Loss: 0.6143 | Running Avg Loss: 0.5768
2026-09-29 01:18:27,128 [INFO]     [Train Batch 125/200] Step Loss: 0.4274 | Running Avg Loss: 0.5597
2026-09-29 01:18:44,143 [INFO]     [Train Batch 150/200] Step Loss: 0.1934 | Running Avg Loss: 0.5458
2026-09-29 01:18:57,263 [INFO]     [Train Batch 175/200] Step Loss: 1.0000 | Running Avg Loss: 0.5481
2026-09-29 01:19:09,600 [INFO]     [Train Batch 200/200] Step Loss: 0.3253 | Running Avg Loss: 0.5410
2026-09-29 01:19:10,312 [INFO] Epoch 16/30 (124.1s) - Train Loss: 0.5410 | LR: 4.48e-04
2026-09-29 01:19:18,070 [INFO]   [Val Case 1/50] Running sliding-window inference (shape: (223, 223, 145), overlap: 0.25)...
2026-09-29 01:19:18,529 [INFO]   [Val Case 1/50] Finished in 0.52s | Dice Score: 0.1249
2026-09-29 01:19:18,586 [INFO]   [Val Case 2/50] Running sliding-window inference (shape: (223, 223, 145), overlap: 0.25)...
2026-09-29 01:19:18,822 [INFO]   [Val Case 2/50] Finished in 0.27s | Dice Score: 0.0015
2026-09-29 01:19:19,288 [INFO]   [Val Case 3/50] Running sliding-window inference (shape: (223, 223, 143), overlap: 0.25)...
2026-09-29 01:19:19,533 [INFO]   [Val Case 3/50] Finished in 0.28s | Dice Score: 0.1571
2026-09-29 01:19:19,612 [INFO]   [Val Case 4/50] Running sliding-window inference (shape: (223, 223, 145), overlap: 0.25)...
2026-09-29 01:19:19,870 [INFO]   [Val Case 4/50] Finished in 0.31s | Dice Score: 0.1201
2026-09-29 01:19:20,567 [INFO]   [Val Case 5/50] Running sliding-window inference (shape: (223, 223, 145), overlap: 0.25)...
2026-09-29 01:19:20,816 [INFO]   [Val Case 5/50] Finished in 0.29s | Dice Score: 0.8605
2026-09-29 01:19:20,858 [INFO]   [Val Case 6/50] Running sliding-window inference (shape: (229, 229, 116), overlap: 0.25)...
2026-09-29 01:19:21,064 [INFO]   [Val Case 6/50] Finished in 0.23s | Dice Score: 0.0383
2026-09-29 01:19:21,266 [INFO]   [Val Case 7/50] Running sliding-window inference (shape: (229, 229, 116), overlap: 0.25)...
2026-09-29 01:19:21,475 [INFO]   [Val Case 7/50] Finished in 0.24s | Dice Score: 0.6553
2026-09-29 01:19:21,518 [INFO]   [Val Case 8/50] Running sliding-window inference (shape: (220, 220, 140), overlap: 0.25)...
2026-09-29 01:19:21,765 [INFO]   [Val Case 8/50] Finished in 0.28s | Dice Score: 0.0542
2026-09-29 01:19:22,374 [INFO]   [Val Case 9/50] Running sliding-window inference (shape: (223, 223, 143), overlap: 0.25)...
2026-09-29 01:19:22,623 [INFO]   [Val Case 9/50] Finished in 0.28s | Dice Score: 0.2736
2026-09-29 01:19:22,681 [INFO]   [Val Case 10/50] Running sliding-window inference (shape: (255, 255, 143), overlap: 0.25)...
2026-09-29 01:19:23,089 [INFO]   [Val Case 10/50] Finished in 0.45s | Dice Score: 0.4880
2026-09-29 01:19:23,219 [INFO]   [Val Case 11/50] Running sliding-window inference (shape: (239, 239, 125), overlap: 0.25)...
2026-09-29 01:19:23,454 [INFO]   [Val Case 11/50] Finished in 0.27s | Dice Score: 0.8178
2026-09-29 01:19:23,502 [INFO]   [Val Case 12/50] Running sliding-window inference (shape: (223, 223, 143), overlap: 0.25)...
2026-09-29 01:19:23,750 [INFO]   [Val Case 12/50] Finished in 0.28s | Dice Score: 0.7774
2026-09-29 01:19:24,396 [INFO]   [Val Case 13/50] Running sliding-window inference (shape: (223, 223, 143), overlap: 0.25)...
2026-09-29 01:19:24,648 [INFO]   [Val Case 13/50] Finished in 0.29s | Dice Score: 0.8275
2026-09-29 01:19:24,699 [INFO]   [Val Case 14/50] Running sliding-window inference (shape: (229, 229, 116), overlap: 0.25)...
2026-09-29 01:19:24,915 [INFO]   [Val Case 14/50] Finished in 0.25s | Dice Score: 0.4341
2026-09-29 01:19:25,534 [INFO]   [Val Case 15/50] Running sliding-window inference (shape: (223, 223, 143), overlap: 0.25)...
2026-09-29 01:19:25,789 [INFO]   [Val Case 15/50] Finished in 0.30s | Dice Score: 0.1901
2026-09-29 01:19:25,835 [INFO]   [Val Case 16/50] Running sliding-window inference (shape: (223, 223, 143), overlap: 0.25)...
2026-09-29 01:19:26,089 [INFO]   [Val Case 16/50] Finished in 0.29s | Dice Score: 0.2859
2026-09-29 01:19:26,251 [INFO]   [Val Case 17/50] Running sliding-window inference (shape: (229, 229, 116), overlap: 0.25)...
2026-09-29 01:19:26,469 [INFO]   [Val Case 17/50] Finished in 0.25s | Dice Score: 0.6460
2026-09-29 01:19:26,569 [INFO]   [Val Case 18/50] Running sliding-window inference (shape: (223, 223, 143), overlap: 0.25)...
2026-09-29 01:19:26,863 [INFO]   [Val Case 18/50] Finished in 0.37s | Dice Score: 0.0500
2026-09-29 01:19:27,473 [INFO]   [Val Case 19/50] Running sliding-window inference (shape: (223, 223, 143), overlap: 0.25)...
2026-09-29 01:19:27,739 [INFO]   [Val Case 19/50] Finished in 0.30s | Dice Score: 0.4863
2026-09-29 01:19:27,790 [INFO]   [Val Case 20/50] Running sliding-window inference (shape: (223, 223, 145), overlap: 0.25)...
2026-09-29 01:19:28,046 [INFO]   [Val Case 20/50] Finished in 0.29s | Dice Score: 0.3662
2026-09-29 01:19:28,338 [INFO]   [Val Case 21/50] Running sliding-window inference (shape: (220, 220, 140), overlap: 0.25)...
2026-09-29 01:19:28,577 [INFO]   [Val Case 21/50] Finished in 0.27s | Dice Score: 0.2830
2026-09-29 01:19:28,639 [INFO]   [Val Case 22/50] Running sliding-window inference (shape: (223, 223, 143), overlap: 0.25)...
2026-09-29 01:19:28,925 [INFO]   [Val Case 22/50] Finished in 0.33s | Dice Score: 0.6928
2026-09-29 01:19:29,411 [INFO]   [Val Case 23/50] Running sliding-window inference (shape: (223, 223, 145), overlap: 0.25)...
2026-09-29 01:19:29,692 [INFO]   [Val Case 23/50] Finished in 0.31s | Dice Score: 0.0097
2026-09-29 01:19:29,747 [INFO]   [Val Case 24/50] Running sliding-window inference (shape: (223, 223, 143), overlap: 0.25)...
2026-09-29 01:19:30,015 [INFO]   [Val Case 24/50] Finished in 0.30s | Dice Score: 0.0190
2026-09-29 01:19:30,653 [INFO]   [Val Case 25/50] Running sliding-window inference (shape: (223, 223, 143), overlap: 0.25)...
2026-09-29 01:19:30,925 [INFO]   [Val Case 25/50] Finished in 0.30s | Dice Score: 0.0613
2026-09-29 01:19:30,988 [INFO]   [Val Case 26/50] Running sliding-window inference (shape: (259, 259, 129), overlap: 0.25)...
2026-09-29 01:19:31,434 [INFO]   [Val Case 26/50] Finished in 0.49s | Dice Score: 0.0001
2026-09-29 01:19:31,840 [INFO]   [Val Case 27/50] Running sliding-window inference (shape: (223, 223, 143), overlap: 0.25)...
2026-09-29 01:19:32,092 [INFO]   [Val Case 27/50] Finished in 0.29s | Dice Score: 0.0791
2026-09-29 01:19:32,148 [INFO]   [Val Case 28/50] Running sliding-window inference (shape: (223, 223, 145), overlap: 0.25)...
2026-09-29 01:19:32,408 [INFO]   [Val Case 28/50] Finished in 0.30s | Dice Score: 0.4515
2026-09-29 01:19:32,733 [INFO]   [Val Case 29/50] Running sliding-window inference (shape: (223, 223, 145), overlap: 0.25)...
2026-09-29 01:19:32,986 [INFO]   [Val Case 29/50] Finished in 0.29s | Dice Score: 0.7206
2026-09-29 01:19:33,034 [INFO]   [Val Case 30/50] Running sliding-window inference (shape: (223, 223, 145), overlap: 0.25)...
2026-09-29 01:19:33,287 [INFO]   [Val Case 30/50] Finished in 0.29s | Dice Score: 0.4543
2026-09-29 01:19:33,556 [INFO]   [Val Case 31/50] Running sliding-window inference (shape: (220, 220, 140), overlap: 0.25)...
2026-09-29 01:19:33,809 [INFO]   [Val Case 31/50] Finished in 0.29s | Dice Score: 0.6141
2026-09-29 01:19:33,874 [INFO]   [Val Case 32/50] Running sliding-window inference (shape: (223, 223, 145), overlap: 0.25)...
2026-09-29 01:19:34,113 [INFO]   [Val Case 32/50] Finished in 0.27s | Dice Score: 0.0935
2026-09-29 01:19:34,408 [INFO]   [Val Case 33/50] Running sliding-window inference (shape: (229, 229, 139), overlap: 0.25)...
2026-09-29 01:19:34,672 [INFO]   [Val Case 33/50] Finished in 0.31s | Dice Score: 0.1119
2026-09-29 01:19:35,129 [INFO]   [Val Case 34/50] Running sliding-window inference (shape: (223, 223, 143), overlap: 0.25)...
2026-09-29 01:19:35,380 [INFO]   [Val Case 34/50] Finished in 0.28s | Dice Score: 0.4501
2026-09-29 01:19:35,607 [INFO]   [Val Case 35/50] Running sliding-window inference (shape: (223, 223, 143), overlap: 0.25)...
2026-09-29 01:19:35,858 [INFO]   [Val Case 35/50] Finished in 0.29s | Dice Score: 0.3269
2026-09-29 01:19:36,308 [INFO]   [Val Case 36/50] Running sliding-window inference (shape: (223, 223, 145), overlap: 0.25)...
2026-09-29 01:19:36,560 [INFO]   [Val Case 36/50] Finished in 0.28s | Dice Score: 0.1016
2026-09-29 01:19:36,770 [INFO]   [Val Case 37/50] Running sliding-window inference (shape: (223, 223, 143), overlap: 0.25)...
2026-09-29 01:19:37,034 [INFO]   [Val Case 37/50] Finished in 0.30s | Dice Score: 0.8020
2026-09-29 01:19:37,102 [INFO]   [Val Case 38/50] Running sliding-window inference (shape: (229, 229, 116), overlap: 0.25)...
2026-09-29 01:19:37,330 [INFO]   [Val Case 38/50] Finished in 0.27s | Dice Score: 0.5182
2026-09-29 01:19:37,992 [INFO]   [Val Case 39/50] Running sliding-window inference (shape: (223, 223, 151), overlap: 0.25)...
2026-09-29 01:19:38,242 [INFO]   [Val Case 39/50] Finished in 0.28s | Dice Score: 0.3903
2026-09-29 01:19:38,291 [INFO]   [Val Case 40/50] Running sliding-window inference (shape: (223, 223, 143), overlap: 0.25)...
2026-09-29 01:19:38,555 [INFO]   [Val Case 40/50] Finished in 0.30s | Dice Score: 0.2588
2026-09-29 01:19:39,145 [INFO]   [Val Case 41/50] Running sliding-window inference (shape: (223, 223, 143), overlap: 0.25)...
2026-09-29 01:19:39,414 [INFO]   [Val Case 41/50] Finished in 0.30s | Dice Score: 0.1325
2026-09-29 01:19:39,462 [INFO]   [Val Case 42/50] Running sliding-window inference (shape: (223, 223, 143), overlap: 0.25)...
2026-09-29 01:19:39,730 [INFO]   [Val Case 42/50] Finished in 0.30s | Dice Score: 0.4610
2026-09-29 01:19:40,410 [INFO]   [Val Case 43/50] Running sliding-window inference (shape: (223, 223, 145), overlap: 0.25)...
2026-09-29 01:19:40,659 [INFO]   [Val Case 43/50] Finished in 0.28s | Dice Score: 0.4987
2026-09-29 01:19:40,705 [INFO]   [Val Case 44/50] Running sliding-window inference (shape: (229, 229, 116), overlap: 0.25)...
2026-09-29 01:19:40,930 [INFO]   [Val Case 44/50] Finished in 0.25s | Dice Score: 0.4916
2026-09-29 01:19:41,603 [INFO]   [Val Case 45/50] Running sliding-window inference (shape: (223, 223, 143), overlap: 0.25)...
2026-09-29 01:19:41,871 [INFO]   [Val Case 45/50] Finished in 0.30s | Dice Score: 0.7014
2026-09-29 01:19:41,929 [INFO]   [Val Case 46/50] Running sliding-window inference (shape: (223, 223, 145), overlap: 0.25)...
2026-09-29 01:19:42,183 [INFO]   [Val Case 46/50] Finished in 0.29s | Dice Score: 0.5680
2026-09-29 01:19:42,706 [INFO]   [Val Case 47/50] Running sliding-window inference (shape: (223, 223, 145), overlap: 0.25)...
2026-09-29 01:19:42,968 [INFO]   [Val Case 47/50] Finished in 0.29s | Dice Score: 0.0873
2026-09-29 01:19:43,061 [INFO]   [Val Case 48/50] Running sliding-window inference (shape: (223, 223, 143), overlap: 0.25)...
2026-09-29 01:19:43,320 [INFO]   [Val Case 48/50] Finished in 0.32s | Dice Score: 0.2212
2026-09-29 01:19:43,850 [INFO]   [Val Case 49/50] Running sliding-window inference (shape: (223, 223, 143), overlap: 0.25)...
2026-09-29 01:19:44,098 [INFO]   [Val Case 49/50] Finished in 0.28s | Dice Score: 0.0000
2026-09-29 01:19:44,145 [INFO]   [Val Case 50/50] Running sliding-window inference (shape: (223, 223, 143), overlap: 0.25)...
2026-09-29 01:19:44,374 [INFO]   [Val Case 50/50] Finished in 0.26s | Dice Score: 0.7538
2026-09-29 01:19:44,980 [INFO] Epoch 16 Validation (34.7s): Mean Dice: 0.3602 (50 subjects)
2026-09-29 01:19:45,011 [INFO] ---------------------------------------------------------------------------
2026-09-29 01:19:45,011 [INFO] Starting Epoch 17/30 (LR: 4.48e-04)...
2026-09-29 01:20:06,125 [INFO]     [Train Batch 25/200] Step Loss: 0.7358 | Running Avg Loss: 0.5525
2026-09-29 01:20:24,744 [INFO]     [Train Batch 50/200] Step Loss: 0.6032 | Running Avg Loss: 0.5442
2026-09-29 01:20:41,477 [INFO]     [Train Batch 75/200] Step Loss: 0.7336 | Running Avg Loss: 0.5405
2026-09-29 01:20:55,649 [INFO]     [Train Batch 100/200] Step Loss: 0.1996 | Running Avg Loss: 0.5561
2026-09-29 01:21:07,260 [INFO]     [Train Batch 125/200] Step Loss: 0.2653 | Running Avg Loss: 0.5495
2026-09-29 01:21:25,239 [INFO]     [Train Batch 150/200] Step Loss: 0.6256 | Running Avg Loss: 0.5584
2026-09-29 01:21:38,231 [INFO]     [Train Batch 175/200] Step Loss: 0.3384 | Running Avg Loss: 0.5544
2026-09-29 01:21:50,234 [INFO]     [Train Batch 200/200] Step Loss: 0.4372 | Running Avg Loss: 0.5551
2026-09-29 01:21:50,908 [INFO] Epoch 17/30 (125.9s) - Train Loss: 0.5551 | LR: 3.96e-04
2026-09-29 01:21:58,851 [INFO]   [Val Case 1/50] Running sliding-window inference (shape: (223, 223, 145), overlap: 0.25)...
2026-09-29 01:21:59,192 [INFO]   [Val Case 1/50] Finished in 0.41s | Dice Score: 0.2989
2026-09-29 01:21:59,248 [INFO]   [Val Case 2/50] Running sliding-window inference (shape: (223, 223, 145), overlap: 0.25)...
2026-09-29 01:21:59,517 [INFO]   [Val Case 2/50] Finished in 0.31s | Dice Score: 0.0000
2026-09-29 01:22:00,156 [INFO]   [Val Case 3/50] Running sliding-window inference (shape: (223, 223, 143), overlap: 0.25)...
2026-09-29 01:22:00,401 [INFO]   [Val Case 3/50] Finished in 0.28s | Dice Score: 0.3346
2026-09-29 01:22:00,449 [INFO]   [Val Case 4/50] Running sliding-window inference (shape: (223, 223, 145), overlap: 0.25)...
2026-09-29 01:22:00,719 [INFO]   [Val Case 4/50] Finished in 0.30s | Dice Score: 0.5768
2026-09-29 01:22:01,421 [INFO]   [Val Case 5/50] Running sliding-window inference (shape: (223, 223, 145), overlap: 0.25)...
2026-09-29 01:22:01,670 [INFO]   [Val Case 5/50] Finished in 0.29s | Dice Score: 0.8528
2026-09-29 01:22:01,715 [INFO]   [Val Case 6/50] Running sliding-window inference (shape: (229, 229, 116), overlap: 0.25)...
2026-09-29 01:22:01,915 [INFO]   [Val Case 6/50] Finished in 0.23s | Dice Score: 0.0241
2026-09-29 01:22:02,127 [INFO]   [Val Case 7/50] Running sliding-window inference (shape: (229, 229, 116), overlap: 0.25)...
2026-09-29 01:22:02,329 [INFO]   [Val Case 7/50] Finished in 0.23s | Dice Score: 0.6705
2026-09-29 01:22:02,371 [INFO]   [Val Case 8/50] Running sliding-window inference (shape: (220, 220, 140), overlap: 0.25)...
2026-09-29 01:22:02,621 [INFO]   [Val Case 8/50] Finished in 0.28s | Dice Score: 0.3013
2026-09-29 01:22:03,298 [INFO]   [Val Case 9/50] Running sliding-window inference (shape: (223, 223, 143), overlap: 0.25)...
2026-09-29 01:22:03,544 [INFO]   [Val Case 9/50] Finished in 0.28s | Dice Score: 0.5454
2026-09-29 01:22:03,600 [INFO]   [Val Case 10/50] Running sliding-window inference (shape: (255, 255, 143), overlap: 0.25)...
2026-09-29 01:22:04,014 [INFO]   [Val Case 10/50] Finished in 0.45s | Dice Score: 0.7731
2026-09-29 01:22:04,141 [INFO]   [Val Case 11/50] Running sliding-window inference (shape: (239, 239, 125), overlap: 0.25)...
2026-09-29 01:22:04,352 [INFO]   [Val Case 11/50] Finished in 0.24s | Dice Score: 0.6393
2026-09-29 01:22:04,398 [INFO]   [Val Case 12/50] Running sliding-window inference (shape: (223, 223, 143), overlap: 0.25)...
2026-09-29 01:22:04,653 [INFO]   [Val Case 12/50] Finished in 0.28s | Dice Score: 0.7288
2026-09-29 01:22:05,344 [INFO]   [Val Case 13/50] Running sliding-window inference (shape: (223, 223, 143), overlap: 0.25)...
2026-09-29 01:22:05,583 [INFO]   [Val Case 13/50] Finished in 0.29s | Dice Score: 0.6599
2026-09-29 01:22:05,626 [INFO]   [Val Case 14/50] Running sliding-window inference (shape: (229, 229, 116), overlap: 0.25)...
2026-09-29 01:22:05,839 [INFO]   [Val Case 14/50] Finished in 0.24s | Dice Score: 0.5745
2026-09-29 01:22:06,519 [INFO]   [Val Case 15/50] Running sliding-window inference (shape: (223, 223, 143), overlap: 0.25)...
2026-09-29 01:22:06,783 [INFO]   [Val Case 15/50] Finished in 0.32s | Dice Score: 0.1440
2026-09-29 01:22:06,830 [INFO]   [Val Case 16/50] Running sliding-window inference (shape: (223, 223, 143), overlap: 0.25)...
2026-09-29 01:22:07,085 [INFO]   [Val Case 16/50] Finished in 0.29s | Dice Score: 0.6558
2026-09-29 01:22:07,242 [INFO]   [Val Case 17/50] Running sliding-window inference (shape: (229, 229, 116), overlap: 0.25)...
2026-09-29 01:22:07,451 [INFO]   [Val Case 17/50] Finished in 0.24s | Dice Score: 0.7175
2026-09-29 01:22:07,504 [INFO]   [Val Case 18/50] Running sliding-window inference (shape: (223, 223, 143), overlap: 0.25)...
2026-09-29 01:22:07,781 [INFO]   [Val Case 18/50] Finished in 0.31s | Dice Score: 0.1268
2026-09-29 01:22:08,415 [INFO]   [Val Case 19/50] Running sliding-window inference (shape: (223, 223, 143), overlap: 0.25)...
2026-09-29 01:22:08,710 [INFO]   [Val Case 19/50] Finished in 0.33s | Dice Score: 0.7564
2026-09-29 01:22:08,772 [INFO]   [Val Case 20/50] Running sliding-window inference (shape: (223, 223, 145), overlap: 0.25)...
2026-09-29 01:22:09,025 [INFO]   [Val Case 20/50] Finished in 0.29s | Dice Score: 0.7312
2026-09-29 01:22:09,237 [INFO]   [Val Case 21/50] Running sliding-window inference (shape: (220, 220, 140), overlap: 0.25)...
2026-09-29 01:22:09,481 [INFO]   [Val Case 21/50] Finished in 0.27s | Dice Score: 0.1668
2026-09-29 01:22:09,533 [INFO]   [Val Case 22/50] Running sliding-window inference (shape: (223, 223, 143), overlap: 0.25)...
2026-09-29 01:22:09,784 [INFO]   [Val Case 22/50] Finished in 0.29s | Dice Score: 0.8358
2026-09-29 01:22:10,379 [INFO]   [Val Case 23/50] Running sliding-window inference (shape: (223, 223, 145), overlap: 0.25)...
2026-09-29 01:22:10,651 [INFO]   [Val Case 23/50] Finished in 0.31s | Dice Score: 0.0576
2026-09-29 01:22:10,710 [INFO]   [Val Case 24/50] Running sliding-window inference (shape: (223, 223, 143), overlap: 0.25)...
2026-09-29 01:22:10,992 [INFO]   [Val Case 24/50] Finished in 0.31s | Dice Score: 0.1448
2026-09-29 01:22:11,681 [INFO]   [Val Case 25/50] Running sliding-window inference (shape: (223, 223, 143), overlap: 0.25)...
2026-09-29 01:22:11,934 [INFO]   [Val Case 25/50] Finished in 0.29s | Dice Score: 0.5043
2026-09-29 01:22:12,008 [INFO]   [Val Case 26/50] Running sliding-window inference (shape: (259, 259, 129), overlap: 0.25)...
2026-09-29 01:22:12,449 [INFO]   [Val Case 26/50] Finished in 0.49s | Dice Score: 0.0000
2026-09-29 01:22:12,905 [INFO]   [Val Case 27/50] Running sliding-window inference (shape: (223, 223, 143), overlap: 0.25)...
2026-09-29 01:22:13,225 [INFO]   [Val Case 27/50] Finished in 0.35s | Dice Score: 0.3064
2026-09-29 01:22:13,280 [INFO]   [Val Case 28/50] Running sliding-window inference (shape: (223, 223, 145), overlap: 0.25)...
2026-09-29 01:22:13,531 [INFO]   [Val Case 28/50] Finished in 0.29s | Dice Score: 0.5521
2026-09-29 01:22:13,809 [INFO]   [Val Case 29/50] Running sliding-window inference (shape: (223, 223, 145), overlap: 0.25)...
2026-09-29 01:22:14,067 [INFO]   [Val Case 29/50] Finished in 0.29s | Dice Score: 0.6025
2026-09-29 01:22:14,118 [INFO]   [Val Case 30/50] Running sliding-window inference (shape: (223, 223, 145), overlap: 0.25)...
2026-09-29 01:22:14,373 [INFO]   [Val Case 30/50] Finished in 0.29s | Dice Score: 0.7547
2026-09-29 01:22:14,661 [INFO]   [Val Case 31/50] Running sliding-window inference (shape: (220, 220, 140), overlap: 0.25)...
2026-09-29 01:22:14,924 [INFO]   [Val Case 31/50] Finished in 0.30s | Dice Score: 0.6692
2026-09-29 01:22:14,998 [INFO]   [Val Case 32/50] Running sliding-window inference (shape: (223, 223, 145), overlap: 0.25)...
2026-09-29 01:22:15,254 [INFO]   [Val Case 32/50] Finished in 0.29s | Dice Score: 0.3927
2026-09-29 01:22:15,580 [INFO]   [Val Case 33/50] Running sliding-window inference (shape: (229, 229, 139), overlap: 0.25)...
2026-09-29 01:22:15,884 [INFO]   [Val Case 33/50] Finished in 0.34s | Dice Score: 0.3245
2026-09-29 01:22:16,214 [INFO]   [Val Case 34/50] Running sliding-window inference (shape: (223, 223, 143), overlap: 0.25)...
2026-09-29 01:22:16,509 [INFO]   [Val Case 34/50] Finished in 0.33s | Dice Score: 0.2387
2026-09-29 01:22:16,874 [INFO]   [Val Case 35/50] Running sliding-window inference (shape: (223, 223, 143), overlap: 0.25)...
2026-09-29 01:22:17,120 [INFO]   [Val Case 35/50] Finished in 0.29s | Dice Score: 0.6014
2026-09-29 01:22:17,504 [INFO]   [Val Case 36/50] Running sliding-window inference (shape: (223, 223, 145), overlap: 0.25)...
2026-09-29 01:22:17,769 [INFO]   [Val Case 36/50] Finished in 0.30s | Dice Score: 0.4126
2026-09-29 01:22:18,053 [INFO]   [Val Case 37/50] Running sliding-window inference (shape: (223, 223, 143), overlap: 0.25)...
2026-09-29 01:22:18,315 [INFO]   [Val Case 37/50] Finished in 0.30s | Dice Score: 0.6826
2026-09-29 01:22:18,358 [INFO]   [Val Case 38/50] Running sliding-window inference (shape: (229, 229, 116), overlap: 0.25)...
2026-09-29 01:22:18,586 [INFO]   [Val Case 38/50] Finished in 0.25s | Dice Score: 0.5491
2026-09-29 01:22:19,322 [INFO]   [Val Case 39/50] Running sliding-window inference (shape: (223, 223, 151), overlap: 0.25)...
2026-09-29 01:22:19,565 [INFO]   [Val Case 39/50] Finished in 0.28s | Dice Score: 0.1354
2026-09-29 01:22:19,614 [INFO]   [Val Case 40/50] Running sliding-window inference (shape: (223, 223, 143), overlap: 0.25)...
2026-09-29 01:22:19,875 [INFO]   [Val Case 40/50] Finished in 0.29s | Dice Score: 0.2369
2026-09-29 01:22:20,536 [INFO]   [Val Case 41/50] Running sliding-window inference (shape: (223, 223, 143), overlap: 0.25)...
2026-09-29 01:22:20,813 [INFO]   [Val Case 41/50] Finished in 0.31s | Dice Score: 0.4216
2026-09-29 01:22:20,859 [INFO]   [Val Case 42/50] Running sliding-window inference (shape: (223, 223, 143), overlap: 0.25)...
2026-09-29 01:22:21,135 [INFO]   [Val Case 42/50] Finished in 0.31s | Dice Score: 0.2596
2026-09-29 01:22:21,757 [INFO]   [Val Case 43/50] Running sliding-window inference (shape: (223, 223, 145), overlap: 0.25)...
2026-09-29 01:22:22,045 [INFO]   [Val Case 43/50] Finished in 0.32s | Dice Score: 0.6246
2026-09-29 01:22:22,091 [INFO]   [Val Case 44/50] Running sliding-window inference (shape: (229, 229, 116), overlap: 0.25)...
2026-09-29 01:22:22,313 [INFO]   [Val Case 44/50] Finished in 0.25s | Dice Score: 0.5407
2026-09-29 01:22:22,962 [INFO]   [Val Case 45/50] Running sliding-window inference (shape: (223, 223, 143), overlap: 0.25)...
2026-09-29 01:22:23,206 [INFO]   [Val Case 45/50] Finished in 0.27s | Dice Score: 0.3178
2026-09-29 01:22:23,258 [INFO]   [Val Case 46/50] Running sliding-window inference (shape: (223, 223, 145), overlap: 0.25)...
2026-09-29 01:22:23,520 [INFO]   [Val Case 46/50] Finished in 0.30s | Dice Score: 0.6527
2026-09-29 01:22:24,129 [INFO]   [Val Case 47/50] Running sliding-window inference (shape: (223, 223, 145), overlap: 0.25)...
2026-09-29 01:22:24,396 [INFO]   [Val Case 47/50] Finished in 0.30s | Dice Score: 0.3994
2026-09-29 01:22:24,446 [INFO]   [Val Case 48/50] Running sliding-window inference (shape: (223, 223, 143), overlap: 0.25)...
2026-09-29 01:22:24,693 [INFO]   [Val Case 48/50] Finished in 0.28s | Dice Score: 0.5388
2026-09-29 01:22:25,263 [INFO]   [Val Case 49/50] Running sliding-window inference (shape: (223, 223, 143), overlap: 0.25)...
2026-09-29 01:22:25,513 [INFO]   [Val Case 49/50] Finished in 0.28s | Dice Score: 0.0000
2026-09-29 01:22:25,555 [INFO]   [Val Case 50/50] Running sliding-window inference (shape: (223, 223, 143), overlap: 0.25)...
2026-09-29 01:22:25,783 [INFO]   [Val Case 50/50] Finished in 0.26s | Dice Score: 0.8247
2026-09-29 01:22:26,395 [INFO] Epoch 17 Validation (35.5s): Mean Dice: 0.4572 (50 subjects)
2026-09-29 01:22:26,428 [INFO] --> New best metric model saved (Dice: 0.4572) at G:\PROJECT\PBL6-main\experiments\runs\segresnet_fold0_20260929_003648\best_metric_model.pth
2026-09-29 01:22:26,457 [INFO] ---------------------------------------------------------------------------
2026-09-29 01:22:26,457 [INFO] Starting Epoch 18/30 (LR: 3.96e-04)...
2026-09-29 01:22:47,385 [INFO]     [Train Batch 25/200] Step Loss: 0.6037 | Running Avg Loss: 0.6225
2026-09-29 01:22:59,249 [INFO]     [Train Batch 50/200] Step Loss: 0.6347 | Running Avg Loss: 0.5877
2026-09-29 01:23:18,353 [INFO]     [Train Batch 75/200] Step Loss: 1.0000 | Running Avg Loss: 0.5838
2026-09-29 01:23:32,137 [INFO]     [Train Batch 100/200] Step Loss: 0.5909 | Running Avg Loss: 0.5742
2026-09-29 01:23:44,540 [INFO]     [Train Batch 125/200] Step Loss: 0.6980 | Running Avg Loss: 0.5694
2026-09-29 01:23:58,304 [INFO]     [Train Batch 150/200] Step Loss: 0.6950 | Running Avg Loss: 0.5707
2026-09-29 01:24:10,441 [INFO]     [Train Batch 175/200] Step Loss: 0.6876 | Running Avg Loss: 0.5765
2026-09-29 01:24:27,549 [INFO]     [Train Batch 200/200] Step Loss: 0.6511 | Running Avg Loss: 0.5746
2026-09-29 01:24:28,261 [INFO] Epoch 18/30 (121.8s) - Train Loss: 0.5746 | LR: 3.45e-04
2026-09-29 01:24:36,146 [INFO]   [Val Case 1/50] Running sliding-window inference (shape: (223, 223, 145), overlap: 0.25)...
2026-09-29 01:24:36,538 [INFO]   [Val Case 1/50] Finished in 0.46s | Dice Score: 0.0541
2026-09-29 01:24:36,604 [INFO]   [Val Case 2/50] Running sliding-window inference (shape: (223, 223, 145), overlap: 0.25)...
2026-09-29 01:24:36,842 [INFO]   [Val Case 2/50] Finished in 0.28s | Dice Score: 0.0023
2026-09-29 01:24:37,426 [INFO]   [Val Case 3/50] Running sliding-window inference (shape: (223, 223, 143), overlap: 0.25)...
2026-09-29 01:24:37,667 [INFO]   [Val Case 3/50] Finished in 0.27s | Dice Score: 0.0670
2026-09-29 01:24:37,718 [INFO]   [Val Case 4/50] Running sliding-window inference (shape: (223, 223, 145), overlap: 0.25)...
2026-09-29 01:24:37,965 [INFO]   [Val Case 4/50] Finished in 0.28s | Dice Score: 0.0365
2026-09-29 01:24:38,666 [INFO]   [Val Case 5/50] Running sliding-window inference (shape: (223, 223, 145), overlap: 0.25)...
2026-09-29 01:24:38,928 [INFO]   [Val Case 5/50] Finished in 0.30s | Dice Score: 0.8830
2026-09-29 01:24:38,969 [INFO]   [Val Case 6/50] Running sliding-window inference (shape: (229, 229, 116), overlap: 0.25)...
2026-09-29 01:24:39,169 [INFO]   [Val Case 6/50] Finished in 0.23s | Dice Score: 0.0362
2026-09-29 01:24:39,336 [INFO]   [Val Case 7/50] Running sliding-window inference (shape: (229, 229, 116), overlap: 0.25)...
2026-09-29 01:24:39,532 [INFO]   [Val Case 7/50] Finished in 0.22s | Dice Score: 0.3095
2026-09-29 01:24:39,574 [INFO]   [Val Case 8/50] Running sliding-window inference (shape: (220, 220, 140), overlap: 0.25)...
2026-09-29 01:24:39,827 [INFO]   [Val Case 8/50] Finished in 0.28s | Dice Score: 0.0499
2026-09-29 01:24:40,462 [INFO]   [Val Case 9/50] Running sliding-window inference (shape: (223, 223, 143), overlap: 0.25)...
2026-09-29 01:24:40,712 [INFO]   [Val Case 9/50] Finished in 0.28s | Dice Score: 0.2021
2026-09-29 01:24:40,767 [INFO]   [Val Case 10/50] Running sliding-window inference (shape: (255, 255, 143), overlap: 0.25)...
2026-09-29 01:24:41,181 [INFO]   [Val Case 10/50] Finished in 0.46s | Dice Score: 0.4156
2026-09-29 01:24:41,280 [INFO]   [Val Case 11/50] Running sliding-window inference (shape: (239, 239, 125), overlap: 0.25)...
2026-09-29 01:24:41,486 [INFO]   [Val Case 11/50] Finished in 0.24s | Dice Score: 0.8136
2026-09-29 01:24:41,533 [INFO]   [Val Case 12/50] Running sliding-window inference (shape: (223, 223, 143), overlap: 0.25)...
2026-09-29 01:24:41,787 [INFO]   [Val Case 12/50] Finished in 0.28s | Dice Score: 0.8020
2026-09-29 01:24:42,482 [INFO]   [Val Case 13/50] Running sliding-window inference (shape: (223, 223, 143), overlap: 0.25)...
2026-09-29 01:24:42,720 [INFO]   [Val Case 13/50] Finished in 0.28s | Dice Score: 0.8456
2026-09-29 01:24:42,767 [INFO]   [Val Case 14/50] Running sliding-window inference (shape: (229, 229, 116), overlap: 0.25)...
2026-09-29 01:24:42,976 [INFO]   [Val Case 14/50] Finished in 0.24s | Dice Score: 0.1568
2026-09-29 01:24:43,594 [INFO]   [Val Case 15/50] Running sliding-window inference (shape: (223, 223, 143), overlap: 0.25)...
2026-09-29 01:24:43,842 [INFO]   [Val Case 15/50] Finished in 0.29s | Dice Score: 0.0759
2026-09-29 01:24:43,886 [INFO]   [Val Case 16/50] Running sliding-window inference (shape: (223, 223, 143), overlap: 0.25)...
2026-09-29 01:24:44,136 [INFO]   [Val Case 16/50] Finished in 0.28s | Dice Score: 0.1457
2026-09-29 01:24:44,336 [INFO]   [Val Case 17/50] Running sliding-window inference (shape: (229, 229, 116), overlap: 0.25)...
2026-09-29 01:24:44,535 [INFO]   [Val Case 17/50] Finished in 0.24s | Dice Score: 0.5377
2026-09-29 01:24:44,596 [INFO]   [Val Case 18/50] Running sliding-window inference (shape: (223, 223, 143), overlap: 0.25)...
2026-09-29 01:24:44,836 [INFO]   [Val Case 18/50] Finished in 0.28s | Dice Score: 0.0076
2026-09-29 01:24:45,485 [INFO]   [Val Case 19/50] Running sliding-window inference (shape: (223, 223, 143), overlap: 0.25)...
2026-09-29 01:24:45,733 [INFO]   [Val Case 19/50] Finished in 0.28s | Dice Score: 0.3753
2026-09-29 01:24:45,792 [INFO]   [Val Case 20/50] Running sliding-window inference (shape: (223, 223, 145), overlap: 0.25)...
2026-09-29 01:24:46,066 [INFO]   [Val Case 20/50] Finished in 0.31s | Dice Score: 0.3316
2026-09-29 01:24:46,320 [INFO]   [Val Case 21/50] Running sliding-window inference (shape: (220, 220, 140), overlap: 0.25)...
2026-09-29 01:24:46,569 [INFO]   [Val Case 21/50] Finished in 0.28s | Dice Score: 0.3569
2026-09-29 01:24:46,620 [INFO]   [Val Case 22/50] Running sliding-window inference (shape: (223, 223, 143), overlap: 0.25)...
2026-09-29 01:24:46,884 [INFO]   [Val Case 22/50] Finished in 0.30s | Dice Score: 0.4028
2026-09-29 01:24:47,375 [INFO]   [Val Case 23/50] Running sliding-window inference (shape: (223, 223, 145), overlap: 0.25)...
2026-09-29 01:24:47,634 [INFO]   [Val Case 23/50] Finished in 0.29s | Dice Score: 0.0034
2026-09-29 01:24:47,692 [INFO]   [Val Case 24/50] Running sliding-window inference (shape: (223, 223, 143), overlap: 0.25)...
2026-09-29 01:24:47,974 [INFO]   [Val Case 24/50] Finished in 0.32s | Dice Score: 0.0062
2026-09-29 01:24:48,641 [INFO]   [Val Case 25/50] Running sliding-window inference (shape: (223, 223, 143), overlap: 0.25)...
2026-09-29 01:24:48,895 [INFO]   [Val Case 25/50] Finished in 0.29s | Dice Score: 0.0307
2026-09-29 01:24:48,967 [INFO]   [Val Case 26/50] Running sliding-window inference (shape: (259, 259, 129), overlap: 0.25)...
2026-09-29 01:24:49,407 [INFO]   [Val Case 26/50] Finished in 0.49s | Dice Score: 0.0000
2026-09-29 01:24:49,816 [INFO]   [Val Case 27/50] Running sliding-window inference (shape: (223, 223, 143), overlap: 0.25)...
2026-09-29 01:24:50,097 [INFO]   [Val Case 27/50] Finished in 0.31s | Dice Score: 0.0374
2026-09-29 01:24:50,149 [INFO]   [Val Case 28/50] Running sliding-window inference (shape: (223, 223, 145), overlap: 0.25)...
2026-09-29 01:24:50,415 [INFO]   [Val Case 28/50] Finished in 0.30s | Dice Score: 0.2341
2026-09-29 01:24:50,661 [INFO]   [Val Case 29/50] Running sliding-window inference (shape: (223, 223, 145), overlap: 0.25)...
2026-09-29 01:24:50,913 [INFO]   [Val Case 29/50] Finished in 0.28s | Dice Score: 0.7369
2026-09-29 01:24:50,960 [INFO]   [Val Case 30/50] Running sliding-window inference (shape: (223, 223, 145), overlap: 0.25)...
2026-09-29 01:24:51,219 [INFO]   [Val Case 30/50] Finished in 0.29s | Dice Score: 0.2556
2026-09-29 01:24:51,506 [INFO]   [Val Case 31/50] Running sliding-window inference (shape: (220, 220, 140), overlap: 0.25)...
2026-09-29 01:24:51,756 [INFO]   [Val Case 31/50] Finished in 0.29s | Dice Score: 0.4817
2026-09-29 01:24:51,891 [INFO]   [Val Case 32/50] Running sliding-window inference (shape: (223, 223, 145), overlap: 0.25)...
2026-09-29 01:24:52,140 [INFO]   [Val Case 32/50] Finished in 0.28s | Dice Score: 0.0406
2026-09-29 01:24:52,386 [INFO]   [Val Case 33/50] Running sliding-window inference (shape: (229, 229, 139), overlap: 0.25)...
2026-09-29 01:24:52,639 [INFO]   [Val Case 33/50] Finished in 0.30s | Dice Score: 0.0605
2026-09-29 01:24:53,075 [INFO]   [Val Case 34/50] Running sliding-window inference (shape: (223, 223, 143), overlap: 0.25)...
2026-09-29 01:24:53,325 [INFO]   [Val Case 34/50] Finished in 0.28s | Dice Score: 0.2216
2026-09-29 01:24:53,618 [INFO]   [Val Case 35/50] Running sliding-window inference (shape: (223, 223, 143), overlap: 0.25)...
2026-09-29 01:24:53,866 [INFO]   [Val Case 35/50] Finished in 0.29s | Dice Score: 0.1474
2026-09-29 01:24:54,308 [INFO]   [Val Case 36/50] Running sliding-window inference (shape: (223, 223, 145), overlap: 0.25)...
2026-09-29 01:24:54,553 [INFO]   [Val Case 36/50] Finished in 0.28s | Dice Score: 0.0367
2026-09-29 01:24:54,791 [INFO]   [Val Case 37/50] Running sliding-window inference (shape: (223, 223, 143), overlap: 0.25)...
2026-09-29 01:24:55,050 [INFO]   [Val Case 37/50] Finished in 0.29s | Dice Score: 0.7820
2026-09-29 01:24:55,096 [INFO]   [Val Case 38/50] Running sliding-window inference (shape: (229, 229, 116), overlap: 0.25)...
2026-09-29 01:24:55,323 [INFO]   [Val Case 38/50] Finished in 0.26s | Dice Score: 0.3131
2026-09-29 01:24:56,012 [INFO]   [Val Case 39/50] Running sliding-window inference (shape: (223, 223, 151), overlap: 0.25)...
2026-09-29 01:24:56,258 [INFO]   [Val Case 39/50] Finished in 0.28s | Dice Score: 0.3146
2026-09-29 01:24:56,309 [INFO]   [Val Case 40/50] Running sliding-window inference (shape: (223, 223, 143), overlap: 0.25)...
2026-09-29 01:24:56,582 [INFO]   [Val Case 40/50] Finished in 0.31s | Dice Score: 0.2065
2026-09-29 01:24:57,184 [INFO]   [Val Case 41/50] Running sliding-window inference (shape: (223, 223, 143), overlap: 0.25)...
2026-09-29 01:24:57,447 [INFO]   [Val Case 41/50] Finished in 0.30s | Dice Score: 0.0290
2026-09-29 01:24:57,495 [INFO]   [Val Case 42/50] Running sliding-window inference (shape: (223, 223, 143), overlap: 0.25)...
2026-09-29 01:24:57,753 [INFO]   [Val Case 42/50] Finished in 0.29s | Dice Score: 0.3627
2026-09-29 01:24:58,364 [INFO]   [Val Case 43/50] Running sliding-window inference (shape: (223, 223, 145), overlap: 0.25)...
2026-09-29 01:24:58,627 [INFO]   [Val Case 43/50] Finished in 0.29s | Dice Score: 0.2120
2026-09-29 01:24:58,683 [INFO]   [Val Case 44/50] Running sliding-window inference (shape: (229, 229, 116), overlap: 0.25)...
2026-09-29 01:24:58,899 [INFO]   [Val Case 44/50] Finished in 0.25s | Dice Score: 0.4757
2026-09-29 01:24:59,532 [INFO]   [Val Case 45/50] Running sliding-window inference (shape: (223, 223, 143), overlap: 0.25)...
2026-09-29 01:24:59,801 [INFO]   [Val Case 45/50] Finished in 0.30s | Dice Score: 0.7351
2026-09-29 01:24:59,872 [INFO]   [Val Case 46/50] Running sliding-window inference (shape: (223, 223, 145), overlap: 0.25)...
2026-09-29 01:25:00,126 [INFO]   [Val Case 46/50] Finished in 0.30s | Dice Score: 0.3223
2026-09-29 01:25:00,680 [INFO]   [Val Case 47/50] Running sliding-window inference (shape: (223, 223, 145), overlap: 0.25)...
2026-09-29 01:25:00,922 [INFO]   [Val Case 47/50] Finished in 0.29s | Dice Score: 0.0226
2026-09-29 01:25:00,972 [INFO]   [Val Case 48/50] Running sliding-window inference (shape: (223, 223, 143), overlap: 0.25)...
2026-09-29 01:25:01,236 [INFO]   [Val Case 48/50] Finished in 0.30s | Dice Score: 0.0410
2026-09-29 01:25:01,838 [INFO]   [Val Case 49/50] Running sliding-window inference (shape: (223, 223, 143), overlap: 0.25)...
2026-09-29 01:25:02,065 [INFO]   [Val Case 49/50] Finished in 0.25s | Dice Score: 0.0000
2026-09-29 01:25:02,107 [INFO]   [Val Case 50/50] Running sliding-window inference (shape: (223, 223, 143), overlap: 0.25)...
2026-09-29 01:25:02,336 [INFO]   [Val Case 50/50] Finished in 0.26s | Dice Score: 0.6919
2026-09-29 01:25:02,971 [INFO] Epoch 18 Validation (34.7s): Mean Dice: 0.2742 (50 subjects)
2026-09-29 01:25:03,000 [INFO] ---------------------------------------------------------------------------
2026-09-29 01:25:03,001 [INFO] Starting Epoch 19/30 (LR: 3.45e-04)...
2026-09-29 01:25:24,605 [INFO]     [Train Batch 25/200] Step Loss: 0.2999 | Running Avg Loss: 0.5553
2026-09-29 01:25:36,001 [INFO]     [Train Batch 50/200] Step Loss: 0.3409 | Running Avg Loss: 0.5600
2026-09-29 01:25:49,953 [INFO]     [Train Batch 75/200] Step Loss: 0.2243 | Running Avg Loss: 0.5635
2026-09-29 01:26:07,531 [INFO]     [Train Batch 100/200] Step Loss: 0.6309 | Running Avg Loss: 0.5667
2026-09-29 01:26:24,907 [INFO]     [Train Batch 125/200] Step Loss: 0.3974 | Running Avg Loss: 0.5658
2026-09-29 01:26:37,631 [INFO]     [Train Batch 150/200] Step Loss: 0.3320 | Running Avg Loss: 0.5512
2026-09-29 01:26:51,477 [INFO]     [Train Batch 175/200] Step Loss: 0.2548 | Running Avg Loss: 0.5543
2026-09-29 01:27:03,830 [INFO]     [Train Batch 200/200] Step Loss: 0.5843 | Running Avg Loss: 0.5398
2026-09-29 01:27:04,530 [INFO] Epoch 19/30 (121.5s) - Train Loss: 0.5398 | LR: 2.97e-04
2026-09-29 01:27:12,452 [INFO]   [Val Case 1/50] Running sliding-window inference (shape: (223, 223, 145), overlap: 0.25)...
2026-09-29 01:27:12,841 [INFO]   [Val Case 1/50] Finished in 0.45s | Dice Score: 0.1590
2026-09-29 01:27:12,906 [INFO]   [Val Case 2/50] Running sliding-window inference (shape: (223, 223, 145), overlap: 0.25)...
2026-09-29 01:27:13,148 [INFO]   [Val Case 2/50] Finished in 0.28s | Dice Score: 0.0000
2026-09-29 01:27:13,645 [INFO]   [Val Case 3/50] Running sliding-window inference (shape: (223, 223, 143), overlap: 0.25)...
2026-09-29 01:27:13,879 [INFO]   [Val Case 3/50] Finished in 0.27s | Dice Score: 0.3249
2026-09-29 01:27:13,926 [INFO]   [Val Case 4/50] Running sliding-window inference (shape: (223, 223, 145), overlap: 0.25)...
2026-09-29 01:27:14,175 [INFO]   [Val Case 4/50] Finished in 0.28s | Dice Score: 0.3178
2026-09-29 01:27:14,869 [INFO]   [Val Case 5/50] Running sliding-window inference (shape: (223, 223, 145), overlap: 0.25)...
2026-09-29 01:27:15,112 [INFO]   [Val Case 5/50] Finished in 0.28s | Dice Score: 0.8748
2026-09-29 01:27:15,153 [INFO]   [Val Case 6/50] Running sliding-window inference (shape: (229, 229, 116), overlap: 0.25)...
2026-09-29 01:27:15,379 [INFO]   [Val Case 6/50] Finished in 0.25s | Dice Score: 0.0307
2026-09-29 01:27:15,588 [INFO]   [Val Case 7/50] Running sliding-window inference (shape: (229, 229, 116), overlap: 0.25)...
2026-09-29 01:27:15,784 [INFO]   [Val Case 7/50] Finished in 0.22s | Dice Score: 0.7071
2026-09-29 01:27:15,826 [INFO]   [Val Case 8/50] Running sliding-window inference (shape: (220, 220, 140), overlap: 0.25)...
2026-09-29 01:27:16,092 [INFO]   [Val Case 8/50] Finished in 0.30s | Dice Score: 0.0806
2026-09-29 01:27:16,753 [INFO]   [Val Case 9/50] Running sliding-window inference (shape: (223, 223, 143), overlap: 0.25)...
2026-09-29 01:27:17,001 [INFO]   [Val Case 9/50] Finished in 0.28s | Dice Score: 0.3544
2026-09-29 01:27:17,058 [INFO]   [Val Case 10/50] Running sliding-window inference (shape: (255, 255, 143), overlap: 0.25)...
2026-09-29 01:27:17,480 [INFO]   [Val Case 10/50] Finished in 0.46s | Dice Score: 0.5743
2026-09-29 01:27:17,656 [INFO]   [Val Case 11/50] Running sliding-window inference (shape: (239, 239, 125), overlap: 0.25)...
2026-09-29 01:27:17,884 [INFO]   [Val Case 11/50] Finished in 0.26s | Dice Score: 0.8099
2026-09-29 01:27:17,933 [INFO]   [Val Case 12/50] Running sliding-window inference (shape: (223, 223, 143), overlap: 0.25)...
2026-09-29 01:27:18,182 [INFO]   [Val Case 12/50] Finished in 0.28s | Dice Score: 0.7985
2026-09-29 01:27:18,835 [INFO]   [Val Case 13/50] Running sliding-window inference (shape: (223, 223, 143), overlap: 0.25)...
2026-09-29 01:27:19,124 [INFO]   [Val Case 13/50] Finished in 0.32s | Dice Score: 0.8425
2026-09-29 01:27:19,181 [INFO]   [Val Case 14/50] Running sliding-window inference (shape: (229, 229, 116), overlap: 0.25)...
2026-09-29 01:27:19,397 [INFO]   [Val Case 14/50] Finished in 0.25s | Dice Score: 0.4809
2026-09-29 01:27:20,005 [INFO]   [Val Case 15/50] Running sliding-window inference (shape: (223, 223, 143), overlap: 0.25)...
2026-09-29 01:27:20,258 [INFO]   [Val Case 15/50] Finished in 0.28s | Dice Score: 0.1638
2026-09-29 01:27:20,318 [INFO]   [Val Case 16/50] Running sliding-window inference (shape: (223, 223, 143), overlap: 0.25)...
2026-09-29 01:27:20,580 [INFO]   [Val Case 16/50] Finished in 0.30s | Dice Score: 0.4204
2026-09-29 01:27:20,710 [INFO]   [Val Case 17/50] Running sliding-window inference (shape: (229, 229, 116), overlap: 0.25)...
2026-09-29 01:27:20,927 [INFO]   [Val Case 17/50] Finished in 0.24s | Dice Score: 0.6690
2026-09-29 01:27:20,972 [INFO]   [Val Case 18/50] Running sliding-window inference (shape: (223, 223, 143), overlap: 0.25)...
2026-09-29 01:27:21,260 [INFO]   [Val Case 18/50] Finished in 0.32s | Dice Score: 0.1021
2026-09-29 01:27:21,879 [INFO]   [Val Case 19/50] Running sliding-window inference (shape: (223, 223, 143), overlap: 0.25)...
2026-09-29 01:27:22,151 [INFO]   [Val Case 19/50] Finished in 0.30s | Dice Score: 0.5610
2026-09-29 01:27:22,197 [INFO]   [Val Case 20/50] Running sliding-window inference (shape: (223, 223, 145), overlap: 0.25)...
2026-09-29 01:27:22,457 [INFO]   [Val Case 20/50] Finished in 0.29s | Dice Score: 0.4662
2026-09-29 01:27:22,752 [INFO]   [Val Case 21/50] Running sliding-window inference (shape: (220, 220, 140), overlap: 0.25)...
2026-09-29 01:27:23,016 [INFO]   [Val Case 21/50] Finished in 0.30s | Dice Score: 0.3179
2026-09-29 01:27:23,070 [INFO]   [Val Case 22/50] Running sliding-window inference (shape: (223, 223, 143), overlap: 0.25)...
2026-09-29 01:27:23,344 [INFO]   [Val Case 22/50] Finished in 0.31s | Dice Score: 0.8278
2026-09-29 01:27:23,822 [INFO]   [Val Case 23/50] Running sliding-window inference (shape: (223, 223, 145), overlap: 0.25)...
2026-09-29 01:27:24,077 [INFO]   [Val Case 23/50] Finished in 0.29s | Dice Score: 0.0098
2026-09-29 01:27:24,145 [INFO]   [Val Case 24/50] Running sliding-window inference (shape: (223, 223, 143), overlap: 0.25)...
2026-09-29 01:27:24,399 [INFO]   [Val Case 24/50] Finished in 0.30s | Dice Score: 0.0336
2026-09-29 01:27:25,006 [INFO]   [Val Case 25/50] Running sliding-window inference (shape: (223, 223, 143), overlap: 0.25)...
2026-09-29 01:27:25,285 [INFO]   [Val Case 25/50] Finished in 0.31s | Dice Score: 0.0751
2026-09-29 01:27:25,342 [INFO]   [Val Case 26/50] Running sliding-window inference (shape: (259, 259, 129), overlap: 0.25)...
2026-09-29 01:27:25,763 [INFO]   [Val Case 26/50] Finished in 0.46s | Dice Score: 0.0000
2026-09-29 01:27:26,174 [INFO]   [Val Case 27/50] Running sliding-window inference (shape: (223, 223, 143), overlap: 0.25)...
2026-09-29 01:27:26,455 [INFO]   [Val Case 27/50] Finished in 0.32s | Dice Score: 0.1481
2026-09-29 01:27:26,514 [INFO]   [Val Case 28/50] Running sliding-window inference (shape: (223, 223, 145), overlap: 0.25)...
2026-09-29 01:27:26,772 [INFO]   [Val Case 28/50] Finished in 0.30s | Dice Score: 0.4945
2026-09-29 01:27:27,053 [INFO]   [Val Case 29/50] Running sliding-window inference (shape: (223, 223, 145), overlap: 0.25)...
2026-09-29 01:27:27,325 [INFO]   [Val Case 29/50] Finished in 0.31s | Dice Score: 0.7434
2026-09-29 01:27:27,386 [INFO]   [Val Case 30/50] Running sliding-window inference (shape: (223, 223, 145), overlap: 0.25)...
2026-09-29 01:27:27,642 [INFO]   [Val Case 30/50] Finished in 0.30s | Dice Score: 0.6135
2026-09-29 01:27:27,851 [INFO]   [Val Case 31/50] Running sliding-window inference (shape: (220, 220, 140), overlap: 0.25)...
2026-09-29 01:27:28,116 [INFO]   [Val Case 31/50] Finished in 0.29s | Dice Score: 0.7445
2026-09-29 01:27:28,163 [INFO]   [Val Case 32/50] Running sliding-window inference (shape: (223, 223, 145), overlap: 0.25)...
2026-09-29 01:27:28,433 [INFO]   [Val Case 32/50] Finished in 0.30s | Dice Score: 0.1306
2026-09-29 01:27:28,758 [INFO]   [Val Case 33/50] Running sliding-window inference (shape: (229, 229, 139), overlap: 0.25)...
2026-09-29 01:27:29,018 [INFO]   [Val Case 33/50] Finished in 0.29s | Dice Score: 0.1267
2026-09-29 01:27:29,337 [INFO]   [Val Case 34/50] Running sliding-window inference (shape: (223, 223, 143), overlap: 0.25)...
2026-09-29 01:27:29,591 [INFO]   [Val Case 34/50] Finished in 0.29s | Dice Score: 0.5211
2026-09-29 01:27:30,021 [INFO]   [Val Case 35/50] Running sliding-window inference (shape: (223, 223, 143), overlap: 0.25)...
2026-09-29 01:27:30,276 [INFO]   [Val Case 35/50] Finished in 0.29s | Dice Score: 0.4604
2026-09-29 01:27:30,583 [INFO]   [Val Case 36/50] Running sliding-window inference (shape: (223, 223, 145), overlap: 0.25)...
2026-09-29 01:27:30,824 [INFO]   [Val Case 36/50] Finished in 0.27s | Dice Score: 0.1815
2026-09-29 01:27:31,199 [INFO]   [Val Case 37/50] Running sliding-window inference (shape: (223, 223, 143), overlap: 0.25)...
2026-09-29 01:27:31,456 [INFO]   [Val Case 37/50] Finished in 0.29s | Dice Score: 0.8047
2026-09-29 01:27:31,500 [INFO]   [Val Case 38/50] Running sliding-window inference (shape: (229, 229, 116), overlap: 0.25)...
2026-09-29 01:27:31,717 [INFO]   [Val Case 38/50] Finished in 0.24s | Dice Score: 0.5973
2026-09-29 01:27:32,421 [INFO]   [Val Case 39/50] Running sliding-window inference (shape: (223, 223, 151), overlap: 0.25)...
2026-09-29 01:27:32,696 [INFO]   [Val Case 39/50] Finished in 0.31s | Dice Score: 0.4157
2026-09-29 01:27:32,744 [INFO]   [Val Case 40/50] Running sliding-window inference (shape: (223, 223, 143), overlap: 0.25)...
2026-09-29 01:27:33,003 [INFO]   [Val Case 40/50] Finished in 0.29s | Dice Score: 0.3345
2026-09-29 01:27:33,679 [INFO]   [Val Case 41/50] Running sliding-window inference (shape: (223, 223, 143), overlap: 0.25)...
2026-09-29 01:27:33,940 [INFO]   [Val Case 41/50] Finished in 0.29s | Dice Score: 0.2814
2026-09-29 01:27:33,987 [INFO]   [Val Case 42/50] Running sliding-window inference (shape: (223, 223, 143), overlap: 0.25)...
2026-09-29 01:27:34,243 [INFO]   [Val Case 42/50] Finished in 0.29s | Dice Score: 0.5365
2026-09-29 01:27:34,923 [INFO]   [Val Case 43/50] Running sliding-window inference (shape: (223, 223, 145), overlap: 0.25)...
2026-09-29 01:27:35,175 [INFO]   [Val Case 43/50] Finished in 0.28s | Dice Score: 0.6350
2026-09-29 01:27:35,221 [INFO]   [Val Case 44/50] Running sliding-window inference (shape: (229, 229, 116), overlap: 0.25)...
2026-09-29 01:27:35,440 [INFO]   [Val Case 44/50] Finished in 0.25s | Dice Score: 0.5407
2026-09-29 01:27:36,107 [INFO]   [Val Case 45/50] Running sliding-window inference (shape: (223, 223, 143), overlap: 0.25)...
2026-09-29 01:27:36,380 [INFO]   [Val Case 45/50] Finished in 0.30s | Dice Score: 0.7076
2026-09-29 01:27:36,435 [INFO]   [Val Case 46/50] Running sliding-window inference (shape: (223, 223, 145), overlap: 0.25)...
2026-09-29 01:27:36,686 [INFO]   [Val Case 46/50] Finished in 0.29s | Dice Score: 0.6236
2026-09-29 01:27:37,200 [INFO]   [Val Case 47/50] Running sliding-window inference (shape: (223, 223, 145), overlap: 0.25)...
2026-09-29 01:27:37,475 [INFO]   [Val Case 47/50] Finished in 0.31s | Dice Score: 0.1183
2026-09-29 01:27:37,540 [INFO]   [Val Case 48/50] Running sliding-window inference (shape: (223, 223, 143), overlap: 0.25)...
2026-09-29 01:27:37,793 [INFO]   [Val Case 48/50] Finished in 0.30s | Dice Score: 0.4247
2026-09-29 01:27:38,352 [INFO]   [Val Case 49/50] Running sliding-window inference (shape: (223, 223, 143), overlap: 0.25)...
2026-09-29 01:27:38,722 [INFO]   [Val Case 49/50] Finished in 0.40s | Dice Score: 0.0000
2026-09-29 01:27:38,766 [INFO]   [Val Case 50/50] Running sliding-window inference (shape: (223, 223, 143), overlap: 0.25)...
2026-09-29 01:27:39,092 [INFO]   [Val Case 50/50] Finished in 0.36s | Dice Score: 0.7911
2026-09-29 01:27:39,756 [INFO] Epoch 19 Validation (35.2s): Mean Dice: 0.4195 (50 subjects)
2026-09-29 01:27:39,791 [INFO] ---------------------------------------------------------------------------
2026-09-29 01:27:39,791 [INFO] Starting Epoch 20/30 (LR: 2.97e-04)...
2026-09-29 01:28:00,264 [INFO]     [Train Batch 25/200] Step Loss: 0.6012 | Running Avg Loss: 0.4426
2026-09-29 01:28:13,364 [INFO]     [Train Batch 50/200] Step Loss: 0.0991 | Running Avg Loss: 0.4572
2026-09-29 01:28:26,748 [INFO]     [Train Batch 75/200] Step Loss: 0.6163 | Running Avg Loss: 0.5228
2026-09-29 01:28:39,350 [INFO]     [Train Batch 100/200] Step Loss: 0.7310 | Running Avg Loss: 0.5059
2026-09-29 01:28:57,621 [INFO]     [Train Batch 125/200] Step Loss: 0.9358 | Running Avg Loss: 0.5105
2026-09-29 01:29:14,142 [INFO]     [Train Batch 150/200] Step Loss: 0.6606 | Running Avg Loss: 0.5081
2026-09-29 01:29:32,668 [INFO]     [Train Batch 175/200] Step Loss: 1.0000 | Running Avg Loss: 0.5123
2026-09-29 01:29:44,731 [INFO]     [Train Batch 200/200] Step Loss: 0.5061 | Running Avg Loss: 0.5225
2026-09-29 01:29:45,399 [INFO] Epoch 20/30 (125.6s) - Train Loss: 0.5225 | LR: 2.50e-04
2026-09-29 01:29:53,303 [INFO]   [Val Case 1/50] Running sliding-window inference (shape: (223, 223, 145), overlap: 0.25)...
2026-09-29 01:29:53,732 [INFO]   [Val Case 1/50] Finished in 0.50s | Dice Score: 0.0787
2026-09-29 01:29:53,788 [INFO]   [Val Case 2/50] Running sliding-window inference (shape: (223, 223, 145), overlap: 0.25)...
2026-09-29 01:29:54,026 [INFO]   [Val Case 2/50] Finished in 0.28s | Dice Score: 0.0009
2026-09-29 01:29:54,479 [INFO]   [Val Case 3/50] Running sliding-window inference (shape: (223, 223, 143), overlap: 0.25)...
2026-09-29 01:29:54,741 [INFO]   [Val Case 3/50] Finished in 0.30s | Dice Score: 0.0598
2026-09-29 01:29:54,792 [INFO]   [Val Case 4/50] Running sliding-window inference (shape: (223, 223, 145), overlap: 0.25)...
2026-09-29 01:29:55,046 [INFO]   [Val Case 4/50] Finished in 0.29s | Dice Score: 0.0644
2026-09-29 01:29:55,635 [INFO]   [Val Case 5/50] Running sliding-window inference (shape: (223, 223, 145), overlap: 0.25)...
2026-09-29 01:29:55,878 [INFO]   [Val Case 5/50] Finished in 0.27s | Dice Score: 0.8627
2026-09-29 01:29:55,921 [INFO]   [Val Case 6/50] Running sliding-window inference (shape: (229, 229, 116), overlap: 0.25)...
2026-09-29 01:29:56,125 [INFO]   [Val Case 6/50] Finished in 0.23s | Dice Score: 0.0250
2026-09-29 01:29:56,360 [INFO]   [Val Case 7/50] Running sliding-window inference (shape: (229, 229, 116), overlap: 0.25)...
2026-09-29 01:29:56,558 [INFO]   [Val Case 7/50] Finished in 0.23s | Dice Score: 0.6462
2026-09-29 01:29:56,600 [INFO]   [Val Case 8/50] Running sliding-window inference (shape: (220, 220, 140), overlap: 0.25)...
2026-09-29 01:29:56,838 [INFO]   [Val Case 8/50] Finished in 0.27s | Dice Score: 0.0419
2026-09-29 01:29:57,456 [INFO]   [Val Case 9/50] Running sliding-window inference (shape: (223, 223, 143), overlap: 0.25)...
2026-09-29 01:29:57,704 [INFO]   [Val Case 9/50] Finished in 0.28s | Dice Score: 0.1820
2026-09-29 01:29:57,771 [INFO]   [Val Case 10/50] Running sliding-window inference (shape: (255, 255, 143), overlap: 0.25)...
2026-09-29 01:29:58,189 [INFO]   [Val Case 10/50] Finished in 0.47s | Dice Score: 0.4235
2026-09-29 01:29:58,304 [INFO]   [Val Case 11/50] Running sliding-window inference (shape: (239, 239, 125), overlap: 0.25)...
2026-09-29 01:29:58,515 [INFO]   [Val Case 11/50] Finished in 0.24s | Dice Score: 0.8309
2026-09-29 01:29:58,562 [INFO]   [Val Case 12/50] Running sliding-window inference (shape: (223, 223, 143), overlap: 0.25)...
2026-09-29 01:29:58,820 [INFO]   [Val Case 12/50] Finished in 0.29s | Dice Score: 0.7888
2026-09-29 01:29:59,523 [INFO]   [Val Case 13/50] Running sliding-window inference (shape: (223, 223, 143), overlap: 0.25)...
2026-09-29 01:29:59,778 [INFO]   [Val Case 13/50] Finished in 0.30s | Dice Score: 0.8686
2026-09-29 01:29:59,839 [INFO]   [Val Case 14/50] Running sliding-window inference (shape: (229, 229, 116), overlap: 0.25)...
2026-09-29 01:30:00,073 [INFO]   [Val Case 14/50] Finished in 0.28s | Dice Score: 0.3514
2026-09-29 01:30:00,645 [INFO]   [Val Case 15/50] Running sliding-window inference (shape: (223, 223, 143), overlap: 0.25)...
2026-09-29 01:30:00,896 [INFO]   [Val Case 15/50] Finished in 0.30s | Dice Score: 0.1667
2026-09-29 01:30:00,953 [INFO]   [Val Case 16/50] Running sliding-window inference (shape: (223, 223, 143), overlap: 0.25)...
2026-09-29 01:30:01,210 [INFO]   [Val Case 16/50] Finished in 0.29s | Dice Score: 0.2309
2026-09-29 01:30:01,405 [INFO]   [Val Case 17/50] Running sliding-window inference (shape: (229, 229, 116), overlap: 0.25)...
2026-09-29 01:30:01,646 [INFO]   [Val Case 17/50] Finished in 0.27s | Dice Score: 0.5972
2026-09-29 01:30:01,720 [INFO]   [Val Case 18/50] Running sliding-window inference (shape: (223, 223, 143), overlap: 0.25)...
2026-09-29 01:30:01,966 [INFO]   [Val Case 18/50] Finished in 0.29s | Dice Score: 0.0253
2026-09-29 01:30:02,574 [INFO]   [Val Case 19/50] Running sliding-window inference (shape: (223, 223, 143), overlap: 0.25)...
2026-09-29 01:30:02,840 [INFO]   [Val Case 19/50] Finished in 0.30s | Dice Score: 0.3835
2026-09-29 01:30:02,897 [INFO]   [Val Case 20/50] Running sliding-window inference (shape: (223, 223, 145), overlap: 0.25)...
2026-09-29 01:30:03,162 [INFO]   [Val Case 20/50] Finished in 0.30s | Dice Score: 0.2963
2026-09-29 01:30:03,448 [INFO]   [Val Case 21/50] Running sliding-window inference (shape: (220, 220, 140), overlap: 0.25)...
2026-09-29 01:30:03,699 [INFO]   [Val Case 21/50] Finished in 0.28s | Dice Score: 0.2896
2026-09-29 01:30:03,758 [INFO]   [Val Case 22/50] Running sliding-window inference (shape: (223, 223, 143), overlap: 0.25)...
2026-09-29 01:30:04,024 [INFO]   [Val Case 22/50] Finished in 0.30s | Dice Score: 0.5751
2026-09-29 01:30:04,542 [INFO]   [Val Case 23/50] Running sliding-window inference (shape: (223, 223, 145), overlap: 0.25)...
2026-09-29 01:30:04,797 [INFO]   [Val Case 23/50] Finished in 0.29s | Dice Score: 0.0069
2026-09-29 01:30:04,860 [INFO]   [Val Case 24/50] Running sliding-window inference (shape: (223, 223, 143), overlap: 0.25)...
2026-09-29 01:30:05,133 [INFO]   [Val Case 24/50] Finished in 0.32s | Dice Score: 0.0108
2026-09-29 01:30:05,760 [INFO]   [Val Case 25/50] Running sliding-window inference (shape: (223, 223, 143), overlap: 0.25)...
2026-09-29 01:30:06,011 [INFO]   [Val Case 25/50] Finished in 0.28s | Dice Score: 0.0570
2026-09-29 01:30:06,080 [INFO]   [Val Case 26/50] Running sliding-window inference (shape: (259, 259, 129), overlap: 0.25)...
2026-09-29 01:30:06,538 [INFO]   [Val Case 26/50] Finished in 0.51s | Dice Score: 0.0002
2026-09-29 01:30:06,925 [INFO]   [Val Case 27/50] Running sliding-window inference (shape: (223, 223, 143), overlap: 0.25)...
2026-09-29 01:30:07,192 [INFO]   [Val Case 27/50] Finished in 0.30s | Dice Score: 0.0416
2026-09-29 01:30:07,254 [INFO]   [Val Case 28/50] Running sliding-window inference (shape: (223, 223, 145), overlap: 0.25)...
2026-09-29 01:30:07,510 [INFO]   [Val Case 28/50] Finished in 0.30s | Dice Score: 0.3369
2026-09-29 01:30:07,760 [INFO]   [Val Case 29/50] Running sliding-window inference (shape: (223, 223, 145), overlap: 0.25)...
2026-09-29 01:30:08,017 [INFO]   [Val Case 29/50] Finished in 0.29s | Dice Score: 0.7671
2026-09-29 01:30:08,066 [INFO]   [Val Case 30/50] Running sliding-window inference (shape: (223, 223, 145), overlap: 0.25)...
2026-09-29 01:30:08,332 [INFO]   [Val Case 30/50] Finished in 0.30s | Dice Score: 0.3210
2026-09-29 01:30:08,594 [INFO]   [Val Case 31/50] Running sliding-window inference (shape: (220, 220, 140), overlap: 0.25)...
2026-09-29 01:30:08,853 [INFO]   [Val Case 31/50] Finished in 0.30s | Dice Score: 0.5097
2026-09-29 01:30:08,932 [INFO]   [Val Case 32/50] Running sliding-window inference (shape: (223, 223, 145), overlap: 0.25)...
2026-09-29 01:30:09,184 [INFO]   [Val Case 32/50] Finished in 0.28s | Dice Score: 0.0616
2026-09-29 01:30:09,467 [INFO]   [Val Case 33/50] Running sliding-window inference (shape: (229, 229, 139), overlap: 0.25)...
2026-09-29 01:30:09,727 [INFO]   [Val Case 33/50] Finished in 0.29s | Dice Score: 0.0719
2026-09-29 01:30:10,117 [INFO]   [Val Case 34/50] Running sliding-window inference (shape: (223, 223, 143), overlap: 0.25)...
2026-09-29 01:30:10,380 [INFO]   [Val Case 34/50] Finished in 0.29s | Dice Score: 0.3554
2026-09-29 01:30:10,665 [INFO]   [Val Case 35/50] Running sliding-window inference (shape: (223, 223, 143), overlap: 0.25)...
2026-09-29 01:30:10,956 [INFO]   [Val Case 35/50] Finished in 0.32s | Dice Score: 0.2444
2026-09-29 01:30:11,308 [INFO]   [Val Case 36/50] Running sliding-window inference (shape: (223, 223, 145), overlap: 0.25)...
2026-09-29 01:30:11,579 [INFO]   [Val Case 36/50] Finished in 0.30s | Dice Score: 0.0619
2026-09-29 01:30:11,857 [INFO]   [Val Case 37/50] Running sliding-window inference (shape: (223, 223, 143), overlap: 0.25)...
2026-09-29 01:30:12,107 [INFO]   [Val Case 37/50] Finished in 0.28s | Dice Score: 0.8062
2026-09-29 01:30:12,153 [INFO]   [Val Case 38/50] Running sliding-window inference (shape: (229, 229, 116), overlap: 0.25)...
2026-09-29 01:30:12,385 [INFO]   [Val Case 38/50] Finished in 0.26s | Dice Score: 0.4309
2026-09-29 01:30:13,067 [INFO]   [Val Case 39/50] Running sliding-window inference (shape: (223, 223, 151), overlap: 0.25)...
2026-09-29 01:30:13,323 [INFO]   [Val Case 39/50] Finished in 0.29s | Dice Score: 0.3626
2026-09-29 01:30:13,373 [INFO]   [Val Case 40/50] Running sliding-window inference (shape: (223, 223, 143), overlap: 0.25)...
2026-09-29 01:30:13,641 [INFO]   [Val Case 40/50] Finished in 0.30s | Dice Score: 0.1884
2026-09-29 01:30:14,329 [INFO]   [Val Case 41/50] Running sliding-window inference (shape: (223, 223, 143), overlap: 0.25)...
2026-09-29 01:30:14,613 [INFO]   [Val Case 41/50] Finished in 0.33s | Dice Score: 0.0514
2026-09-29 01:30:14,662 [INFO]   [Val Case 42/50] Running sliding-window inference (shape: (223, 223, 143), overlap: 0.25)...
2026-09-29 01:30:14,919 [INFO]   [Val Case 42/50] Finished in 0.29s | Dice Score: 0.3823
2026-09-29 01:30:15,532 [INFO]   [Val Case 43/50] Running sliding-window inference (shape: (223, 223, 145), overlap: 0.25)...
2026-09-29 01:30:15,791 [INFO]   [Val Case 43/50] Finished in 0.29s | Dice Score: 0.3598
2026-09-29 01:30:15,836 [INFO]   [Val Case 44/50] Running sliding-window inference (shape: (229, 229, 116), overlap: 0.25)...
2026-09-29 01:30:16,055 [INFO]   [Val Case 44/50] Finished in 0.25s | Dice Score: 0.5258
2026-09-29 01:30:16,724 [INFO]   [Val Case 45/50] Running sliding-window inference (shape: (223, 223, 143), overlap: 0.25)...
2026-09-29 01:30:16,973 [INFO]   [Val Case 45/50] Finished in 0.28s | Dice Score: 0.7483
2026-09-29 01:30:17,032 [INFO]   [Val Case 46/50] Running sliding-window inference (shape: (223, 223, 145), overlap: 0.25)...
2026-09-29 01:30:17,287 [INFO]   [Val Case 46/50] Finished in 0.29s | Dice Score: 0.4323
2026-09-29 01:30:17,824 [INFO]   [Val Case 47/50] Running sliding-window inference (shape: (223, 223, 145), overlap: 0.25)...
2026-09-29 01:30:18,070 [INFO]   [Val Case 47/50] Finished in 0.28s | Dice Score: 0.0584
2026-09-29 01:30:18,134 [INFO]   [Val Case 48/50] Running sliding-window inference (shape: (223, 223, 143), overlap: 0.25)...
2026-09-29 01:30:18,387 [INFO]   [Val Case 48/50] Finished in 0.29s | Dice Score: 0.1052
2026-09-29 01:30:18,944 [INFO]   [Val Case 49/50] Running sliding-window inference (shape: (223, 223, 143), overlap: 0.25)...
2026-09-29 01:30:19,172 [INFO]   [Val Case 49/50] Finished in 0.25s | Dice Score: 0.0000
2026-09-29 01:30:19,214 [INFO]   [Val Case 50/50] Running sliding-window inference (shape: (223, 223, 143), overlap: 0.25)...
2026-09-29 01:30:19,444 [INFO]   [Val Case 50/50] Finished in 0.26s | Dice Score: 0.7280
2026-09-29 01:30:20,060 [INFO] Epoch 20 Validation (34.7s): Mean Dice: 0.3163 (50 subjects)
2026-09-29 01:30:20,089 [INFO] ---------------------------------------------------------------------------
2026-09-29 01:30:20,090 [INFO] Starting Epoch 21/30 (LR: 2.50e-04)...
2026-09-29 01:30:45,270 [INFO]     [Train Batch 25/200] Step Loss: 0.6020 | Running Avg Loss: 0.5086
2026-09-29 01:30:56,997 [INFO]     [Train Batch 50/200] Step Loss: 0.2329 | Running Avg Loss: 0.5149
2026-09-29 01:31:10,448 [INFO]     [Train Batch 75/200] Step Loss: 0.6617 | Running Avg Loss: 0.5162
2026-09-29 01:31:22,769 [INFO]     [Train Batch 100/200] Step Loss: 0.3719 | Running Avg Loss: 0.5101
2026-09-29 01:31:38,562 [INFO]     [Train Batch 125/200] Step Loss: 0.7933 | Running Avg Loss: 0.5199
2026-09-29 01:31:55,334 [INFO]     [Train Batch 150/200] Step Loss: 0.6868 | Running Avg Loss: 0.5323
2026-09-29 01:32:08,010 [INFO]     [Train Batch 175/200] Step Loss: 0.6394 | Running Avg Loss: 0.5294
2026-09-29 01:32:20,992 [INFO]     [Train Batch 200/200] Step Loss: 0.7749 | Running Avg Loss: 0.5328
2026-09-29 01:32:21,696 [INFO] Epoch 21/30 (121.6s) - Train Loss: 0.5328 | LR: 2.06e-04
2026-09-29 01:32:29,287 [INFO]   [Val Case 1/50] Running sliding-window inference (shape: (223, 223, 145), overlap: 0.25)...
2026-09-29 01:32:29,746 [INFO]   [Val Case 1/50] Finished in 0.52s | Dice Score: 0.1246
2026-09-29 01:32:29,798 [INFO]   [Val Case 2/50] Running sliding-window inference (shape: (223, 223, 145), overlap: 0.25)...
2026-09-29 01:32:30,032 [INFO]   [Val Case 2/50] Finished in 0.27s | Dice Score: 0.0000
2026-09-29 01:32:30,465 [INFO]   [Val Case 3/50] Running sliding-window inference (shape: (223, 223, 143), overlap: 0.25)...
2026-09-29 01:32:30,702 [INFO]   [Val Case 3/50] Finished in 0.27s | Dice Score: 0.2693
2026-09-29 01:32:30,745 [INFO]   [Val Case 4/50] Running sliding-window inference (shape: (223, 223, 145), overlap: 0.25)...
2026-09-29 01:32:30,993 [INFO]   [Val Case 4/50] Finished in 0.28s | Dice Score: 0.2142
2026-09-29 01:32:31,680 [INFO]   [Val Case 5/50] Running sliding-window inference (shape: (223, 223, 145), overlap: 0.25)...
2026-09-29 01:32:31,928 [INFO]   [Val Case 5/50] Finished in 0.28s | Dice Score: 0.8778
2026-09-29 01:32:31,969 [INFO]   [Val Case 6/50] Running sliding-window inference (shape: (229, 229, 116), overlap: 0.25)...
2026-09-29 01:32:32,166 [INFO]   [Val Case 6/50] Finished in 0.22s | Dice Score: 0.0619
2026-09-29 01:32:32,379 [INFO]   [Val Case 7/50] Running sliding-window inference (shape: (229, 229, 116), overlap: 0.25)...
2026-09-29 01:32:32,581 [INFO]   [Val Case 7/50] Finished in 0.23s | Dice Score: 0.7040
2026-09-29 01:32:32,622 [INFO]   [Val Case 8/50] Running sliding-window inference (shape: (220, 220, 140), overlap: 0.25)...
2026-09-29 01:32:32,869 [INFO]   [Val Case 8/50] Finished in 0.27s | Dice Score: 0.0581
2026-09-29 01:32:33,484 [INFO]   [Val Case 9/50] Running sliding-window inference (shape: (223, 223, 143), overlap: 0.25)...
2026-09-29 01:32:33,726 [INFO]   [Val Case 9/50] Finished in 0.27s | Dice Score: 0.3312
2026-09-29 01:32:33,781 [INFO]   [Val Case 10/50] Running sliding-window inference (shape: (255, 255, 143), overlap: 0.25)...
2026-09-29 01:32:34,202 [INFO]   [Val Case 10/50] Finished in 0.46s | Dice Score: 0.5465
2026-09-29 01:32:34,300 [INFO]   [Val Case 11/50] Running sliding-window inference (shape: (239, 239, 125), overlap: 0.25)...
2026-09-29 01:32:34,501 [INFO]   [Val Case 11/50] Finished in 0.23s | Dice Score: 0.8323
2026-09-29 01:32:34,546 [INFO]   [Val Case 12/50] Running sliding-window inference (shape: (223, 223, 143), overlap: 0.25)...
2026-09-29 01:32:34,792 [INFO]   [Val Case 12/50] Finished in 0.28s | Dice Score: 0.8108
2026-09-29 01:32:35,447 [INFO]   [Val Case 13/50] Running sliding-window inference (shape: (223, 223, 143), overlap: 0.25)...
2026-09-29 01:32:35,683 [INFO]   [Val Case 13/50] Finished in 0.28s | Dice Score: 0.8729
2026-09-29 01:32:35,725 [INFO]   [Val Case 14/50] Running sliding-window inference (shape: (229, 229, 116), overlap: 0.25)...
2026-09-29 01:32:35,932 [INFO]   [Val Case 14/50] Finished in 0.24s | Dice Score: 0.4648
2026-09-29 01:32:36,575 [INFO]   [Val Case 15/50] Running sliding-window inference (shape: (223, 223, 143), overlap: 0.25)...
2026-09-29 01:32:36,812 [INFO]   [Val Case 15/50] Finished in 0.27s | Dice Score: 0.1646
2026-09-29 01:32:36,855 [INFO]   [Val Case 16/50] Running sliding-window inference (shape: (223, 223, 143), overlap: 0.25)...
2026-09-29 01:32:37,094 [INFO]   [Val Case 16/50] Finished in 0.27s | Dice Score: 0.3060
2026-09-29 01:32:37,289 [INFO]   [Val Case 17/50] Running sliding-window inference (shape: (229, 229, 116), overlap: 0.25)...
2026-09-29 01:32:37,494 [INFO]   [Val Case 17/50] Finished in 0.23s | Dice Score: 0.6779
2026-09-29 01:32:37,554 [INFO]   [Val Case 18/50] Running sliding-window inference (shape: (223, 223, 143), overlap: 0.25)...
2026-09-29 01:32:37,798 [INFO]   [Val Case 18/50] Finished in 0.29s | Dice Score: 0.0561
2026-09-29 01:32:38,407 [INFO]   [Val Case 19/50] Running sliding-window inference (shape: (223, 223, 143), overlap: 0.25)...
2026-09-29 01:32:38,652 [INFO]   [Val Case 19/50] Finished in 0.28s | Dice Score: 0.5194
2026-09-29 01:32:38,711 [INFO]   [Val Case 20/50] Running sliding-window inference (shape: (223, 223, 145), overlap: 0.25)...
2026-09-29 01:32:38,958 [INFO]   [Val Case 20/50] Finished in 0.29s | Dice Score: 0.4326
2026-09-29 01:32:39,233 [INFO]   [Val Case 21/50] Running sliding-window inference (shape: (220, 220, 140), overlap: 0.25)...
2026-09-29 01:32:39,468 [INFO]   [Val Case 21/50] Finished in 0.27s | Dice Score: 0.3871
2026-09-29 01:32:39,520 [INFO]   [Val Case 22/50] Running sliding-window inference (shape: (223, 223, 143), overlap: 0.25)...
2026-09-29 01:32:39,769 [INFO]   [Val Case 22/50] Finished in 0.28s | Dice Score: 0.6992
2026-09-29 01:32:40,279 [INFO]   [Val Case 23/50] Running sliding-window inference (shape: (223, 223, 145), overlap: 0.25)...
2026-09-29 01:32:40,527 [INFO]   [Val Case 23/50] Finished in 0.28s | Dice Score: 0.0066
2026-09-29 01:32:40,582 [INFO]   [Val Case 24/50] Running sliding-window inference (shape: (223, 223, 143), overlap: 0.25)...
2026-09-29 01:32:40,824 [INFO]   [Val Case 24/50] Finished in 0.28s | Dice Score: 0.0226
2026-09-29 01:32:41,483 [INFO]   [Val Case 25/50] Running sliding-window inference (shape: (223, 223, 143), overlap: 0.25)...
2026-09-29 01:32:41,724 [INFO]   [Val Case 25/50] Finished in 0.27s | Dice Score: 0.0671
2026-09-29 01:32:41,799 [INFO]   [Val Case 26/50] Running sliding-window inference (shape: (259, 259, 129), overlap: 0.25)...
2026-09-29 01:32:42,232 [INFO]   [Val Case 26/50] Finished in 0.49s | Dice Score: 0.0003
2026-09-29 01:32:42,654 [INFO]   [Val Case 27/50] Running sliding-window inference (shape: (223, 223, 143), overlap: 0.25)...
2026-09-29 01:32:42,919 [INFO]   [Val Case 27/50] Finished in 0.29s | Dice Score: 0.1221
2026-09-29 01:32:42,977 [INFO]   [Val Case 28/50] Running sliding-window inference (shape: (223, 223, 145), overlap: 0.25)...
2026-09-29 01:32:43,247 [INFO]   [Val Case 28/50] Finished in 0.31s | Dice Score: 0.4490
2026-09-29 01:32:43,463 [INFO]   [Val Case 29/50] Running sliding-window inference (shape: (223, 223, 145), overlap: 0.25)...
2026-09-29 01:32:43,713 [INFO]   [Val Case 29/50] Finished in 0.28s | Dice Score: 0.7946
2026-09-29 01:32:43,761 [INFO]   [Val Case 30/50] Running sliding-window inference (shape: (223, 223, 145), overlap: 0.25)...
2026-09-29 01:32:44,004 [INFO]   [Val Case 30/50] Finished in 0.28s | Dice Score: 0.5867
2026-09-29 01:32:44,278 [INFO]   [Val Case 31/50] Running sliding-window inference (shape: (220, 220, 140), overlap: 0.25)...
2026-09-29 01:32:44,520 [INFO]   [Val Case 31/50] Finished in 0.28s | Dice Score: 0.7104
2026-09-29 01:32:44,620 [INFO]   [Val Case 32/50] Running sliding-window inference (shape: (223, 223, 145), overlap: 0.25)...
2026-09-29 01:32:44,863 [INFO]   [Val Case 32/50] Finished in 0.28s | Dice Score: 0.1068
2026-09-29 01:32:45,129 [INFO]   [Val Case 33/50] Running sliding-window inference (shape: (229, 229, 139), overlap: 0.25)...
2026-09-29 01:32:45,363 [INFO]   [Val Case 33/50] Finished in 0.27s | Dice Score: 0.1184
2026-09-29 01:32:45,814 [INFO]   [Val Case 34/50] Running sliding-window inference (shape: (223, 223, 143), overlap: 0.25)...
2026-09-29 01:32:46,062 [INFO]   [Val Case 34/50] Finished in 0.28s | Dice Score: 0.3925
2026-09-29 01:32:46,304 [INFO]   [Val Case 35/50] Running sliding-window inference (shape: (223, 223, 143), overlap: 0.25)...
2026-09-29 01:32:46,545 [INFO]   [Val Case 35/50] Finished in 0.27s | Dice Score: 0.3927
2026-09-29 01:32:46,975 [INFO]   [Val Case 36/50] Running sliding-window inference (shape: (223, 223, 145), overlap: 0.25)...
2026-09-29 01:32:47,221 [INFO]   [Val Case 36/50] Finished in 0.28s | Dice Score: 0.1319
2026-09-29 01:32:47,461 [INFO]   [Val Case 37/50] Running sliding-window inference (shape: (223, 223, 143), overlap: 0.25)...
2026-09-29 01:32:47,705 [INFO]   [Val Case 37/50] Finished in 0.28s | Dice Score: 0.8165
2026-09-29 01:32:47,746 [INFO]   [Val Case 38/50] Running sliding-window inference (shape: (229, 229, 116), overlap: 0.25)...
2026-09-29 01:32:47,976 [INFO]   [Val Case 38/50] Finished in 0.26s | Dice Score: 0.6267
2026-09-29 01:32:48,637 [INFO]   [Val Case 39/50] Running sliding-window inference (shape: (223, 223, 151), overlap: 0.25)...
2026-09-29 01:32:48,905 [INFO]   [Val Case 39/50] Finished in 0.30s | Dice Score: 0.3998
2026-09-29 01:32:48,956 [INFO]   [Val Case 40/50] Running sliding-window inference (shape: (223, 223, 143), overlap: 0.25)...
2026-09-29 01:32:49,221 [INFO]   [Val Case 40/50] Finished in 0.30s | Dice Score: 0.3531
2026-09-29 01:32:49,789 [INFO]   [Val Case 41/50] Running sliding-window inference (shape: (223, 223, 143), overlap: 0.25)...
2026-09-29 01:32:50,023 [INFO]   [Val Case 41/50] Finished in 0.27s | Dice Score: 0.1064
2026-09-29 01:32:50,070 [INFO]   [Val Case 42/50] Running sliding-window inference (shape: (223, 223, 143), overlap: 0.25)...
2026-09-29 01:32:50,310 [INFO]   [Val Case 42/50] Finished in 0.27s | Dice Score: 0.5001
2026-09-29 01:32:51,096 [INFO]   [Val Case 43/50] Running sliding-window inference (shape: (223, 223, 145), overlap: 0.25)...
2026-09-29 01:32:51,333 [INFO]   [Val Case 43/50] Finished in 0.28s | Dice Score: 0.4996
2026-09-29 01:32:51,378 [INFO]   [Val Case 44/50] Running sliding-window inference (shape: (229, 229, 116), overlap: 0.25)...
2026-09-29 01:32:51,610 [INFO]   [Val Case 44/50] Finished in 0.26s | Dice Score: 0.5850
2026-09-29 01:32:52,276 [INFO]   [Val Case 45/50] Running sliding-window inference (shape: (223, 223, 143), overlap: 0.25)...
2026-09-29 01:32:52,512 [INFO]   [Val Case 45/50] Finished in 0.26s | Dice Score: 0.7474
2026-09-29 01:32:52,572 [INFO]   [Val Case 46/50] Running sliding-window inference (shape: (223, 223, 145), overlap: 0.25)...
2026-09-29 01:32:52,812 [INFO]   [Val Case 46/50] Finished in 0.28s | Dice Score: 0.5872
2026-09-29 01:32:53,351 [INFO]   [Val Case 47/50] Running sliding-window inference (shape: (223, 223, 145), overlap: 0.25)...
2026-09-29 01:32:53,593 [INFO]   [Val Case 47/50] Finished in 0.27s | Dice Score: 0.0797
2026-09-29 01:32:53,641 [INFO]   [Val Case 48/50] Running sliding-window inference (shape: (223, 223, 143), overlap: 0.25)...
2026-09-29 01:32:53,899 [INFO]   [Val Case 48/50] Finished in 0.29s | Dice Score: 0.2782
2026-09-29 01:32:54,449 [INFO]   [Val Case 49/50] Running sliding-window inference (shape: (223, 223, 143), overlap: 0.25)...
2026-09-29 01:32:54,680 [INFO]   [Val Case 49/50] Finished in 0.26s | Dice Score: 0.0000
2026-09-29 01:32:54,720 [INFO]   [Val Case 50/50] Running sliding-window inference (shape: (223, 223, 143), overlap: 0.25)...
2026-09-29 01:32:54,948 [INFO]   [Val Case 50/50] Finished in 0.26s | Dice Score: 0.8090
2026-09-29 01:32:55,551 [INFO] Epoch 21 Validation (33.9s): Mean Dice: 0.3940 (50 subjects)
2026-09-29 01:32:55,579 [INFO] ---------------------------------------------------------------------------
2026-09-29 01:32:55,580 [INFO] Starting Epoch 22/30 (LR: 2.06e-04)...
2026-09-29 01:33:20,135 [INFO]     [Train Batch 25/200] Step Loss: 0.1537 | Running Avg Loss: 0.4677
2026-09-29 01:33:36,579 [INFO]     [Train Batch 50/200] Step Loss: 0.9592 | Running Avg Loss: 0.4759
2026-09-29 01:33:50,459 [INFO]     [Train Batch 75/200] Step Loss: 0.7020 | Running Avg Loss: 0.5072
2026-09-29 01:34:02,298 [INFO]     [Train Batch 100/200] Step Loss: 0.7341 | Running Avg Loss: 0.4944
2026-09-29 01:34:15,238 [INFO]     [Train Batch 125/200] Step Loss: 0.3176 | Running Avg Loss: 0.5042
2026-09-29 01:34:26,993 [INFO]     [Train Batch 150/200] Step Loss: 0.5944 | Running Avg Loss: 0.5046
2026-09-29 01:34:41,076 [INFO]     [Train Batch 175/200] Step Loss: 0.8198 | Running Avg Loss: 0.5048
2026-09-29 01:34:58,031 [INFO]     [Train Batch 200/200] Step Loss: 0.2332 | Running Avg Loss: 0.4987
2026-09-29 01:34:58,728 [INFO] Epoch 22/30 (123.1s) - Train Loss: 0.4987 | LR: 1.65e-04
2026-09-29 01:35:06,351 [INFO]   [Val Case 1/50] Running sliding-window inference (shape: (223, 223, 145), overlap: 0.25)...
2026-09-29 01:35:06,736 [INFO]   [Val Case 1/50] Finished in 0.45s | Dice Score: 0.2223
2026-09-29 01:35:06,803 [INFO]   [Val Case 2/50] Running sliding-window inference (shape: (223, 223, 145), overlap: 0.25)...
2026-09-29 01:35:07,036 [INFO]   [Val Case 2/50] Finished in 0.27s | Dice Score: 0.0000
2026-09-29 01:35:07,522 [INFO]   [Val Case 3/50] Running sliding-window inference (shape: (223, 223, 143), overlap: 0.25)...
2026-09-29 01:35:07,756 [INFO]   [Val Case 3/50] Finished in 0.27s | Dice Score: 0.3248
2026-09-29 01:35:07,800 [INFO]   [Val Case 4/50] Running sliding-window inference (shape: (223, 223, 145), overlap: 0.25)...
2026-09-29 01:35:08,046 [INFO]   [Val Case 4/50] Finished in 0.28s | Dice Score: 0.3697
2026-09-29 01:35:08,702 [INFO]   [Val Case 5/50] Running sliding-window inference (shape: (223, 223, 145), overlap: 0.25)...
2026-09-29 01:35:08,939 [INFO]   [Val Case 5/50] Finished in 0.27s | Dice Score: 0.8861
2026-09-29 01:35:08,979 [INFO]   [Val Case 6/50] Running sliding-window inference (shape: (229, 229, 116), overlap: 0.25)...
2026-09-29 01:35:09,176 [INFO]   [Val Case 6/50] Finished in 0.22s | Dice Score: 0.1658
2026-09-29 01:35:09,391 [INFO]   [Val Case 7/50] Running sliding-window inference (shape: (229, 229, 116), overlap: 0.25)...
2026-09-29 01:35:09,594 [INFO]   [Val Case 7/50] Finished in 0.24s | Dice Score: 0.6361
2026-09-29 01:35:09,634 [INFO]   [Val Case 8/50] Running sliding-window inference (shape: (220, 220, 140), overlap: 0.25)...
2026-09-29 01:35:09,873 [INFO]   [Val Case 8/50] Finished in 0.27s | Dice Score: 0.2003
2026-09-29 01:35:10,465 [INFO]   [Val Case 9/50] Running sliding-window inference (shape: (223, 223, 143), overlap: 0.25)...
2026-09-29 01:35:10,718 [INFO]   [Val Case 9/50] Finished in 0.28s | Dice Score: 0.4766
2026-09-29 01:35:10,775 [INFO]   [Val Case 10/50] Running sliding-window inference (shape: (255, 255, 143), overlap: 0.25)...
2026-09-29 01:35:11,187 [INFO]   [Val Case 10/50] Finished in 0.45s | Dice Score: 0.7377
2026-09-29 01:35:11,273 [INFO]   [Val Case 11/50] Running sliding-window inference (shape: (239, 239, 125), overlap: 0.25)...
2026-09-29 01:35:11,479 [INFO]   [Val Case 11/50] Finished in 0.24s | Dice Score: 0.8119
2026-09-29 01:35:11,525 [INFO]   [Val Case 12/50] Running sliding-window inference (shape: (223, 223, 143), overlap: 0.25)...
2026-09-29 01:35:11,771 [INFO]   [Val Case 12/50] Finished in 0.28s | Dice Score: 0.8188
2026-09-29 01:35:12,428 [INFO]   [Val Case 13/50] Running sliding-window inference (shape: (223, 223, 143), overlap: 0.25)...
2026-09-29 01:35:12,663 [INFO]   [Val Case 13/50] Finished in 0.28s | Dice Score: 0.8575
2026-09-29 01:35:12,705 [INFO]   [Val Case 14/50] Running sliding-window inference (shape: (229, 229, 116), overlap: 0.25)...
2026-09-29 01:35:12,912 [INFO]   [Val Case 14/50] Finished in 0.23s | Dice Score: 0.4050
2026-09-29 01:35:13,538 [INFO]   [Val Case 15/50] Running sliding-window inference (shape: (223, 223, 143), overlap: 0.25)...
2026-09-29 01:35:13,788 [INFO]   [Val Case 15/50] Finished in 0.29s | Dice Score: 0.1348
2026-09-29 01:35:13,831 [INFO]   [Val Case 16/50] Running sliding-window inference (shape: (223, 223, 143), overlap: 0.25)...
2026-09-29 01:35:14,072 [INFO]   [Val Case 16/50] Finished in 0.27s | Dice Score: 0.5112
2026-09-29 01:35:14,254 [INFO]   [Val Case 17/50] Running sliding-window inference (shape: (229, 229, 116), overlap: 0.25)...
2026-09-29 01:35:14,461 [INFO]   [Val Case 17/50] Finished in 0.24s | Dice Score: 0.7090
2026-09-29 01:35:14,520 [INFO]   [Val Case 18/50] Running sliding-window inference (shape: (223, 223, 143), overlap: 0.25)...
2026-09-29 01:35:14,756 [INFO]   [Val Case 18/50] Finished in 0.28s | Dice Score: 0.0602
2026-09-29 01:35:15,379 [INFO]   [Val Case 19/50] Running sliding-window inference (shape: (223, 223, 143), overlap: 0.25)...
2026-09-29 01:35:15,638 [INFO]   [Val Case 19/50] Finished in 0.31s | Dice Score: 0.7225
2026-09-29 01:35:15,695 [INFO]   [Val Case 20/50] Running sliding-window inference (shape: (223, 223, 145), overlap: 0.25)...
2026-09-29 01:35:15,937 [INFO]   [Val Case 20/50] Finished in 0.28s | Dice Score: 0.5943
2026-09-29 01:35:16,225 [INFO]   [Val Case 21/50] Running sliding-window inference (shape: (220, 220, 140), overlap: 0.25)...
2026-09-29 01:35:16,486 [INFO]   [Val Case 21/50] Finished in 0.29s | Dice Score: 0.4241
2026-09-29 01:35:16,539 [INFO]   [Val Case 22/50] Running sliding-window inference (shape: (223, 223, 143), overlap: 0.25)...
2026-09-29 01:35:16,785 [INFO]   [Val Case 22/50] Finished in 0.28s | Dice Score: 0.7409
2026-09-29 01:35:17,284 [INFO]   [Val Case 23/50] Running sliding-window inference (shape: (223, 223, 145), overlap: 0.25)...
2026-09-29 01:35:17,531 [INFO]   [Val Case 23/50] Finished in 0.28s | Dice Score: 0.0126
2026-09-29 01:35:17,581 [INFO]   [Val Case 24/50] Running sliding-window inference (shape: (223, 223, 143), overlap: 0.25)...
2026-09-29 01:35:17,830 [INFO]   [Val Case 24/50] Finished in 0.28s | Dice Score: 0.0466
2026-09-29 01:35:18,486 [INFO]   [Val Case 25/50] Running sliding-window inference (shape: (223, 223, 143), overlap: 0.25)...
2026-09-29 01:35:18,731 [INFO]   [Val Case 25/50] Finished in 0.28s | Dice Score: 0.1162
2026-09-29 01:35:18,795 [INFO]   [Val Case 26/50] Running sliding-window inference (shape: (259, 259, 129), overlap: 0.25)...
2026-09-29 01:35:19,219 [INFO]   [Val Case 26/50] Finished in 0.47s | Dice Score: 0.0000
2026-09-29 01:35:19,676 [INFO]   [Val Case 27/50] Running sliding-window inference (shape: (223, 223, 143), overlap: 0.25)...
2026-09-29 01:35:19,925 [INFO]   [Val Case 27/50] Finished in 0.28s | Dice Score: 0.2096
2026-09-29 01:35:19,975 [INFO]   [Val Case 28/50] Running sliding-window inference (shape: (223, 223, 145), overlap: 0.25)...
2026-09-29 01:35:20,223 [INFO]   [Val Case 28/50] Finished in 0.28s | Dice Score: 0.4309
2026-09-29 01:35:20,494 [INFO]   [Val Case 29/50] Running sliding-window inference (shape: (223, 223, 145), overlap: 0.25)...
2026-09-29 01:35:20,731 [INFO]   [Val Case 29/50] Finished in 0.27s | Dice Score: 0.7557
2026-09-29 01:35:20,778 [INFO]   [Val Case 30/50] Running sliding-window inference (shape: (223, 223, 145), overlap: 0.25)...
2026-09-29 01:35:21,038 [INFO]   [Val Case 30/50] Finished in 0.29s | Dice Score: 0.6658
2026-09-29 01:35:21,326 [INFO]   [Val Case 31/50] Running sliding-window inference (shape: (220, 220, 140), overlap: 0.25)...
2026-09-29 01:35:21,586 [INFO]   [Val Case 31/50] Finished in 0.31s | Dice Score: 0.7383
2026-09-29 01:35:21,696 [INFO]   [Val Case 32/50] Running sliding-window inference (shape: (223, 223, 145), overlap: 0.25)...
2026-09-29 01:35:21,930 [INFO]   [Val Case 32/50] Finished in 0.26s | Dice Score: 0.1607
2026-09-29 01:35:22,177 [INFO]   [Val Case 33/50] Running sliding-window inference (shape: (229, 229, 139), overlap: 0.25)...
2026-09-29 01:35:22,414 [INFO]   [Val Case 33/50] Finished in 0.28s | Dice Score: 0.1914
2026-09-29 01:35:22,854 [INFO]   [Val Case 34/50] Running sliding-window inference (shape: (223, 223, 143), overlap: 0.25)...
2026-09-29 01:35:23,099 [INFO]   [Val Case 34/50] Finished in 0.27s | Dice Score: 0.4094
2026-09-29 01:35:23,369 [INFO]   [Val Case 35/50] Running sliding-window inference (shape: (223, 223, 143), overlap: 0.25)...
2026-09-29 01:35:23,606 [INFO]   [Val Case 35/50] Finished in 0.27s | Dice Score: 0.6316
2026-09-29 01:35:24,050 [INFO]   [Val Case 36/50] Running sliding-window inference (shape: (223, 223, 145), overlap: 0.25)...
2026-09-29 01:35:24,290 [INFO]   [Val Case 36/50] Finished in 0.27s | Dice Score: 0.1698
2026-09-29 01:35:24,537 [INFO]   [Val Case 37/50] Running sliding-window inference (shape: (223, 223, 143), overlap: 0.25)...
2026-09-29 01:35:24,773 [INFO]   [Val Case 37/50] Finished in 0.27s | Dice Score: 0.8015
2026-09-29 01:35:24,814 [INFO]   [Val Case 38/50] Running sliding-window inference (shape: (229, 229, 116), overlap: 0.25)...
2026-09-29 01:35:25,021 [INFO]   [Val Case 38/50] Finished in 0.23s | Dice Score: 0.6336
2026-09-29 01:35:25,704 [INFO]   [Val Case 39/50] Running sliding-window inference (shape: (223, 223, 151), overlap: 0.25)...
2026-09-29 01:35:25,954 [INFO]   [Val Case 39/50] Finished in 0.28s | Dice Score: 0.3676
2026-09-29 01:35:26,015 [INFO]   [Val Case 40/50] Running sliding-window inference (shape: (223, 223, 143), overlap: 0.25)...
2026-09-29 01:35:26,266 [INFO]   [Val Case 40/50] Finished in 0.29s | Dice Score: 0.3438
2026-09-29 01:35:26,881 [INFO]   [Val Case 41/50] Running sliding-window inference (shape: (223, 223, 143), overlap: 0.25)...
2026-09-29 01:35:27,119 [INFO]   [Val Case 41/50] Finished in 0.27s | Dice Score: 0.1649
2026-09-29 01:35:27,164 [INFO]   [Val Case 42/50] Running sliding-window inference (shape: (223, 223, 143), overlap: 0.25)...
2026-09-29 01:35:27,416 [INFO]   [Val Case 42/50] Finished in 0.28s | Dice Score: 0.6270
2026-09-29 01:35:28,073 [INFO]   [Val Case 43/50] Running sliding-window inference (shape: (223, 223, 145), overlap: 0.25)...
2026-09-29 01:35:28,308 [INFO]   [Val Case 43/50] Finished in 0.27s | Dice Score: 0.5960
2026-09-29 01:35:28,353 [INFO]   [Val Case 44/50] Running sliding-window inference (shape: (229, 229, 116), overlap: 0.25)...
2026-09-29 01:35:28,568 [INFO]   [Val Case 44/50] Finished in 0.24s | Dice Score: 0.5677
2026-09-29 01:35:29,186 [INFO]   [Val Case 45/50] Running sliding-window inference (shape: (223, 223, 143), overlap: 0.25)...
2026-09-29 01:35:29,451 [INFO]   [Val Case 45/50] Finished in 0.29s | Dice Score: 0.7188
2026-09-29 01:35:29,509 [INFO]   [Val Case 46/50] Running sliding-window inference (shape: (223, 223, 145), overlap: 0.25)...
2026-09-29 01:35:29,750 [INFO]   [Val Case 46/50] Finished in 0.28s | Dice Score: 0.7356
2026-09-29 01:35:30,292 [INFO]   [Val Case 47/50] Running sliding-window inference (shape: (223, 223, 145), overlap: 0.25)...
2026-09-29 01:35:30,568 [INFO]   [Val Case 47/50] Finished in 0.31s | Dice Score: 0.1420
2026-09-29 01:35:30,634 [INFO]   [Val Case 48/50] Running sliding-window inference (shape: (223, 223, 143), overlap: 0.25)...
2026-09-29 01:35:30,876 [INFO]   [Val Case 48/50] Finished in 0.28s | Dice Score: 0.3847
2026-09-29 01:35:31,394 [INFO]   [Val Case 49/50] Running sliding-window inference (shape: (223, 223, 143), overlap: 0.25)...
2026-09-29 01:35:31,620 [INFO]   [Val Case 49/50] Finished in 0.25s | Dice Score: 0.0000
2026-09-29 01:35:31,664 [INFO]   [Val Case 50/50] Running sliding-window inference (shape: (223, 223, 143), overlap: 0.25)...
2026-09-29 01:35:31,891 [INFO]   [Val Case 50/50] Finished in 0.26s | Dice Score: 0.8305
2026-09-29 01:35:32,486 [INFO] Epoch 22 Validation (33.8s): Mean Dice: 0.4452 (50 subjects)
2026-09-29 01:35:32,516 [INFO] ---------------------------------------------------------------------------
2026-09-29 01:35:32,516 [INFO] Starting Epoch 23/30 (LR: 1.65e-04)...
2026-09-29 01:35:56,197 [INFO]     [Train Batch 25/200] Step Loss: 0.6966 | Running Avg Loss: 0.4658
2026-09-29 01:36:08,873 [INFO]     [Train Batch 50/200] Step Loss: 0.6139 | Running Avg Loss: 0.4450
2026-09-29 01:36:25,654 [INFO]     [Train Batch 75/200] Step Loss: 0.2359 | Running Avg Loss: 0.4641
2026-09-29 01:36:38,787 [INFO]     [Train Batch 100/200] Step Loss: 0.5427 | Running Avg Loss: 0.4751
2026-09-29 01:36:51,260 [INFO]     [Train Batch 125/200] Step Loss: 0.9212 | Running Avg Loss: 0.4805
2026-09-29 01:37:04,065 [INFO]     [Train Batch 150/200] Step Loss: 0.6399 | Running Avg Loss: 0.4953
2026-09-29 01:37:17,498 [INFO]     [Train Batch 175/200] Step Loss: 0.1971 | Running Avg Loss: 0.4856
2026-09-29 01:37:34,175 [INFO]     [Train Batch 200/200] Step Loss: 0.1596 | Running Avg Loss: 0.4869
2026-09-29 01:37:34,898 [INFO] Epoch 23/30 (122.4s) - Train Loss: 0.4869 | LR: 1.28e-04
2026-09-29 01:37:42,474 [INFO]   [Val Case 1/50] Running sliding-window inference (shape: (223, 223, 145), overlap: 0.25)...
2026-09-29 01:37:42,937 [INFO]   [Val Case 1/50] Finished in 0.53s | Dice Score: 0.1196
2026-09-29 01:37:42,990 [INFO]   [Val Case 2/50] Running sliding-window inference (shape: (223, 223, 145), overlap: 0.25)...
2026-09-29 01:37:43,223 [INFO]   [Val Case 2/50] Finished in 0.27s | Dice Score: 0.0000
2026-09-29 01:37:43,620 [INFO]   [Val Case 3/50] Running sliding-window inference (shape: (223, 223, 143), overlap: 0.25)...
2026-09-29 01:37:43,863 [INFO]   [Val Case 3/50] Finished in 0.27s | Dice Score: 0.3535
2026-09-29 01:37:43,925 [INFO]   [Val Case 4/50] Running sliding-window inference (shape: (223, 223, 145), overlap: 0.25)...
2026-09-29 01:37:44,161 [INFO]   [Val Case 4/50] Finished in 0.28s | Dice Score: 0.2987
2026-09-29 01:37:44,747 [INFO]   [Val Case 5/50] Running sliding-window inference (shape: (223, 223, 145), overlap: 0.25)...
2026-09-29 01:37:44,983 [INFO]   [Val Case 5/50] Finished in 0.27s | Dice Score: 0.8806
2026-09-29 01:37:45,026 [INFO]   [Val Case 6/50] Running sliding-window inference (shape: (229, 229, 116), overlap: 0.25)...
2026-09-29 01:37:45,224 [INFO]   [Val Case 6/50] Finished in 0.23s | Dice Score: 0.0769
2026-09-29 01:37:45,382 [INFO]   [Val Case 7/50] Running sliding-window inference (shape: (229, 229, 116), overlap: 0.25)...
2026-09-29 01:37:45,579 [INFO]   [Val Case 7/50] Finished in 0.22s | Dice Score: 0.7095
2026-09-29 01:37:45,620 [INFO]   [Val Case 8/50] Running sliding-window inference (shape: (220, 220, 140), overlap: 0.25)...
2026-09-29 01:37:45,855 [INFO]   [Val Case 8/50] Finished in 0.26s | Dice Score: 0.0500
2026-09-29 01:37:46,432 [INFO]   [Val Case 9/50] Running sliding-window inference (shape: (223, 223, 143), overlap: 0.25)...
2026-09-29 01:37:46,675 [INFO]   [Val Case 9/50] Finished in 0.27s | Dice Score: 0.3908
2026-09-29 01:37:46,741 [INFO]   [Val Case 10/50] Running sliding-window inference (shape: (255, 255, 143), overlap: 0.25)...
2026-09-29 01:37:47,159 [INFO]   [Val Case 10/50] Finished in 0.47s | Dice Score: 0.5752
2026-09-29 01:37:47,210 [INFO]   [Val Case 11/50] Running sliding-window inference (shape: (239, 239, 125), overlap: 0.25)...
2026-09-29 01:37:47,411 [INFO]   [Val Case 11/50] Finished in 0.23s | Dice Score: 0.8384
2026-09-29 01:37:47,465 [INFO]   [Val Case 12/50] Running sliding-window inference (shape: (223, 223, 143), overlap: 0.25)...
2026-09-29 01:37:47,706 [INFO]   [Val Case 12/50] Finished in 0.28s | Dice Score: 0.8134
2026-09-29 01:37:48,331 [INFO]   [Val Case 13/50] Running sliding-window inference (shape: (223, 223, 143), overlap: 0.25)...
2026-09-29 01:37:48,587 [INFO]   [Val Case 13/50] Finished in 0.31s | Dice Score: 0.8828
2026-09-29 01:37:48,628 [INFO]   [Val Case 14/50] Running sliding-window inference (shape: (229, 229, 116), overlap: 0.25)...
2026-09-29 01:37:48,832 [INFO]   [Val Case 14/50] Finished in 0.23s | Dice Score: 0.4174
2026-09-29 01:37:49,393 [INFO]   [Val Case 15/50] Running sliding-window inference (shape: (223, 223, 143), overlap: 0.25)...
2026-09-29 01:37:49,633 [INFO]   [Val Case 15/50] Finished in 0.27s | Dice Score: 0.1674
2026-09-29 01:37:49,679 [INFO]   [Val Case 16/50] Running sliding-window inference (shape: (223, 223, 143), overlap: 0.25)...
2026-09-29 01:37:49,930 [INFO]   [Val Case 16/50] Finished in 0.28s | Dice Score: 0.3846
2026-09-29 01:37:50,051 [INFO]   [Val Case 17/50] Running sliding-window inference (shape: (229, 229, 116), overlap: 0.25)...
2026-09-29 01:37:50,251 [INFO]   [Val Case 17/50] Finished in 0.23s | Dice Score: 0.6873
2026-09-29 01:37:50,295 [INFO]   [Val Case 18/50] Running sliding-window inference (shape: (223, 223, 143), overlap: 0.25)...
2026-09-29 01:37:50,582 [INFO]   [Val Case 18/50] Finished in 0.32s | Dice Score: 0.0855
2026-09-29 01:37:51,334 [INFO]   [Val Case 19/50] Running sliding-window inference (shape: (223, 223, 143), overlap: 0.25)...
2026-09-29 01:37:51,588 [INFO]   [Val Case 19/50] Finished in 0.29s | Dice Score: 0.5411
2026-09-29 01:37:51,635 [INFO]   [Val Case 20/50] Running sliding-window inference (shape: (223, 223, 145), overlap: 0.25)...
2026-09-29 01:37:51,893 [INFO]   [Val Case 20/50] Finished in 0.29s | Dice Score: 0.4619
2026-09-29 01:37:52,250 [INFO]   [Val Case 21/50] Running sliding-window inference (shape: (220, 220, 140), overlap: 0.25)...
2026-09-29 01:37:52,490 [INFO]   [Val Case 21/50] Finished in 0.27s | Dice Score: 0.4111
2026-09-29 01:37:52,551 [INFO]   [Val Case 22/50] Running sliding-window inference (shape: (223, 223, 143), overlap: 0.25)...
2026-09-29 01:37:52,810 [INFO]   [Val Case 22/50] Finished in 0.30s | Dice Score: 0.7488
2026-09-29 01:37:53,350 [INFO]   [Val Case 23/50] Running sliding-window inference (shape: (223, 223, 145), overlap: 0.25)...
2026-09-29 01:37:53,591 [INFO]   [Val Case 23/50] Finished in 0.28s | Dice Score: 0.0070
2026-09-29 01:37:53,677 [INFO]   [Val Case 24/50] Running sliding-window inference (shape: (223, 223, 143), overlap: 0.25)...
2026-09-29 01:37:53,919 [INFO]   [Val Case 24/50] Finished in 0.27s | Dice Score: 0.0474
2026-09-29 01:37:54,559 [INFO]   [Val Case 25/50] Running sliding-window inference (shape: (223, 223, 143), overlap: 0.25)...
2026-09-29 01:37:54,797 [INFO]   [Val Case 25/50] Finished in 0.27s | Dice Score: 0.0759
2026-09-29 01:37:54,852 [INFO]   [Val Case 26/50] Running sliding-window inference (shape: (259, 259, 129), overlap: 0.25)...
2026-09-29 01:37:55,259 [INFO]   [Val Case 26/50] Finished in 0.45s | Dice Score: 0.0000
2026-09-29 01:37:55,732 [INFO]   [Val Case 27/50] Running sliding-window inference (shape: (223, 223, 143), overlap: 0.25)...
2026-09-29 01:37:55,980 [INFO]   [Val Case 27/50] Finished in 0.28s | Dice Score: 0.1769
2026-09-29 01:37:56,033 [INFO]   [Val Case 28/50] Running sliding-window inference (shape: (223, 223, 145), overlap: 0.25)...
2026-09-29 01:37:56,274 [INFO]   [Val Case 28/50] Finished in 0.28s | Dice Score: 0.4595
2026-09-29 01:37:56,561 [INFO]   [Val Case 29/50] Running sliding-window inference (shape: (223, 223, 145), overlap: 0.25)...
2026-09-29 01:37:56,814 [INFO]   [Val Case 29/50] Finished in 0.29s | Dice Score: 0.8049
2026-09-29 01:37:56,860 [INFO]   [Val Case 30/50] Running sliding-window inference (shape: (223, 223, 145), overlap: 0.25)...
2026-09-29 01:37:57,103 [INFO]   [Val Case 30/50] Finished in 0.27s | Dice Score: 0.6495
2026-09-29 01:37:57,408 [INFO]   [Val Case 31/50] Running sliding-window inference (shape: (220, 220, 140), overlap: 0.25)...
2026-09-29 01:37:57,650 [INFO]   [Val Case 31/50] Finished in 0.28s | Dice Score: 0.7074
2026-09-29 01:37:57,759 [INFO]   [Val Case 32/50] Running sliding-window inference (shape: (223, 223, 145), overlap: 0.25)...
2026-09-29 01:37:57,997 [INFO]   [Val Case 32/50] Finished in 0.27s | Dice Score: 0.1003
2026-09-29 01:37:58,262 [INFO]   [Val Case 33/50] Running sliding-window inference (shape: (229, 229, 139), overlap: 0.25)...
2026-09-29 01:37:58,498 [INFO]   [Val Case 33/50] Finished in 0.28s | Dice Score: 0.1150
2026-09-29 01:37:59,016 [INFO]   [Val Case 34/50] Running sliding-window inference (shape: (223, 223, 143), overlap: 0.25)...
2026-09-29 01:37:59,275 [INFO]   [Val Case 34/50] Finished in 0.29s | Dice Score: 0.5352
2026-09-29 01:37:59,494 [INFO]   [Val Case 35/50] Running sliding-window inference (shape: (223, 223, 143), overlap: 0.25)...
2026-09-29 01:37:59,734 [INFO]   [Val Case 35/50] Finished in 0.28s | Dice Score: 0.4987
2026-09-29 01:38:00,215 [INFO]   [Val Case 36/50] Running sliding-window inference (shape: (223, 223, 145), overlap: 0.25)...
2026-09-29 01:38:00,462 [INFO]   [Val Case 36/50] Finished in 0.28s | Dice Score: 0.1527
2026-09-29 01:38:00,666 [INFO]   [Val Case 37/50] Running sliding-window inference (shape: (223, 223, 143), overlap: 0.25)...
2026-09-29 01:38:00,915 [INFO]   [Val Case 37/50] Finished in 0.28s | Dice Score: 0.8219
2026-09-29 01:38:00,958 [INFO]   [Val Case 38/50] Running sliding-window inference (shape: (229, 229, 116), overlap: 0.25)...
2026-09-29 01:38:01,163 [INFO]   [Val Case 38/50] Finished in 0.23s | Dice Score: 0.6278
2026-09-29 01:38:01,852 [INFO]   [Val Case 39/50] Running sliding-window inference (shape: (223, 223, 151), overlap: 0.25)...
2026-09-29 01:38:02,088 [INFO]   [Val Case 39/50] Finished in 0.27s | Dice Score: 0.4204
2026-09-29 01:38:02,133 [INFO]   [Val Case 40/50] Running sliding-window inference (shape: (223, 223, 143), overlap: 0.25)...
2026-09-29 01:38:02,378 [INFO]   [Val Case 40/50] Finished in 0.28s | Dice Score: 0.4179
2026-09-29 01:38:02,978 [INFO]   [Val Case 41/50] Running sliding-window inference (shape: (223, 223, 143), overlap: 0.25)...
2026-09-29 01:38:03,229 [INFO]   [Val Case 41/50] Finished in 0.28s | Dice Score: 0.1445
2026-09-29 01:38:03,275 [INFO]   [Val Case 42/50] Running sliding-window inference (shape: (223, 223, 143), overlap: 0.25)...
2026-09-29 01:38:03,520 [INFO]   [Val Case 42/50] Finished in 0.28s | Dice Score: 0.5292
2026-09-29 01:38:04,128 [INFO]   [Val Case 43/50] Running sliding-window inference (shape: (223, 223, 145), overlap: 0.25)...
2026-09-29 01:38:04,375 [INFO]   [Val Case 43/50] Finished in 0.28s | Dice Score: 0.5447
2026-09-29 01:38:04,424 [INFO]   [Val Case 44/50] Running sliding-window inference (shape: (229, 229, 116), overlap: 0.25)...
2026-09-29 01:38:04,632 [INFO]   [Val Case 44/50] Finished in 0.24s | Dice Score: 0.5889
2026-09-29 01:38:05,275 [INFO]   [Val Case 45/50] Running sliding-window inference (shape: (223, 223, 143), overlap: 0.25)...
2026-09-29 01:38:05,518 [INFO]   [Val Case 45/50] Finished in 0.27s | Dice Score: 0.7703
2026-09-29 01:38:05,587 [INFO]   [Val Case 46/50] Running sliding-window inference (shape: (223, 223, 145), overlap: 0.25)...
2026-09-29 01:38:05,841 [INFO]   [Val Case 46/50] Finished in 0.30s | Dice Score: 0.6198
2026-09-29 01:38:06,374 [INFO]   [Val Case 47/50] Running sliding-window inference (shape: (223, 223, 145), overlap: 0.25)...
2026-09-29 01:38:06,615 [INFO]   [Val Case 47/50] Finished in 0.28s | Dice Score: 0.0897
2026-09-29 01:38:06,665 [INFO]   [Val Case 48/50] Running sliding-window inference (shape: (223, 223, 143), overlap: 0.25)...
2026-09-29 01:38:06,908 [INFO]   [Val Case 48/50] Finished in 0.28s | Dice Score: 0.4069
2026-09-29 01:38:07,471 [INFO]   [Val Case 49/50] Running sliding-window inference (shape: (223, 223, 143), overlap: 0.25)...
2026-09-29 01:38:07,698 [INFO]   [Val Case 49/50] Finished in 0.25s | Dice Score: 0.0000
2026-09-29 01:38:07,739 [INFO]   [Val Case 50/50] Running sliding-window inference (shape: (223, 223, 143), overlap: 0.25)...
2026-09-29 01:38:07,971 [INFO]   [Val Case 50/50] Finished in 0.26s | Dice Score: 0.8185
2026-09-29 01:38:08,577 [INFO] Epoch 23 Validation (33.7s): Mean Dice: 0.4205 (50 subjects)
2026-09-29 01:38:08,606 [INFO] ---------------------------------------------------------------------------
2026-09-29 01:38:08,606 [INFO] Starting Epoch 24/30 (LR: 1.28e-04)...
2026-09-29 01:38:28,752 [INFO]     [Train Batch 25/200] Step Loss: 0.6039 | Running Avg Loss: 0.4301
2026-09-29 01:38:40,868 [INFO]     [Train Batch 50/200] Step Loss: 0.3413 | Running Avg Loss: 0.4387
2026-09-29 01:38:54,507 [INFO]     [Train Batch 75/200] Step Loss: 0.3513 | Running Avg Loss: 0.4664
2026-09-29 01:39:10,721 [INFO]     [Train Batch 100/200] Step Loss: 0.7204 | Running Avg Loss: 0.4734
2026-09-29 01:39:27,660 [INFO]     [Train Batch 125/200] Step Loss: 0.2610 | Running Avg Loss: 0.4811
2026-09-29 01:39:41,095 [INFO]     [Train Batch 150/200] Step Loss: 0.2832 | Running Avg Loss: 0.4824
2026-09-29 01:39:57,616 [INFO]     [Train Batch 175/200] Step Loss: 0.2667 | Running Avg Loss: 0.4742
2026-09-29 01:40:10,019 [INFO]     [Train Batch 200/200] Step Loss: 0.1020 | Running Avg Loss: 0.4785
2026-09-29 01:40:10,725 [INFO] Epoch 24/30 (122.1s) - Train Loss: 0.4785 | LR: 9.55e-05
2026-09-29 01:40:18,309 [INFO]   [Val Case 1/50] Running sliding-window inference (shape: (223, 223, 145), overlap: 0.25)...
2026-09-29 01:40:18,757 [INFO]   [Val Case 1/50] Finished in 0.52s | Dice Score: 0.1119
2026-09-29 01:40:18,819 [INFO]   [Val Case 2/50] Running sliding-window inference (shape: (223, 223, 145), overlap: 0.25)...
2026-09-29 01:40:19,091 [INFO]   [Val Case 2/50] Finished in 0.32s | Dice Score: 0.0000
2026-09-29 01:40:19,668 [INFO]   [Val Case 3/50] Running sliding-window inference (shape: (223, 223, 143), overlap: 0.25)...
2026-09-29 01:40:19,930 [INFO]   [Val Case 3/50] Finished in 0.29s | Dice Score: 0.3291
2026-09-29 01:40:19,977 [INFO]   [Val Case 4/50] Running sliding-window inference (shape: (223, 223, 145), overlap: 0.25)...
2026-09-29 01:40:20,230 [INFO]   [Val Case 4/50] Finished in 0.29s | Dice Score: 0.2180
2026-09-29 01:40:20,942 [INFO]   [Val Case 5/50] Running sliding-window inference (shape: (223, 223, 145), overlap: 0.25)...
2026-09-29 01:40:21,204 [INFO]   [Val Case 5/50] Finished in 0.31s | Dice Score: 0.8689
2026-09-29 01:40:21,246 [INFO]   [Val Case 6/50] Running sliding-window inference (shape: (229, 229, 116), overlap: 0.25)...
2026-09-29 01:40:21,456 [INFO]   [Val Case 6/50] Finished in 0.24s | Dice Score: 0.0347
2026-09-29 01:40:21,617 [INFO]   [Val Case 7/50] Running sliding-window inference (shape: (229, 229, 116), overlap: 0.25)...
2026-09-29 01:40:21,816 [INFO]   [Val Case 7/50] Finished in 0.23s | Dice Score: 0.7333
2026-09-29 01:40:21,857 [INFO]   [Val Case 8/50] Running sliding-window inference (shape: (220, 220, 140), overlap: 0.25)...
2026-09-29 01:40:22,115 [INFO]   [Val Case 8/50] Finished in 0.29s | Dice Score: 0.0455
2026-09-29 01:40:22,761 [INFO]   [Val Case 9/50] Running sliding-window inference (shape: (223, 223, 143), overlap: 0.25)...
2026-09-29 01:40:23,020 [INFO]   [Val Case 9/50] Finished in 0.29s | Dice Score: 0.3341
2026-09-29 01:40:23,073 [INFO]   [Val Case 10/50] Running sliding-window inference (shape: (255, 255, 143), overlap: 0.25)...
2026-09-29 01:40:23,500 [INFO]   [Val Case 10/50] Finished in 0.47s | Dice Score: 0.5159
2026-09-29 01:40:23,677 [INFO]   [Val Case 11/50] Running sliding-window inference (shape: (239, 239, 125), overlap: 0.25)...
2026-09-29 01:40:23,877 [INFO]   [Val Case 11/50] Finished in 0.23s | Dice Score: 0.8399
2026-09-29 01:40:23,922 [INFO]   [Val Case 12/50] Running sliding-window inference (shape: (223, 223, 143), overlap: 0.25)...
2026-09-29 01:40:24,168 [INFO]   [Val Case 12/50] Finished in 0.28s | Dice Score: 0.8019
2026-09-29 01:40:24,876 [INFO]   [Val Case 13/50] Running sliding-window inference (shape: (223, 223, 143), overlap: 0.25)...
2026-09-29 01:40:25,116 [INFO]   [Val Case 13/50] Finished in 0.27s | Dice Score: 0.8843
2026-09-29 01:40:25,164 [INFO]   [Val Case 14/50] Running sliding-window inference (shape: (229, 229, 116), overlap: 0.25)...
2026-09-29 01:40:25,362 [INFO]   [Val Case 14/50] Finished in 0.23s | Dice Score: 0.4230
2026-09-29 01:40:25,965 [INFO]   [Val Case 15/50] Running sliding-window inference (shape: (223, 223, 143), overlap: 0.25)...
2026-09-29 01:40:26,201 [INFO]   [Val Case 15/50] Finished in 0.27s | Dice Score: 0.1677
2026-09-29 01:40:26,251 [INFO]   [Val Case 16/50] Running sliding-window inference (shape: (223, 223, 143), overlap: 0.25)...
2026-09-29 01:40:26,493 [INFO]   [Val Case 16/50] Finished in 0.28s | Dice Score: 0.3494
2026-09-29 01:40:26,634 [INFO]   [Val Case 17/50] Running sliding-window inference (shape: (229, 229, 116), overlap: 0.25)...
2026-09-29 01:40:26,882 [INFO]   [Val Case 17/50] Finished in 0.28s | Dice Score: 0.6488
2026-09-29 01:40:26,924 [INFO]   [Val Case 18/50] Running sliding-window inference (shape: (223, 223, 143), overlap: 0.25)...
2026-09-29 01:40:27,219 [INFO]   [Val Case 18/50] Finished in 0.33s | Dice Score: 0.0533
2026-09-29 01:40:27,728 [INFO]   [Val Case 19/50] Running sliding-window inference (shape: (223, 223, 143), overlap: 0.25)...
2026-09-29 01:40:27,974 [INFO]   [Val Case 19/50] Finished in 0.28s | Dice Score: 0.5046
2026-09-29 01:40:28,034 [INFO]   [Val Case 20/50] Running sliding-window inference (shape: (223, 223, 145), overlap: 0.25)...
2026-09-29 01:40:28,295 [INFO]   [Val Case 20/50] Finished in 0.30s | Dice Score: 0.3925
2026-09-29 01:40:28,637 [INFO]   [Val Case 21/50] Running sliding-window inference (shape: (220, 220, 140), overlap: 0.25)...
2026-09-29 01:40:28,870 [INFO]   [Val Case 21/50] Finished in 0.26s | Dice Score: 0.3909
2026-09-29 01:40:28,915 [INFO]   [Val Case 22/50] Running sliding-window inference (shape: (223, 223, 143), overlap: 0.25)...
2026-09-29 01:40:29,170 [INFO]   [Val Case 22/50] Finished in 0.29s | Dice Score: 0.7394
2026-09-29 01:40:29,729 [INFO]   [Val Case 23/50] Running sliding-window inference (shape: (223, 223, 145), overlap: 0.25)...
2026-09-29 01:40:30,025 [INFO]   [Val Case 23/50] Finished in 0.33s | Dice Score: 0.0063
2026-09-29 01:40:30,094 [INFO]   [Val Case 24/50] Running sliding-window inference (shape: (223, 223, 143), overlap: 0.25)...
2026-09-29 01:40:30,331 [INFO]   [Val Case 24/50] Finished in 0.29s | Dice Score: 0.0296
2026-09-29 01:40:30,945 [INFO]   [Val Case 25/50] Running sliding-window inference (shape: (223, 223, 143), overlap: 0.25)...
2026-09-29 01:40:31,250 [INFO]   [Val Case 25/50] Finished in 0.34s | Dice Score: 0.0689
2026-09-29 01:40:31,324 [INFO]   [Val Case 26/50] Running sliding-window inference (shape: (259, 259, 129), overlap: 0.25)...
2026-09-29 01:40:31,747 [INFO]   [Val Case 26/50] Finished in 0.47s | Dice Score: 0.0001
2026-09-29 01:40:32,192 [INFO]   [Val Case 27/50] Running sliding-window inference (shape: (223, 223, 143), overlap: 0.25)...
2026-09-29 01:40:32,451 [INFO]   [Val Case 27/50] Finished in 0.29s | Dice Score: 0.1537
2026-09-29 01:40:32,511 [INFO]   [Val Case 28/50] Running sliding-window inference (shape: (223, 223, 145), overlap: 0.25)...
2026-09-29 01:40:32,744 [INFO]   [Val Case 28/50] Finished in 0.27s | Dice Score: 0.4220
2026-09-29 01:40:33,149 [INFO]   [Val Case 29/50] Running sliding-window inference (shape: (223, 223, 145), overlap: 0.25)...
2026-09-29 01:40:33,405 [INFO]   [Val Case 29/50] Finished in 0.29s | Dice Score: 0.8168
2026-09-29 01:40:33,465 [INFO]   [Val Case 30/50] Running sliding-window inference (shape: (223, 223, 145), overlap: 0.25)...
2026-09-29 01:40:33,703 [INFO]   [Val Case 30/50] Finished in 0.28s | Dice Score: 0.5630
2026-09-29 01:40:33,940 [INFO]   [Val Case 31/50] Running sliding-window inference (shape: (220, 220, 140), overlap: 0.25)...
2026-09-29 01:40:34,217 [INFO]   [Val Case 31/50] Finished in 0.31s | Dice Score: 0.6813
2026-09-29 01:40:34,284 [INFO]   [Val Case 32/50] Running sliding-window inference (shape: (223, 223, 145), overlap: 0.25)...
2026-09-29 01:40:34,532 [INFO]   [Val Case 32/50] Finished in 0.29s | Dice Score: 0.0779
2026-09-29 01:40:34,835 [INFO]   [Val Case 33/50] Running sliding-window inference (shape: (229, 229, 139), overlap: 0.25)...
2026-09-29 01:40:35,096 [INFO]   [Val Case 33/50] Finished in 0.29s | Dice Score: 0.1090
2026-09-29 01:40:35,416 [INFO]   [Val Case 34/50] Running sliding-window inference (shape: (223, 223, 143), overlap: 0.25)...
2026-09-29 01:40:35,656 [INFO]   [Val Case 34/50] Finished in 0.27s | Dice Score: 0.5809
2026-09-29 01:40:36,008 [INFO]   [Val Case 35/50] Running sliding-window inference (shape: (223, 223, 143), overlap: 0.25)...
2026-09-29 01:40:36,250 [INFO]   [Val Case 35/50] Finished in 0.27s | Dice Score: 0.4574
2026-09-29 01:40:36,630 [INFO]   [Val Case 36/50] Running sliding-window inference (shape: (223, 223, 145), overlap: 0.25)...
2026-09-29 01:40:36,875 [INFO]   [Val Case 36/50] Finished in 0.28s | Dice Score: 0.1111
2026-09-29 01:40:37,244 [INFO]   [Val Case 37/50] Running sliding-window inference (shape: (223, 223, 143), overlap: 0.25)...
2026-09-29 01:40:37,506 [INFO]   [Val Case 37/50] Finished in 0.30s | Dice Score: 0.8140
2026-09-29 01:40:37,548 [INFO]   [Val Case 38/50] Running sliding-window inference (shape: (229, 229, 116), overlap: 0.25)...
2026-09-29 01:40:37,766 [INFO]   [Val Case 38/50] Finished in 0.25s | Dice Score: 0.5781
2026-09-29 01:40:38,508 [INFO]   [Val Case 39/50] Running sliding-window inference (shape: (223, 223, 151), overlap: 0.25)...
2026-09-29 01:40:38,749 [INFO]   [Val Case 39/50] Finished in 0.27s | Dice Score: 0.4327
2026-09-29 01:40:38,803 [INFO]   [Val Case 40/50] Running sliding-window inference (shape: (223, 223, 143), overlap: 0.25)...
2026-09-29 01:40:39,074 [INFO]   [Val Case 40/50] Finished in 0.31s | Dice Score: 0.3852
2026-09-29 01:40:39,734 [INFO]   [Val Case 41/50] Running sliding-window inference (shape: (223, 223, 143), overlap: 0.25)...
2026-09-29 01:40:39,985 [INFO]   [Val Case 41/50] Finished in 0.28s | Dice Score: 0.1021
2026-09-29 01:40:40,031 [INFO]   [Val Case 42/50] Running sliding-window inference (shape: (223, 223, 143), overlap: 0.25)...
2026-09-29 01:40:40,274 [INFO]   [Val Case 42/50] Finished in 0.28s | Dice Score: 0.4970
2026-09-29 01:40:40,898 [INFO]   [Val Case 43/50] Running sliding-window inference (shape: (223, 223, 145), overlap: 0.25)...
2026-09-29 01:40:41,130 [INFO]   [Val Case 43/50] Finished in 0.26s | Dice Score: 0.5368
2026-09-29 01:40:41,171 [INFO]   [Val Case 44/50] Running sliding-window inference (shape: (229, 229, 116), overlap: 0.25)...
2026-09-29 01:40:41,369 [INFO]   [Val Case 44/50] Finished in 0.22s | Dice Score: 0.5502
2026-09-29 01:40:42,014 [INFO]   [Val Case 45/50] Running sliding-window inference (shape: (223, 223, 143), overlap: 0.25)...
2026-09-29 01:40:42,253 [INFO]   [Val Case 45/50] Finished in 0.27s | Dice Score: 0.7914
2026-09-29 01:40:42,310 [INFO]   [Val Case 46/50] Running sliding-window inference (shape: (223, 223, 145), overlap: 0.25)...
2026-09-29 01:40:42,546 [INFO]   [Val Case 46/50] Finished in 0.27s | Dice Score: 0.5737
2026-09-29 01:40:43,090 [INFO]   [Val Case 47/50] Running sliding-window inference (shape: (223, 223, 145), overlap: 0.25)...
2026-09-29 01:40:43,327 [INFO]   [Val Case 47/50] Finished in 0.27s | Dice Score: 0.0774
2026-09-29 01:40:43,378 [INFO]   [Val Case 48/50] Running sliding-window inference (shape: (223, 223, 143), overlap: 0.25)...
2026-09-29 01:40:43,622 [INFO]   [Val Case 48/50] Finished in 0.28s | Dice Score: 0.3419
2026-09-29 01:40:44,168 [INFO]   [Val Case 49/50] Running sliding-window inference (shape: (223, 223, 143), overlap: 0.25)...
2026-09-29 01:40:44,529 [INFO]   [Val Case 49/50] Finished in 0.39s | Dice Score: 0.0000
2026-09-29 01:40:44,571 [INFO]   [Val Case 50/50] Running sliding-window inference (shape: (223, 223, 143), overlap: 0.25)...
2026-09-29 01:40:44,892 [INFO]   [Val Case 50/50] Finished in 0.35s | Dice Score: 0.7908
2026-09-29 01:40:45,493 [INFO] Epoch 24 Validation (34.8s): Mean Dice: 0.3987 (50 subjects)
2026-09-29 01:40:45,522 [INFO] ---------------------------------------------------------------------------
2026-09-29 01:40:45,522 [INFO] Starting Epoch 25/30 (LR: 9.55e-05)...
2026-09-29 01:41:09,480 [INFO]     [Train Batch 25/200] Step Loss: 0.3501 | Running Avg Loss: 0.4536
2026-09-29 01:41:22,558 [INFO]     [Train Batch 50/200] Step Loss: 0.9656 | Running Avg Loss: 0.4845
2026-09-29 01:41:39,711 [INFO]     [Train Batch 75/200] Step Loss: 0.2496 | Running Avg Loss: 0.4900
2026-09-29 01:41:51,809 [INFO]     [Train Batch 100/200] Step Loss: 0.2938 | Running Avg Loss: 0.5033
2026-09-29 01:42:05,312 [INFO]     [Train Batch 125/200] Step Loss: 0.1210 | Running Avg Loss: 0.5081
2026-09-29 01:42:18,753 [INFO]     [Train Batch 150/200] Step Loss: 0.6678 | Running Avg Loss: 0.5044
2026-09-29 01:42:35,127 [INFO]     [Train Batch 175/200] Step Loss: 0.5147 | Running Avg Loss: 0.5070
2026-09-29 01:42:48,415 [INFO]     [Train Batch 200/200] Step Loss: 0.1321 | Running Avg Loss: 0.4989
2026-09-29 01:42:49,067 [INFO] Epoch 25/30 (123.5s) - Train Loss: 0.4989 | LR: 6.70e-05
2026-09-29 01:42:56,680 [INFO]   [Val Case 1/50] Running sliding-window inference (shape: (223, 223, 145), overlap: 0.25)...
2026-09-29 01:42:57,117 [INFO]   [Val Case 1/50] Finished in 0.50s | Dice Score: 0.2582
2026-09-29 01:42:57,172 [INFO]   [Val Case 2/50] Running sliding-window inference (shape: (223, 223, 145), overlap: 0.25)...
2026-09-29 01:42:57,403 [INFO]   [Val Case 2/50] Finished in 0.27s | Dice Score: 0.0000
2026-09-29 01:42:57,870 [INFO]   [Val Case 3/50] Running sliding-window inference (shape: (223, 223, 143), overlap: 0.25)...
2026-09-29 01:42:58,107 [INFO]   [Val Case 3/50] Finished in 0.27s | Dice Score: 0.3944
2026-09-29 01:42:58,152 [INFO]   [Val Case 4/50] Running sliding-window inference (shape: (223, 223, 145), overlap: 0.25)...
2026-09-29 01:42:58,400 [INFO]   [Val Case 4/50] Finished in 0.28s | Dice Score: 0.7505
2026-09-29 01:42:59,077 [INFO]   [Val Case 5/50] Running sliding-window inference (shape: (223, 223, 145), overlap: 0.25)...
2026-09-29 01:42:59,311 [INFO]   [Val Case 5/50] Finished in 0.27s | Dice Score: 0.8855
2026-09-29 01:42:59,353 [INFO]   [Val Case 6/50] Running sliding-window inference (shape: (229, 229, 116), overlap: 0.25)...
2026-09-29 01:42:59,552 [INFO]   [Val Case 6/50] Finished in 0.23s | Dice Score: 0.0589
2026-09-29 01:42:59,745 [INFO]   [Val Case 7/50] Running sliding-window inference (shape: (229, 229, 116), overlap: 0.25)...
2026-09-29 01:42:59,951 [INFO]   [Val Case 7/50] Finished in 0.24s | Dice Score: 0.7247
2026-09-29 01:42:59,992 [INFO]   [Val Case 8/50] Running sliding-window inference (shape: (220, 220, 140), overlap: 0.25)...
2026-09-29 01:43:00,234 [INFO]   [Val Case 8/50] Finished in 0.27s | Dice Score: 0.1052
2026-09-29 01:43:00,850 [INFO]   [Val Case 9/50] Running sliding-window inference (shape: (223, 223, 143), overlap: 0.25)...
2026-09-29 01:43:01,117 [INFO]   [Val Case 9/50] Finished in 0.30s | Dice Score: 0.6186
2026-09-29 01:43:01,172 [INFO]   [Val Case 10/50] Running sliding-window inference (shape: (255, 255, 143), overlap: 0.25)...
2026-09-29 01:43:01,580 [INFO]   [Val Case 10/50] Finished in 0.45s | Dice Score: 0.7999
2026-09-29 01:43:01,645 [INFO]   [Val Case 11/50] Running sliding-window inference (shape: (239, 239, 125), overlap: 0.25)...
2026-09-29 01:43:01,854 [INFO]   [Val Case 11/50] Finished in 0.24s | Dice Score: 0.8302
2026-09-29 01:43:01,904 [INFO]   [Val Case 12/50] Running sliding-window inference (shape: (223, 223, 143), overlap: 0.25)...
2026-09-29 01:43:02,143 [INFO]   [Val Case 12/50] Finished in 0.27s | Dice Score: 0.8122
2026-09-29 01:43:02,757 [INFO]   [Val Case 13/50] Running sliding-window inference (shape: (223, 223, 143), overlap: 0.25)...
2026-09-29 01:43:02,993 [INFO]   [Val Case 13/50] Finished in 0.27s | Dice Score: 0.8042
2026-09-29 01:43:03,035 [INFO]   [Val Case 14/50] Running sliding-window inference (shape: (229, 229, 116), overlap: 0.25)...
2026-09-29 01:43:03,243 [INFO]   [Val Case 14/50] Finished in 0.24s | Dice Score: 0.6700
2026-09-29 01:43:03,849 [INFO]   [Val Case 15/50] Running sliding-window inference (shape: (223, 223, 143), overlap: 0.25)...
2026-09-29 01:43:04,090 [INFO]   [Val Case 15/50] Finished in 0.27s | Dice Score: 0.1560
2026-09-29 01:43:04,133 [INFO]   [Val Case 16/50] Running sliding-window inference (shape: (223, 223, 143), overlap: 0.25)...
2026-09-29 01:43:04,387 [INFO]   [Val Case 16/50] Finished in 0.28s | Dice Score: 0.6879
2026-09-29 01:43:04,528 [INFO]   [Val Case 17/50] Running sliding-window inference (shape: (229, 229, 116), overlap: 0.25)...
2026-09-29 01:43:04,733 [INFO]   [Val Case 17/50] Finished in 0.24s | Dice Score: 0.7283
2026-09-29 01:43:04,776 [INFO]   [Val Case 18/50] Running sliding-window inference (shape: (223, 223, 143), overlap: 0.25)...
2026-09-29 01:43:05,018 [INFO]   [Val Case 18/50] Finished in 0.27s | Dice Score: 0.1311
2026-09-29 01:43:05,673 [INFO]   [Val Case 19/50] Running sliding-window inference (shape: (223, 223, 143), overlap: 0.25)...
2026-09-29 01:43:05,910 [INFO]   [Val Case 19/50] Finished in 0.27s | Dice Score: 0.7664
2026-09-29 01:43:05,962 [INFO]   [Val Case 20/50] Running sliding-window inference (shape: (223, 223, 145), overlap: 0.25)...
2026-09-29 01:43:06,215 [INFO]   [Val Case 20/50] Finished in 0.29s | Dice Score: 0.6803
2026-09-29 01:43:06,477 [INFO]   [Val Case 21/50] Running sliding-window inference (shape: (220, 220, 140), overlap: 0.25)...
2026-09-29 01:43:06,744 [INFO]   [Val Case 21/50] Finished in 0.30s | Dice Score: 0.2718
2026-09-29 01:43:06,797 [INFO]   [Val Case 22/50] Running sliding-window inference (shape: (223, 223, 143), overlap: 0.25)...
2026-09-29 01:43:07,054 [INFO]   [Val Case 22/50] Finished in 0.29s | Dice Score: 0.8690
2026-09-29 01:43:07,610 [INFO]   [Val Case 23/50] Running sliding-window inference (shape: (223, 223, 145), overlap: 0.25)...
2026-09-29 01:43:07,865 [INFO]   [Val Case 23/50] Finished in 0.30s | Dice Score: 0.0419
2026-09-29 01:43:07,915 [INFO]   [Val Case 24/50] Running sliding-window inference (shape: (223, 223, 143), overlap: 0.25)...
2026-09-29 01:43:08,168 [INFO]   [Val Case 24/50] Finished in 0.28s | Dice Score: 0.4745
2026-09-29 01:43:08,803 [INFO]   [Val Case 25/50] Running sliding-window inference (shape: (223, 223, 143), overlap: 0.25)...
2026-09-29 01:43:09,039 [INFO]   [Val Case 25/50] Finished in 0.27s | Dice Score: 0.6739
2026-09-29 01:43:09,097 [INFO]   [Val Case 26/50] Running sliding-window inference (shape: (259, 259, 129), overlap: 0.25)...
2026-09-29 01:43:09,519 [INFO]   [Val Case 26/50] Finished in 0.47s | Dice Score: 0.0000
2026-09-29 01:43:09,988 [INFO]   [Val Case 27/50] Running sliding-window inference (shape: (223, 223, 143), overlap: 0.25)...
2026-09-29 01:43:10,246 [INFO]   [Val Case 27/50] Finished in 0.29s | Dice Score: 0.4494
2026-09-29 01:43:10,310 [INFO]   [Val Case 28/50] Running sliding-window inference (shape: (223, 223, 145), overlap: 0.25)...
2026-09-29 01:43:10,579 [INFO]   [Val Case 28/50] Finished in 0.32s | Dice Score: 0.6419
2026-09-29 01:43:10,834 [INFO]   [Val Case 29/50] Running sliding-window inference (shape: (223, 223, 145), overlap: 0.25)...
2026-09-29 01:43:11,071 [INFO]   [Val Case 29/50] Finished in 0.27s | Dice Score: 0.7651
2026-09-29 01:43:11,117 [INFO]   [Val Case 30/50] Running sliding-window inference (shape: (223, 223, 145), overlap: 0.25)...
2026-09-29 01:43:11,362 [INFO]   [Val Case 30/50] Finished in 0.28s | Dice Score: 0.8220
2026-09-29 01:43:11,650 [INFO]   [Val Case 31/50] Running sliding-window inference (shape: (220, 220, 140), overlap: 0.25)...
2026-09-29 01:43:11,891 [INFO]   [Val Case 31/50] Finished in 0.28s | Dice Score: 0.7632
2026-09-29 01:43:11,983 [INFO]   [Val Case 32/50] Running sliding-window inference (shape: (223, 223, 145), overlap: 0.25)...
2026-09-29 01:43:12,218 [INFO]   [Val Case 32/50] Finished in 0.27s | Dice Score: 0.2798
2026-09-29 01:43:12,494 [INFO]   [Val Case 33/50] Running sliding-window inference (shape: (229, 229, 139), overlap: 0.25)...
2026-09-29 01:43:12,737 [INFO]   [Val Case 33/50] Finished in 0.28s | Dice Score: 0.2843
2026-09-29 01:43:13,176 [INFO]   [Val Case 34/50] Running sliding-window inference (shape: (223, 223, 143), overlap: 0.25)...
2026-09-29 01:43:13,420 [INFO]   [Val Case 34/50] Finished in 0.27s | Dice Score: 0.4368
2026-09-29 01:43:13,707 [INFO]   [Val Case 35/50] Running sliding-window inference (shape: (223, 223, 143), overlap: 0.25)...
2026-09-29 01:43:13,941 [INFO]   [Val Case 35/50] Finished in 0.26s | Dice Score: 0.7065
2026-09-29 01:43:14,325 [INFO]   [Val Case 36/50] Running sliding-window inference (shape: (223, 223, 145), overlap: 0.25)...
2026-09-29 01:43:14,570 [INFO]   [Val Case 36/50] Finished in 0.28s | Dice Score: 0.5154
2026-09-29 01:43:14,863 [INFO]   [Val Case 37/50] Running sliding-window inference (shape: (223, 223, 143), overlap: 0.25)...
2026-09-29 01:43:15,108 [INFO]   [Val Case 37/50] Finished in 0.28s | Dice Score: 0.8099
2026-09-29 01:43:15,184 [INFO]   [Val Case 38/50] Running sliding-window inference (shape: (229, 229, 116), overlap: 0.25)...
2026-09-29 01:43:15,403 [INFO]   [Val Case 38/50] Finished in 0.27s | Dice Score: 0.6734
2026-09-29 01:43:16,089 [INFO]   [Val Case 39/50] Running sliding-window inference (shape: (223, 223, 151), overlap: 0.25)...
2026-09-29 01:43:16,329 [INFO]   [Val Case 39/50] Finished in 0.27s | Dice Score: 0.2110
2026-09-29 01:43:16,378 [INFO]   [Val Case 40/50] Running sliding-window inference (shape: (223, 223, 143), overlap: 0.25)...
2026-09-29 01:43:16,624 [INFO]   [Val Case 40/50] Finished in 0.28s | Dice Score: 0.3240
2026-09-29 01:43:17,330 [INFO]   [Val Case 41/50] Running sliding-window inference (shape: (223, 223, 143), overlap: 0.25)...
2026-09-29 01:43:17,570 [INFO]   [Val Case 41/50] Finished in 0.27s | Dice Score: 0.6671
2026-09-29 01:43:17,635 [INFO]   [Val Case 42/50] Running sliding-window inference (shape: (223, 223, 143), overlap: 0.25)...
2026-09-29 01:43:17,884 [INFO]   [Val Case 42/50] Finished in 0.29s | Dice Score: 0.3354
2026-09-29 01:43:18,555 [INFO]   [Val Case 43/50] Running sliding-window inference (shape: (223, 223, 145), overlap: 0.25)...
2026-09-29 01:43:18,797 [INFO]   [Val Case 43/50] Finished in 0.27s | Dice Score: 0.7519
2026-09-29 01:43:18,838 [INFO]   [Val Case 44/50] Running sliding-window inference (shape: (229, 229, 116), overlap: 0.25)...
2026-09-29 01:43:19,056 [INFO]   [Val Case 44/50] Finished in 0.24s | Dice Score: 0.5896
2026-09-29 01:43:19,694 [INFO]   [Val Case 45/50] Running sliding-window inference (shape: (223, 223, 143), overlap: 0.25)...
2026-09-29 01:43:19,963 [INFO]   [Val Case 45/50] Finished in 0.32s | Dice Score: 0.5790
2026-09-29 01:43:20,017 [INFO]   [Val Case 46/50] Running sliding-window inference (shape: (223, 223, 145), overlap: 0.25)...
2026-09-29 01:43:20,256 [INFO]   [Val Case 46/50] Finished in 0.28s | Dice Score: 0.7707
2026-09-29 01:43:20,775 [INFO]   [Val Case 47/50] Running sliding-window inference (shape: (223, 223, 145), overlap: 0.25)...
2026-09-29 01:43:21,013 [INFO]   [Val Case 47/50] Finished in 0.27s | Dice Score: 0.4991
2026-09-29 01:43:21,061 [INFO]   [Val Case 48/50] Running sliding-window inference (shape: (223, 223, 143), overlap: 0.25)...
2026-09-29 01:43:21,299 [INFO]   [Val Case 48/50] Finished in 0.27s | Dice Score: 0.7320
2026-09-29 01:43:21,832 [INFO]   [Val Case 49/50] Running sliding-window inference (shape: (223, 223, 143), overlap: 0.25)...
2026-09-29 01:43:22,064 [INFO]   [Val Case 49/50] Finished in 0.26s | Dice Score: 0.0000
2026-09-29 01:43:22,105 [INFO]   [Val Case 50/50] Running sliding-window inference (shape: (223, 223, 143), overlap: 0.25)...
2026-09-29 01:43:22,330 [INFO]   [Val Case 50/50] Finished in 0.25s | Dice Score: 0.8401
2026-09-29 01:43:22,924 [INFO] Epoch 25 Validation (33.9s): Mean Dice: 0.5328 (50 subjects)
2026-09-29 01:43:22,953 [INFO] --> New best metric model saved (Dice: 0.5328) at G:\PROJECT\PBL6-main\experiments\runs\segresnet_fold0_20260929_003648\best_metric_model.pth
2026-09-29 01:43:22,979 [INFO] ---------------------------------------------------------------------------
2026-09-29 01:43:22,979 [INFO] Starting Epoch 26/30 (LR: 6.70e-05)...
2026-09-29 01:43:42,363 [INFO]     [Train Batch 25/200] Step Loss: 0.9025 | Running Avg Loss: 0.5735
2026-09-29 01:44:00,503 [INFO]     [Train Batch 50/200] Step Loss: 0.5890 | Running Avg Loss: 0.5598
2026-09-29 01:44:14,112 [INFO]     [Train Batch 75/200] Step Loss: 0.1250 | Running Avg Loss: 0.5225
2026-09-29 01:44:26,398 [INFO]     [Train Batch 100/200] Step Loss: 0.6949 | Running Avg Loss: 0.4992
2026-09-29 01:44:43,054 [INFO]     [Train Batch 125/200] Step Loss: 0.4868 | Running Avg Loss: 0.4912
2026-09-29 01:44:59,798 [INFO]     [Train Batch 150/200] Step Loss: 0.5383 | Running Avg Loss: 0.5050
2026-09-29 01:45:12,283 [INFO]     [Train Batch 175/200] Step Loss: 0.3430 | Running Avg Loss: 0.5055
2026-09-29 01:45:24,682 [INFO]     [Train Batch 200/200] Step Loss: 0.3917 | Running Avg Loss: 0.5080
2026-09-29 01:45:25,340 [INFO] Epoch 26/30 (122.4s) - Train Loss: 0.5080 | LR: 4.32e-05
2026-09-29 01:45:32,882 [INFO]   [Val Case 1/50] Running sliding-window inference (shape: (223, 223, 145), overlap: 0.25)...
2026-09-29 01:45:33,337 [INFO]   [Val Case 1/50] Finished in 0.52s | Dice Score: 0.1708
2026-09-29 01:45:33,397 [INFO]   [Val Case 2/50] Running sliding-window inference (shape: (223, 223, 145), overlap: 0.25)...
2026-09-29 01:45:33,632 [INFO]   [Val Case 2/50] Finished in 0.27s | Dice Score: 0.0000
2026-09-29 01:45:34,086 [INFO]   [Val Case 3/50] Running sliding-window inference (shape: (223, 223, 143), overlap: 0.25)...
2026-09-29 01:45:34,372 [INFO]   [Val Case 3/50] Finished in 0.32s | Dice Score: 0.3761
2026-09-29 01:45:34,419 [INFO]   [Val Case 4/50] Running sliding-window inference (shape: (223, 223, 145), overlap: 0.25)...
2026-09-29 01:45:34,661 [INFO]   [Val Case 4/50] Finished in 0.27s | Dice Score: 0.5547
2026-09-29 01:45:35,334 [INFO]   [Val Case 5/50] Running sliding-window inference (shape: (223, 223, 145), overlap: 0.25)...
2026-09-29 01:45:35,584 [INFO]   [Val Case 5/50] Finished in 0.29s | Dice Score: 0.8815
2026-09-29 01:45:35,626 [INFO]   [Val Case 6/50] Running sliding-window inference (shape: (229, 229, 116), overlap: 0.25)...
2026-09-29 01:45:35,828 [INFO]   [Val Case 6/50] Finished in 0.23s | Dice Score: 0.1079
2026-09-29 01:45:36,031 [INFO]   [Val Case 7/50] Running sliding-window inference (shape: (229, 229, 116), overlap: 0.25)...
2026-09-29 01:45:36,240 [INFO]   [Val Case 7/50] Finished in 0.23s | Dice Score: 0.7176
2026-09-29 01:45:36,282 [INFO]   [Val Case 8/50] Running sliding-window inference (shape: (220, 220, 140), overlap: 0.25)...
2026-09-29 01:45:36,535 [INFO]   [Val Case 8/50] Finished in 0.28s | Dice Score: 0.0523
2026-09-29 01:45:37,220 [INFO]   [Val Case 9/50] Running sliding-window inference (shape: (223, 223, 143), overlap: 0.25)...
2026-09-29 01:45:37,466 [INFO]   [Val Case 9/50] Finished in 0.28s | Dice Score: 0.4669
2026-09-29 01:45:37,519 [INFO]   [Val Case 10/50] Running sliding-window inference (shape: (255, 255, 143), overlap: 0.25)...
2026-09-29 01:45:37,934 [INFO]   [Val Case 10/50] Finished in 0.45s | Dice Score: 0.7139
2026-09-29 01:45:38,156 [INFO]   [Val Case 11/50] Running sliding-window inference (shape: (239, 239, 125), overlap: 0.25)...
2026-09-29 01:45:38,381 [INFO]   [Val Case 11/50] Finished in 0.26s | Dice Score: 0.8429
2026-09-29 01:45:38,441 [INFO]   [Val Case 12/50] Running sliding-window inference (shape: (223, 223, 143), overlap: 0.25)...
2026-09-29 01:45:38,685 [INFO]   [Val Case 12/50] Finished in 0.28s | Dice Score: 0.8118
2026-09-29 01:45:39,331 [INFO]   [Val Case 13/50] Running sliding-window inference (shape: (223, 223, 143), overlap: 0.25)...
2026-09-29 01:45:39,593 [INFO]   [Val Case 13/50] Finished in 0.29s | Dice Score: 0.8766
2026-09-29 01:45:39,634 [INFO]   [Val Case 14/50] Running sliding-window inference (shape: (229, 229, 116), overlap: 0.25)...
2026-09-29 01:45:39,842 [INFO]   [Val Case 14/50] Finished in 0.23s | Dice Score: 0.5644
2026-09-29 01:45:40,578 [INFO]   [Val Case 15/50] Running sliding-window inference (shape: (223, 223, 143), overlap: 0.25)...
2026-09-29 01:45:40,837 [INFO]   [Val Case 15/50] Finished in 0.29s | Dice Score: 0.1658
2026-09-29 01:45:40,885 [INFO]   [Val Case 16/50] Running sliding-window inference (shape: (223, 223, 143), overlap: 0.25)...
2026-09-29 01:45:41,127 [INFO]   [Val Case 16/50] Finished in 0.28s | Dice Score: 0.5943
2026-09-29 01:45:41,364 [INFO]   [Val Case 17/50] Running sliding-window inference (shape: (229, 229, 116), overlap: 0.25)...
2026-09-29 01:45:41,559 [INFO]   [Val Case 17/50] Finished in 0.22s | Dice Score: 0.6993
2026-09-29 01:45:41,626 [INFO]   [Val Case 18/50] Running sliding-window inference (shape: (223, 223, 143), overlap: 0.25)...
2026-09-29 01:45:41,887 [INFO]   [Val Case 18/50] Finished in 0.31s | Dice Score: 0.1326
2026-09-29 01:45:42,708 [INFO]   [Val Case 19/50] Running sliding-window inference (shape: (223, 223, 143), overlap: 0.25)...
2026-09-29 01:45:42,944 [INFO]   [Val Case 19/50] Finished in 0.27s | Dice Score: 0.6698
2026-09-29 01:45:42,991 [INFO]   [Val Case 20/50] Running sliding-window inference (shape: (223, 223, 145), overlap: 0.25)...
2026-09-29 01:45:43,237 [INFO]   [Val Case 20/50] Finished in 0.28s | Dice Score: 0.5264
2026-09-29 01:45:43,557 [INFO]   [Val Case 21/50] Running sliding-window inference (shape: (220, 220, 140), overlap: 0.25)...
2026-09-29 01:45:43,794 [INFO]   [Val Case 21/50] Finished in 0.27s | Dice Score: 0.4026
2026-09-29 01:45:43,841 [INFO]   [Val Case 22/50] Running sliding-window inference (shape: (223, 223, 143), overlap: 0.25)...
2026-09-29 01:45:44,098 [INFO]   [Val Case 22/50] Finished in 0.29s | Dice Score: 0.8486
2026-09-29 01:45:44,834 [INFO]   [Val Case 23/50] Running sliding-window inference (shape: (223, 223, 145), overlap: 0.25)...
2026-09-29 01:45:45,068 [INFO]   [Val Case 23/50] Finished in 0.26s | Dice Score: 0.0097
2026-09-29 01:45:45,128 [INFO]   [Val Case 24/50] Running sliding-window inference (shape: (223, 223, 143), overlap: 0.25)...
2026-09-29 01:45:45,380 [INFO]   [Val Case 24/50] Finished in 0.30s | Dice Score: 0.1241
2026-09-29 01:45:46,079 [INFO]   [Val Case 25/50] Running sliding-window inference (shape: (223, 223, 143), overlap: 0.25)...
2026-09-29 01:45:46,340 [INFO]   [Val Case 25/50] Finished in 0.30s | Dice Score: 0.1430
2026-09-29 01:45:46,393 [INFO]   [Val Case 26/50] Running sliding-window inference (shape: (259, 259, 129), overlap: 0.25)...
2026-09-29 01:45:46,811 [INFO]   [Val Case 26/50] Finished in 0.46s | Dice Score: 0.0001
2026-09-29 01:45:47,272 [INFO]   [Val Case 27/50] Running sliding-window inference (shape: (223, 223, 143), overlap: 0.25)...
2026-09-29 01:45:47,586 [INFO]   [Val Case 27/50] Finished in 0.36s | Dice Score: 0.2457
2026-09-29 01:45:47,631 [INFO]   [Val Case 28/50] Running sliding-window inference (shape: (223, 223, 145), overlap: 0.25)...
2026-09-29 01:45:47,889 [INFO]   [Val Case 28/50] Finished in 0.29s | Dice Score: 0.5266
2026-09-29 01:45:48,238 [INFO]   [Val Case 29/50] Running sliding-window inference (shape: (223, 223, 145), overlap: 0.25)...
2026-09-29 01:45:48,517 [INFO]   [Val Case 29/50] Finished in 0.34s | Dice Score: 0.8064
2026-09-29 01:45:48,562 [INFO]   [Val Case 30/50] Running sliding-window inference (shape: (223, 223, 145), overlap: 0.25)...
2026-09-29 01:45:48,803 [INFO]   [Val Case 30/50] Finished in 0.27s | Dice Score: 0.7637
2026-09-29 01:45:49,021 [INFO]   [Val Case 31/50] Running sliding-window inference (shape: (220, 220, 140), overlap: 0.25)...
2026-09-29 01:45:49,260 [INFO]   [Val Case 31/50] Finished in 0.27s | Dice Score: 0.8026
2026-09-29 01:45:49,307 [INFO]   [Val Case 32/50] Running sliding-window inference (shape: (223, 223, 145), overlap: 0.25)...
2026-09-29 01:45:49,554 [INFO]   [Val Case 32/50] Finished in 0.28s | Dice Score: 0.1478
2026-09-29 01:45:49,936 [INFO]   [Val Case 33/50] Running sliding-window inference (shape: (229, 229, 139), overlap: 0.25)...
2026-09-29 01:45:50,177 [INFO]   [Val Case 33/50] Finished in 0.27s | Dice Score: 0.1367
2026-09-29 01:45:50,246 [INFO]   [Val Case 34/50] Running sliding-window inference (shape: (223, 223, 143), overlap: 0.25)...
2026-09-29 01:45:50,508 [INFO]   [Val Case 34/50] Finished in 0.31s | Dice Score: 0.5787
2026-09-29 01:45:51,187 [INFO]   [Val Case 35/50] Running sliding-window inference (shape: (223, 223, 143), overlap: 0.25)...
2026-09-29 01:45:51,427 [INFO]   [Val Case 35/50] Finished in 0.27s | Dice Score: 0.6996
2026-09-29 01:45:51,481 [INFO]   [Val Case 36/50] Running sliding-window inference (shape: (223, 223, 145), overlap: 0.25)...
2026-09-29 01:45:51,720 [INFO]   [Val Case 36/50] Finished in 0.27s | Dice Score: 0.3043
2026-09-29 01:45:52,334 [INFO]   [Val Case 37/50] Running sliding-window inference (shape: (223, 223, 143), overlap: 0.25)...
2026-09-29 01:45:52,573 [INFO]   [Val Case 37/50] Finished in 0.27s | Dice Score: 0.8206
2026-09-29 01:45:52,631 [INFO]   [Val Case 38/50] Running sliding-window inference (shape: (229, 229, 116), overlap: 0.25)...
2026-09-29 01:45:52,840 [INFO]   [Val Case 38/50] Finished in 0.25s | Dice Score: 0.6416
2026-09-29 01:45:53,545 [INFO]   [Val Case 39/50] Running sliding-window inference (shape: (223, 223, 151), overlap: 0.25)...
2026-09-29 01:45:53,802 [INFO]   [Val Case 39/50] Finished in 0.29s | Dice Score: 0.4437
2026-09-29 01:45:53,855 [INFO]   [Val Case 40/50] Running sliding-window inference (shape: (223, 223, 143), overlap: 0.25)...
2026-09-29 01:45:54,105 [INFO]   [Val Case 40/50] Finished in 0.29s | Dice Score: 0.4293
2026-09-29 01:45:54,832 [INFO]   [Val Case 41/50] Running sliding-window inference (shape: (223, 223, 143), overlap: 0.25)...
2026-09-29 01:45:55,117 [INFO]   [Val Case 41/50] Finished in 0.31s | Dice Score: 0.4017
2026-09-29 01:45:55,167 [INFO]   [Val Case 42/50] Running sliding-window inference (shape: (223, 223, 143), overlap: 0.25)...
2026-09-29 01:45:55,428 [INFO]   [Val Case 42/50] Finished in 0.29s | Dice Score: 0.5629
2026-09-29 01:45:56,126 [INFO]   [Val Case 43/50] Running sliding-window inference (shape: (223, 223, 145), overlap: 0.25)...
2026-09-29 01:45:56,468 [INFO]   [Val Case 43/50] Finished in 0.38s | Dice Score: 0.7322
2026-09-29 01:45:56,514 [INFO]   [Val Case 44/50] Running sliding-window inference (shape: (229, 229, 116), overlap: 0.25)...
2026-09-29 01:45:56,713 [INFO]   [Val Case 44/50] Finished in 0.23s | Dice Score: 0.5680
2026-09-29 01:45:57,301 [INFO]   [Val Case 45/50] Running sliding-window inference (shape: (223, 223, 143), overlap: 0.25)...
2026-09-29 01:45:57,565 [INFO]   [Val Case 45/50] Finished in 0.30s | Dice Score: 0.7722
2026-09-29 01:45:57,622 [INFO]   [Val Case 46/50] Running sliding-window inference (shape: (223, 223, 145), overlap: 0.25)...
2026-09-29 01:45:57,856 [INFO]   [Val Case 46/50] Finished in 0.27s | Dice Score: 0.7314
2026-09-29 01:45:58,396 [INFO]   [Val Case 47/50] Running sliding-window inference (shape: (223, 223, 145), overlap: 0.25)...
2026-09-29 01:45:58,638 [INFO]   [Val Case 47/50] Finished in 0.28s | Dice Score: 0.1657
2026-09-29 01:45:58,690 [INFO]   [Val Case 48/50] Running sliding-window inference (shape: (223, 223, 143), overlap: 0.25)...
2026-09-29 01:45:58,947 [INFO]   [Val Case 48/50] Finished in 0.29s | Dice Score: 0.6396
2026-09-29 01:45:59,511 [INFO]   [Val Case 49/50] Running sliding-window inference (shape: (223, 223, 143), overlap: 0.25)...
2026-09-29 01:45:59,785 [INFO]   [Val Case 49/50] Finished in 0.30s | Dice Score: 0.0000
2026-09-29 01:45:59,825 [INFO]   [Val Case 50/50] Running sliding-window inference (shape: (223, 223, 143), overlap: 0.25)...
2026-09-29 01:46:00,100 [INFO]   [Val Case 50/50] Finished in 0.30s | Dice Score: 0.8256
2026-09-29 01:46:00,706 [INFO] Epoch 26 Validation (35.4s): Mean Dice: 0.4840 (50 subjects)
2026-09-29 01:46:00,735 [INFO] ---------------------------------------------------------------------------
2026-09-29 01:46:00,735 [INFO] Starting Epoch 27/30 (LR: 4.32e-05)...
2026-09-29 01:46:20,544 [INFO]     [Train Batch 25/200] Step Loss: 0.1734 | Running Avg Loss: 0.5352
2026-09-29 01:46:34,119 [INFO]     [Train Batch 50/200] Step Loss: 0.6940 | Running Avg Loss: 0.5496
2026-09-29 01:46:46,240 [INFO]     [Train Batch 75/200] Step Loss: 0.2349 | Running Avg Loss: 0.5408
2026-09-29 01:46:59,057 [INFO]     [Train Batch 100/200] Step Loss: 0.6177 | Running Avg Loss: 0.5360
2026-09-29 01:47:12,376 [INFO]     [Train Batch 125/200] Step Loss: 0.5074 | Running Avg Loss: 0.5360
2026-09-29 01:47:30,092 [INFO]     [Train Batch 150/200] Step Loss: 0.2452 | Running Avg Loss: 0.5274
2026-09-29 01:47:42,359 [INFO]     [Train Batch 175/200] Step Loss: 0.2113 | Running Avg Loss: 0.5403
2026-09-29 01:48:04,737 [INFO]     [Train Batch 200/200] Step Loss: 0.1524 | Running Avg Loss: 0.5403
2026-09-29 01:48:05,391 [INFO] Epoch 27/30 (124.7s) - Train Loss: 0.5403 | LR: 2.45e-05
2026-09-29 01:48:13,035 [INFO]   [Val Case 1/50] Running sliding-window inference (shape: (223, 223, 145), overlap: 0.25)...
2026-09-29 01:48:13,381 [INFO]   [Val Case 1/50] Finished in 0.41s | Dice Score: 0.1371
2026-09-29 01:48:13,441 [INFO]   [Val Case 2/50] Running sliding-window inference (shape: (223, 223, 145), overlap: 0.25)...
2026-09-29 01:48:13,681 [INFO]   [Val Case 2/50] Finished in 0.28s | Dice Score: 0.0000
2026-09-29 01:48:14,241 [INFO]   [Val Case 3/50] Running sliding-window inference (shape: (223, 223, 143), overlap: 0.25)...
2026-09-29 01:48:14,480 [INFO]   [Val Case 3/50] Finished in 0.27s | Dice Score: 0.3465
2026-09-29 01:48:14,531 [INFO]   [Val Case 4/50] Running sliding-window inference (shape: (223, 223, 145), overlap: 0.25)...
2026-09-29 01:48:14,773 [INFO]   [Val Case 4/50] Finished in 0.28s | Dice Score: 0.5034
2026-09-29 01:48:15,470 [INFO]   [Val Case 5/50] Running sliding-window inference (shape: (223, 223, 145), overlap: 0.25)...
2026-09-29 01:48:15,712 [INFO]   [Val Case 5/50] Finished in 0.28s | Dice Score: 0.8835
2026-09-29 01:48:15,752 [INFO]   [Val Case 6/50] Running sliding-window inference (shape: (229, 229, 116), overlap: 0.25)...
2026-09-29 01:48:15,952 [INFO]   [Val Case 6/50] Finished in 0.22s | Dice Score: 0.0863
2026-09-29 01:48:16,166 [INFO]   [Val Case 7/50] Running sliding-window inference (shape: (229, 229, 116), overlap: 0.25)...
2026-09-29 01:48:16,366 [INFO]   [Val Case 7/50] Finished in 0.23s | Dice Score: 0.7192
2026-09-29 01:48:16,408 [INFO]   [Val Case 8/50] Running sliding-window inference (shape: (220, 220, 140), overlap: 0.25)...
2026-09-29 01:48:16,649 [INFO]   [Val Case 8/50] Finished in 0.27s | Dice Score: 0.0486
2026-09-29 01:48:17,232 [INFO]   [Val Case 9/50] Running sliding-window inference (shape: (223, 223, 143), overlap: 0.25)...
2026-09-29 01:48:17,515 [INFO]   [Val Case 9/50] Finished in 0.31s | Dice Score: 0.4336
2026-09-29 01:48:17,579 [INFO]   [Val Case 10/50] Running sliding-window inference (shape: (255, 255, 143), overlap: 0.25)...
2026-09-29 01:48:18,001 [INFO]   [Val Case 10/50] Finished in 0.46s | Dice Score: 0.6764
2026-09-29 01:48:18,067 [INFO]   [Val Case 11/50] Running sliding-window inference (shape: (239, 239, 125), overlap: 0.25)...
2026-09-29 01:48:18,274 [INFO]   [Val Case 11/50] Finished in 0.24s | Dice Score: 0.8418
2026-09-29 01:48:18,326 [INFO]   [Val Case 12/50] Running sliding-window inference (shape: (223, 223, 143), overlap: 0.25)...
2026-09-29 01:48:18,568 [INFO]   [Val Case 12/50] Finished in 0.27s | Dice Score: 0.8161
2026-09-29 01:48:19,170 [INFO]   [Val Case 13/50] Running sliding-window inference (shape: (223, 223, 143), overlap: 0.25)...
2026-09-29 01:48:19,415 [INFO]   [Val Case 13/50] Finished in 0.28s | Dice Score: 0.8786
2026-09-29 01:48:19,455 [INFO]   [Val Case 14/50] Running sliding-window inference (shape: (229, 229, 116), overlap: 0.25)...
2026-09-29 01:48:19,669 [INFO]   [Val Case 14/50] Finished in 0.24s | Dice Score: 0.5476
2026-09-29 01:48:20,296 [INFO]   [Val Case 15/50] Running sliding-window inference (shape: (223, 223, 143), overlap: 0.25)...
2026-09-29 01:48:20,536 [INFO]   [Val Case 15/50] Finished in 0.28s | Dice Score: 0.1602
2026-09-29 01:48:20,579 [INFO]   [Val Case 16/50] Running sliding-window inference (shape: (223, 223, 143), overlap: 0.25)...
2026-09-29 01:48:20,825 [INFO]   [Val Case 16/50] Finished in 0.28s | Dice Score: 0.5126
2026-09-29 01:48:21,032 [INFO]   [Val Case 17/50] Running sliding-window inference (shape: (229, 229, 116), overlap: 0.25)...
2026-09-29 01:48:21,232 [INFO]   [Val Case 17/50] Finished in 0.23s | Dice Score: 0.7127
2026-09-29 01:48:21,281 [INFO]   [Val Case 18/50] Running sliding-window inference (shape: (223, 223, 143), overlap: 0.25)...
2026-09-29 01:48:21,533 [INFO]   [Val Case 18/50] Finished in 0.29s | Dice Score: 0.0893
2026-09-29 01:48:22,155 [INFO]   [Val Case 19/50] Running sliding-window inference (shape: (223, 223, 143), overlap: 0.25)...
2026-09-29 01:48:22,394 [INFO]   [Val Case 19/50] Finished in 0.27s | Dice Score: 0.6118
2026-09-29 01:48:22,452 [INFO]   [Val Case 20/50] Running sliding-window inference (shape: (223, 223, 145), overlap: 0.25)...
2026-09-29 01:48:22,691 [INFO]   [Val Case 20/50] Finished in 0.28s | Dice Score: 0.5039
2026-09-29 01:48:22,964 [INFO]   [Val Case 21/50] Running sliding-window inference (shape: (220, 220, 140), overlap: 0.25)...
2026-09-29 01:48:23,230 [INFO]   [Val Case 21/50] Finished in 0.30s | Dice Score: 0.4175
2026-09-29 01:48:23,280 [INFO]   [Val Case 22/50] Running sliding-window inference (shape: (223, 223, 143), overlap: 0.25)...
2026-09-29 01:48:23,517 [INFO]   [Val Case 22/50] Finished in 0.27s | Dice Score: 0.8341
2026-09-29 01:48:24,020 [INFO]   [Val Case 23/50] Running sliding-window inference (shape: (223, 223, 145), overlap: 0.25)...
2026-09-29 01:48:24,260 [INFO]   [Val Case 23/50] Finished in 0.27s | Dice Score: 0.0075
2026-09-29 01:48:24,311 [INFO]   [Val Case 24/50] Running sliding-window inference (shape: (223, 223, 143), overlap: 0.25)...
2026-09-29 01:48:24,552 [INFO]   [Val Case 24/50] Finished in 0.28s | Dice Score: 0.0870
2026-09-29 01:48:25,206 [INFO]   [Val Case 25/50] Running sliding-window inference (shape: (223, 223, 143), overlap: 0.25)...
2026-09-29 01:48:25,441 [INFO]   [Val Case 25/50] Finished in 0.27s | Dice Score: 0.1006
2026-09-29 01:48:25,499 [INFO]   [Val Case 26/50] Running sliding-window inference (shape: (259, 259, 129), overlap: 0.25)...
2026-09-29 01:48:25,908 [INFO]   [Val Case 26/50] Finished in 0.45s | Dice Score: 0.0000
2026-09-29 01:48:26,345 [INFO]   [Val Case 27/50] Running sliding-window inference (shape: (223, 223, 143), overlap: 0.25)...
2026-09-29 01:48:26,621 [INFO]   [Val Case 27/50] Finished in 0.31s | Dice Score: 0.2257
2026-09-29 01:48:26,674 [INFO]   [Val Case 28/50] Running sliding-window inference (shape: (223, 223, 145), overlap: 0.25)...
2026-09-29 01:48:26,937 [INFO]   [Val Case 28/50] Finished in 0.30s | Dice Score: 0.4730
2026-09-29 01:48:27,270 [INFO]   [Val Case 29/50] Running sliding-window inference (shape: (223, 223, 145), overlap: 0.25)...
2026-09-29 01:48:27,509 [INFO]   [Val Case 29/50] Finished in 0.27s | Dice Score: 0.8078
2026-09-29 01:48:27,556 [INFO]   [Val Case 30/50] Running sliding-window inference (shape: (223, 223, 145), overlap: 0.25)...
2026-09-29 01:48:27,796 [INFO]   [Val Case 30/50] Finished in 0.27s | Dice Score: 0.7368
2026-09-29 01:48:28,063 [INFO]   [Val Case 31/50] Running sliding-window inference (shape: (220, 220, 140), overlap: 0.25)...
2026-09-29 01:48:28,310 [INFO]   [Val Case 31/50] Finished in 0.28s | Dice Score: 0.7925
2026-09-29 01:48:28,367 [INFO]   [Val Case 32/50] Running sliding-window inference (shape: (223, 223, 145), overlap: 0.25)...
2026-09-29 01:48:28,629 [INFO]   [Val Case 32/50] Finished in 0.30s | Dice Score: 0.1060
2026-09-29 01:48:28,920 [INFO]   [Val Case 33/50] Running sliding-window inference (shape: (229, 229, 139), overlap: 0.25)...
2026-09-29 01:48:29,164 [INFO]   [Val Case 33/50] Finished in 0.27s | Dice Score: 0.1255
2026-09-29 01:48:29,524 [INFO]   [Val Case 34/50] Running sliding-window inference (shape: (223, 223, 143), overlap: 0.25)...
2026-09-29 01:48:29,821 [INFO]   [Val Case 34/50] Finished in 0.33s | Dice Score: 0.5722
2026-09-29 01:48:30,093 [INFO]   [Val Case 35/50] Running sliding-window inference (shape: (223, 223, 143), overlap: 0.25)...
2026-09-29 01:48:30,362 [INFO]   [Val Case 35/50] Finished in 0.30s | Dice Score: 0.6609
2026-09-29 01:48:30,687 [INFO]   [Val Case 36/50] Running sliding-window inference (shape: (223, 223, 145), overlap: 0.25)...
2026-09-29 01:48:30,935 [INFO]   [Val Case 36/50] Finished in 0.28s | Dice Score: 0.2220
2026-09-29 01:48:31,269 [INFO]   [Val Case 37/50] Running sliding-window inference (shape: (223, 223, 143), overlap: 0.25)...
2026-09-29 01:48:31,508 [INFO]   [Val Case 37/50] Finished in 0.27s | Dice Score: 0.8240
2026-09-29 01:48:31,554 [INFO]   [Val Case 38/50] Running sliding-window inference (shape: (229, 229, 116), overlap: 0.25)...
2026-09-29 01:48:31,769 [INFO]   [Val Case 38/50] Finished in 0.24s | Dice Score: 0.6619
2026-09-29 01:48:32,468 [INFO]   [Val Case 39/50] Running sliding-window inference (shape: (223, 223, 151), overlap: 0.25)...
2026-09-29 01:48:32,721 [INFO]   [Val Case 39/50] Finished in 0.29s | Dice Score: 0.4540
2026-09-29 01:48:32,767 [INFO]   [Val Case 40/50] Running sliding-window inference (shape: (223, 223, 143), overlap: 0.25)...
2026-09-29 01:48:33,022 [INFO]   [Val Case 40/50] Finished in 0.28s | Dice Score: 0.3983
2026-09-29 01:48:33,718 [INFO]   [Val Case 41/50] Running sliding-window inference (shape: (223, 223, 143), overlap: 0.25)...
2026-09-29 01:48:33,955 [INFO]   [Val Case 41/50] Finished in 0.27s | Dice Score: 0.2483
2026-09-29 01:48:33,999 [INFO]   [Val Case 42/50] Running sliding-window inference (shape: (223, 223, 143), overlap: 0.25)...
2026-09-29 01:48:34,253 [INFO]   [Val Case 42/50] Finished in 0.28s | Dice Score: 0.5739
2026-09-29 01:48:34,936 [INFO]   [Val Case 43/50] Running sliding-window inference (shape: (223, 223, 145), overlap: 0.25)...
2026-09-29 01:48:35,228 [INFO]   [Val Case 43/50] Finished in 0.33s | Dice Score: 0.7103
2026-09-29 01:48:35,275 [INFO]   [Val Case 44/50] Running sliding-window inference (shape: (229, 229, 116), overlap: 0.25)...
2026-09-29 01:48:35,485 [INFO]   [Val Case 44/50] Finished in 0.24s | Dice Score: 0.5856
2026-09-29 01:48:36,101 [INFO]   [Val Case 45/50] Running sliding-window inference (shape: (223, 223, 143), overlap: 0.25)...
2026-09-29 01:48:36,375 [INFO]   [Val Case 45/50] Finished in 0.30s | Dice Score: 0.7755
2026-09-29 01:48:36,435 [INFO]   [Val Case 46/50] Running sliding-window inference (shape: (223, 223, 145), overlap: 0.25)...
2026-09-29 01:48:36,676 [INFO]   [Val Case 46/50] Finished in 0.28s | Dice Score: 0.6748
2026-09-29 01:48:37,234 [INFO]   [Val Case 47/50] Running sliding-window inference (shape: (223, 223, 145), overlap: 0.25)...
2026-09-29 01:48:37,474 [INFO]   [Val Case 47/50] Finished in 0.27s | Dice Score: 0.1101
2026-09-29 01:48:37,527 [INFO]   [Val Case 48/50] Running sliding-window inference (shape: (223, 223, 143), overlap: 0.25)...
2026-09-29 01:48:37,763 [INFO]   [Val Case 48/50] Finished in 0.27s | Dice Score: 0.6424
2026-09-29 01:48:38,315 [INFO]   [Val Case 49/50] Running sliding-window inference (shape: (223, 223, 143), overlap: 0.25)...
2026-09-29 01:48:38,545 [INFO]   [Val Case 49/50] Finished in 0.26s | Dice Score: 0.0000
2026-09-29 01:48:38,586 [INFO]   [Val Case 50/50] Running sliding-window inference (shape: (223, 223, 143), overlap: 0.25)...
2026-09-29 01:48:38,818 [INFO]   [Val Case 50/50] Finished in 0.26s | Dice Score: 0.8362
2026-09-29 01:48:39,460 [INFO] Epoch 27 Validation (34.1s): Mean Dice: 0.4635 (50 subjects)
2026-09-29 01:48:39,488 [INFO] ---------------------------------------------------------------------------
2026-09-29 01:48:39,488 [INFO] Starting Epoch 28/30 (LR: 2.45e-05)...
2026-09-29 01:49:04,556 [INFO]     [Train Batch 25/200] Step Loss: 0.5982 | Running Avg Loss: 0.5447
2026-09-29 01:49:16,909 [INFO]     [Train Batch 50/200] Step Loss: 0.6695 | Running Avg Loss: 0.5199
2026-09-29 01:49:30,005 [INFO]     [Train Batch 75/200] Step Loss: 0.3180 | Running Avg Loss: 0.5108
2026-09-29 01:49:41,705 [INFO]     [Train Batch 100/200] Step Loss: 0.1029 | Running Avg Loss: 0.5158
2026-09-29 01:49:58,163 [INFO]     [Train Batch 125/200] Step Loss: 0.1175 | Running Avg Loss: 0.5101
2026-09-29 01:50:10,138 [INFO]     [Train Batch 150/200] Step Loss: 0.2708 | Running Avg Loss: 0.5119
2026-09-29 01:50:22,736 [INFO]     [Train Batch 175/200] Step Loss: 0.1782 | Running Avg Loss: 0.5093
2026-09-29 01:50:38,903 [INFO]     [Train Batch 200/200] Step Loss: 0.5926 | Running Avg Loss: 0.5211
2026-09-29 01:50:39,597 [INFO] Epoch 28/30 (120.1s) - Train Loss: 0.5211 | LR: 1.09e-05
2026-09-29 01:50:47,199 [INFO]   [Val Case 1/50] Running sliding-window inference (shape: (223, 223, 145), overlap: 0.25)...
2026-09-29 01:50:47,536 [INFO]   [Val Case 1/50] Finished in 0.40s | Dice Score: 0.2150
2026-09-29 01:50:47,592 [INFO]   [Val Case 2/50] Running sliding-window inference (shape: (223, 223, 145), overlap: 0.25)...
2026-09-29 01:50:47,831 [INFO]   [Val Case 2/50] Finished in 0.28s | Dice Score: 0.0000
2026-09-29 01:50:48,356 [INFO]   [Val Case 3/50] Running sliding-window inference (shape: (223, 223, 143), overlap: 0.25)...
2026-09-29 01:50:48,606 [INFO]   [Val Case 3/50] Finished in 0.28s | Dice Score: 0.3606
2026-09-29 01:50:48,651 [INFO]   [Val Case 4/50] Running sliding-window inference (shape: (223, 223, 145), overlap: 0.25)...
2026-09-29 01:50:48,902 [INFO]   [Val Case 4/50] Finished in 0.28s | Dice Score: 0.6484
2026-09-29 01:50:49,481 [INFO]   [Val Case 5/50] Running sliding-window inference (shape: (223, 223, 145), overlap: 0.25)...
2026-09-29 01:50:49,715 [INFO]   [Val Case 5/50] Finished in 0.26s | Dice Score: 0.8867
2026-09-29 01:50:49,756 [INFO]   [Val Case 6/50] Running sliding-window inference (shape: (229, 229, 116), overlap: 0.25)...
2026-09-29 01:50:49,955 [INFO]   [Val Case 6/50] Finished in 0.22s | Dice Score: 0.0947
2026-09-29 01:50:50,119 [INFO]   [Val Case 7/50] Running sliding-window inference (shape: (229, 229, 116), overlap: 0.25)...
2026-09-29 01:50:50,320 [INFO]   [Val Case 7/50] Finished in 0.23s | Dice Score: 0.7145
2026-09-29 01:50:50,390 [INFO]   [Val Case 8/50] Running sliding-window inference (shape: (220, 220, 140), overlap: 0.25)...
2026-09-29 01:50:50,629 [INFO]   [Val Case 8/50] Finished in 0.29s | Dice Score: 0.0712
2026-09-29 01:50:51,203 [INFO]   [Val Case 9/50] Running sliding-window inference (shape: (223, 223, 143), overlap: 0.25)...
2026-09-29 01:50:51,446 [INFO]   [Val Case 9/50] Finished in 0.28s | Dice Score: 0.5063
2026-09-29 01:50:51,523 [INFO]   [Val Case 10/50] Running sliding-window inference (shape: (255, 255, 143), overlap: 0.25)...
2026-09-29 01:50:51,943 [INFO]   [Val Case 10/50] Finished in 0.48s | Dice Score: 0.7685
2026-09-29 01:50:51,992 [INFO]   [Val Case 11/50] Running sliding-window inference (shape: (239, 239, 125), overlap: 0.25)...
2026-09-29 01:50:52,191 [INFO]   [Val Case 11/50] Finished in 0.23s | Dice Score: 0.8389
2026-09-29 01:50:52,246 [INFO]   [Val Case 12/50] Running sliding-window inference (shape: (223, 223, 143), overlap: 0.25)...
2026-09-29 01:50:52,481 [INFO]   [Val Case 12/50] Finished in 0.27s | Dice Score: 0.8192
2026-09-29 01:50:53,087 [INFO]   [Val Case 13/50] Running sliding-window inference (shape: (223, 223, 143), overlap: 0.25)...
2026-09-29 01:50:53,323 [INFO]   [Val Case 13/50] Finished in 0.27s | Dice Score: 0.8700
2026-09-29 01:50:53,362 [INFO]   [Val Case 14/50] Running sliding-window inference (shape: (229, 229, 116), overlap: 0.25)...
2026-09-29 01:50:53,567 [INFO]   [Val Case 14/50] Finished in 0.23s | Dice Score: 0.5701
2026-09-29 01:50:54,145 [INFO]   [Val Case 15/50] Running sliding-window inference (shape: (223, 223, 143), overlap: 0.25)...
2026-09-29 01:50:54,380 [INFO]   [Val Case 15/50] Finished in 0.27s | Dice Score: 0.1578
2026-09-29 01:50:54,425 [INFO]   [Val Case 16/50] Running sliding-window inference (shape: (223, 223, 143), overlap: 0.25)...
2026-09-29 01:50:54,682 [INFO]   [Val Case 16/50] Finished in 0.29s | Dice Score: 0.6006
2026-09-29 01:50:54,818 [INFO]   [Val Case 17/50] Running sliding-window inference (shape: (229, 229, 116), overlap: 0.25)...
2026-09-29 01:50:55,060 [INFO]   [Val Case 17/50] Finished in 0.27s | Dice Score: 0.7150
2026-09-29 01:50:55,105 [INFO]   [Val Case 18/50] Running sliding-window inference (shape: (223, 223, 143), overlap: 0.25)...
2026-09-29 01:50:55,359 [INFO]   [Val Case 18/50] Finished in 0.29s | Dice Score: 0.1361
2026-09-29 01:50:56,009 [INFO]   [Val Case 19/50] Running sliding-window inference (shape: (223, 223, 143), overlap: 0.25)...
2026-09-29 01:50:56,248 [INFO]   [Val Case 19/50] Finished in 0.27s | Dice Score: 0.7370
2026-09-29 01:50:56,297 [INFO]   [Val Case 20/50] Running sliding-window inference (shape: (223, 223, 145), overlap: 0.25)...
2026-09-29 01:50:56,547 [INFO]   [Val Case 20/50] Finished in 0.28s | Dice Score: 0.5856
2026-09-29 01:50:56,841 [INFO]   [Val Case 21/50] Running sliding-window inference (shape: (220, 220, 140), overlap: 0.25)...
2026-09-29 01:50:57,075 [INFO]   [Val Case 21/50] Finished in 0.27s | Dice Score: 0.4083
2026-09-29 01:50:57,132 [INFO]   [Val Case 22/50] Running sliding-window inference (shape: (223, 223, 143), overlap: 0.25)...
2026-09-29 01:50:57,374 [INFO]   [Val Case 22/50] Finished in 0.28s | Dice Score: 0.8462
2026-09-29 01:50:57,944 [INFO]   [Val Case 23/50] Running sliding-window inference (shape: (223, 223, 145), overlap: 0.25)...
2026-09-29 01:50:58,193 [INFO]   [Val Case 23/50] Finished in 0.29s | Dice Score: 0.0121
2026-09-29 01:50:58,321 [INFO]   [Val Case 24/50] Running sliding-window inference (shape: (223, 223, 143), overlap: 0.25)...
2026-09-29 01:50:58,569 [INFO]   [Val Case 24/50] Finished in 0.28s | Dice Score: 0.1254
2026-09-29 01:50:59,172 [INFO]   [Val Case 25/50] Running sliding-window inference (shape: (223, 223, 143), overlap: 0.25)...
2026-09-29 01:50:59,406 [INFO]   [Val Case 25/50] Finished in 0.27s | Dice Score: 0.2038
2026-09-29 01:50:59,463 [INFO]   [Val Case 26/50] Running sliding-window inference (shape: (259, 259, 129), overlap: 0.25)...
2026-09-29 01:50:59,874 [INFO]   [Val Case 26/50] Finished in 0.45s | Dice Score: 0.0000
2026-09-29 01:51:00,367 [INFO]   [Val Case 27/50] Running sliding-window inference (shape: (223, 223, 143), overlap: 0.25)...
2026-09-29 01:51:00,614 [INFO]   [Val Case 27/50] Finished in 0.28s | Dice Score: 0.2995
2026-09-29 01:51:00,664 [INFO]   [Val Case 28/50] Running sliding-window inference (shape: (223, 223, 145), overlap: 0.25)...
2026-09-29 01:51:00,904 [INFO]   [Val Case 28/50] Finished in 0.27s | Dice Score: 0.5309
2026-09-29 01:51:01,180 [INFO]   [Val Case 29/50] Running sliding-window inference (shape: (223, 223, 145), overlap: 0.25)...
2026-09-29 01:51:01,415 [INFO]   [Val Case 29/50] Finished in 0.27s | Dice Score: 0.7960
2026-09-29 01:51:01,463 [INFO]   [Val Case 30/50] Running sliding-window inference (shape: (223, 223, 145), overlap: 0.25)...
2026-09-29 01:51:01,707 [INFO]   [Val Case 30/50] Finished in 0.28s | Dice Score: 0.7669
2026-09-29 01:51:01,994 [INFO]   [Val Case 31/50] Running sliding-window inference (shape: (220, 220, 140), overlap: 0.25)...
2026-09-29 01:51:02,234 [INFO]   [Val Case 31/50] Finished in 0.28s | Dice Score: 0.8068
2026-09-29 01:51:02,313 [INFO]   [Val Case 32/50] Running sliding-window inference (shape: (223, 223, 145), overlap: 0.25)...
2026-09-29 01:51:02,560 [INFO]   [Val Case 32/50] Finished in 0.28s | Dice Score: 0.1915
2026-09-29 01:51:02,848 [INFO]   [Val Case 33/50] Running sliding-window inference (shape: (229, 229, 139), overlap: 0.25)...
2026-09-29 01:51:03,083 [INFO]   [Val Case 33/50] Finished in 0.27s | Dice Score: 0.1557
2026-09-29 01:51:03,482 [INFO]   [Val Case 34/50] Running sliding-window inference (shape: (223, 223, 143), overlap: 0.25)...
2026-09-29 01:51:03,734 [INFO]   [Val Case 34/50] Finished in 0.28s | Dice Score: 0.5364
2026-09-29 01:51:04,056 [INFO]   [Val Case 35/50] Running sliding-window inference (shape: (223, 223, 143), overlap: 0.25)...
2026-09-29 01:51:04,299 [INFO]   [Val Case 35/50] Finished in 0.27s | Dice Score: 0.6916
2026-09-29 01:51:04,632 [INFO]   [Val Case 36/50] Running sliding-window inference (shape: (223, 223, 145), overlap: 0.25)...
2026-09-29 01:51:04,874 [INFO]   [Val Case 36/50] Finished in 0.28s | Dice Score: 0.3332
2026-09-29 01:51:05,215 [INFO]   [Val Case 37/50] Running sliding-window inference (shape: (223, 223, 143), overlap: 0.25)...
2026-09-29 01:51:05,486 [INFO]   [Val Case 37/50] Finished in 0.30s | Dice Score: 0.8238
2026-09-29 01:51:05,556 [INFO]   [Val Case 38/50] Running sliding-window inference (shape: (229, 229, 116), overlap: 0.25)...
2026-09-29 01:51:05,773 [INFO]   [Val Case 38/50] Finished in 0.26s | Dice Score: 0.6795
2026-09-29 01:51:06,489 [INFO]   [Val Case 39/50] Running sliding-window inference (shape: (223, 223, 151), overlap: 0.25)...
2026-09-29 01:51:06,725 [INFO]   [Val Case 39/50] Finished in 0.27s | Dice Score: 0.4000
2026-09-29 01:51:06,771 [INFO]   [Val Case 40/50] Running sliding-window inference (shape: (223, 223, 143), overlap: 0.25)...
2026-09-29 01:51:07,022 [INFO]   [Val Case 40/50] Finished in 0.28s | Dice Score: 0.3744
2026-09-29 01:51:07,703 [INFO]   [Val Case 41/50] Running sliding-window inference (shape: (223, 223, 143), overlap: 0.25)...
2026-09-29 01:51:07,939 [INFO]   [Val Case 41/50] Finished in 0.27s | Dice Score: 0.3540
2026-09-29 01:51:07,995 [INFO]   [Val Case 42/50] Running sliding-window inference (shape: (223, 223, 143), overlap: 0.25)...
2026-09-29 01:51:08,238 [INFO]   [Val Case 42/50] Finished in 0.28s | Dice Score: 0.5843
2026-09-29 01:51:08,887 [INFO]   [Val Case 43/50] Running sliding-window inference (shape: (223, 223, 145), overlap: 0.25)...
2026-09-29 01:51:09,143 [INFO]   [Val Case 43/50] Finished in 0.30s | Dice Score: 0.7338
2026-09-29 01:51:09,184 [INFO]   [Val Case 44/50] Running sliding-window inference (shape: (229, 229, 116), overlap: 0.25)...
2026-09-29 01:51:09,388 [INFO]   [Val Case 44/50] Finished in 0.23s | Dice Score: 0.5788
2026-09-29 01:51:10,033 [INFO]   [Val Case 45/50] Running sliding-window inference (shape: (223, 223, 143), overlap: 0.25)...
2026-09-29 01:51:10,274 [INFO]   [Val Case 45/50] Finished in 0.28s | Dice Score: 0.7565
2026-09-29 01:51:10,325 [INFO]   [Val Case 46/50] Running sliding-window inference (shape: (223, 223, 145), overlap: 0.25)...
2026-09-29 01:51:10,574 [INFO]   [Val Case 46/50] Finished in 0.29s | Dice Score: 0.7648
2026-09-29 01:51:11,146 [INFO]   [Val Case 47/50] Running sliding-window inference (shape: (223, 223, 145), overlap: 0.25)...
2026-09-29 01:51:11,386 [INFO]   [Val Case 47/50] Finished in 0.27s | Dice Score: 0.2169
2026-09-29 01:51:11,435 [INFO]   [Val Case 48/50] Running sliding-window inference (shape: (223, 223, 143), overlap: 0.25)...
2026-09-29 01:51:11,672 [INFO]   [Val Case 48/50] Finished in 0.27s | Dice Score: 0.6595
2026-09-29 01:51:12,230 [INFO]   [Val Case 49/50] Running sliding-window inference (shape: (223, 223, 143), overlap: 0.25)...
2026-09-29 01:51:12,461 [INFO]   [Val Case 49/50] Finished in 0.26s | Dice Score: 0.0000
2026-09-29 01:51:12,504 [INFO]   [Val Case 50/50] Running sliding-window inference (shape: (223, 223, 143), overlap: 0.25)...
2026-09-29 01:51:12,735 [INFO]   [Val Case 50/50] Finished in 0.26s | Dice Score: 0.8417
2026-09-29 01:51:13,328 [INFO] Epoch 28 Validation (33.7s): Mean Dice: 0.4954 (50 subjects)
2026-09-29 01:51:13,357 [INFO] ---------------------------------------------------------------------------
2026-09-29 01:51:13,358 [INFO] Starting Epoch 29/30 (LR: 1.09e-05)...
2026-09-29 01:51:37,152 [INFO]     [Train Batch 25/200] Step Loss: 0.2261 | Running Avg Loss: 0.4786
2026-09-29 01:51:49,284 [INFO]     [Train Batch 50/200] Step Loss: 0.4703 | Running Avg Loss: 0.4816
2026-09-29 01:52:03,260 [INFO]     [Train Batch 75/200] Step Loss: 0.1935 | Running Avg Loss: 0.4781
2026-09-29 01:52:19,474 [INFO]     [Train Batch 100/200] Step Loss: 0.6033 | Running Avg Loss: 0.4989
2026-09-29 01:52:32,234 [INFO]     [Train Batch 125/200] Step Loss: 0.5837 | Running Avg Loss: 0.4896
2026-09-29 01:52:46,410 [INFO]     [Train Batch 150/200] Step Loss: 0.6019 | Running Avg Loss: 0.4883
2026-09-29 01:52:58,227 [INFO]     [Train Batch 175/200] Step Loss: 0.2291 | Running Avg Loss: 0.4964
2026-09-29 01:53:15,800 [INFO]     [Train Batch 200/200] Step Loss: 0.1569 | Running Avg Loss: 0.4935
2026-09-29 01:53:16,458 [INFO] Epoch 29/30 (123.1s) - Train Loss: 0.4935 | LR: 2.74e-06
2026-09-29 01:53:23,998 [INFO]   [Val Case 1/50] Running sliding-window inference (shape: (223, 223, 145), overlap: 0.25)...
2026-09-29 01:53:24,359 [INFO]   [Val Case 1/50] Finished in 0.43s | Dice Score: 0.2019
2026-09-29 01:53:24,421 [INFO]   [Val Case 2/50] Running sliding-window inference (shape: (223, 223, 145), overlap: 0.25)...
2026-09-29 01:53:24,658 [INFO]   [Val Case 2/50] Finished in 0.28s | Dice Score: 0.0000
2026-09-29 01:53:25,165 [INFO]   [Val Case 3/50] Running sliding-window inference (shape: (223, 223, 143), overlap: 0.25)...
2026-09-29 01:53:25,404 [INFO]   [Val Case 3/50] Finished in 0.27s | Dice Score: 0.3556
2026-09-29 01:53:25,451 [INFO]   [Val Case 4/50] Running sliding-window inference (shape: (223, 223, 145), overlap: 0.25)...
2026-09-29 01:53:25,699 [INFO]   [Val Case 4/50] Finished in 0.28s | Dice Score: 0.6135
2026-09-29 01:53:26,358 [INFO]   [Val Case 5/50] Running sliding-window inference (shape: (223, 223, 145), overlap: 0.25)...
2026-09-29 01:53:26,608 [INFO]   [Val Case 5/50] Finished in 0.28s | Dice Score: 0.8864
2026-09-29 01:53:26,648 [INFO]   [Val Case 6/50] Running sliding-window inference (shape: (229, 229, 116), overlap: 0.25)...
2026-09-29 01:53:26,846 [INFO]   [Val Case 6/50] Finished in 0.22s | Dice Score: 0.1046
2026-09-29 01:53:27,050 [INFO]   [Val Case 7/50] Running sliding-window inference (shape: (229, 229, 116), overlap: 0.25)...
2026-09-29 01:53:27,277 [INFO]   [Val Case 7/50] Finished in 0.26s | Dice Score: 0.7119
2026-09-29 01:53:27,318 [INFO]   [Val Case 8/50] Running sliding-window inference (shape: (220, 220, 140), overlap: 0.25)...
2026-09-29 01:53:27,572 [INFO]   [Val Case 8/50] Finished in 0.28s | Dice Score: 0.0655
2026-09-29 01:53:28,130 [INFO]   [Val Case 9/50] Running sliding-window inference (shape: (223, 223, 143), overlap: 0.25)...
2026-09-29 01:53:28,373 [INFO]   [Val Case 9/50] Finished in 0.28s | Dice Score: 0.4781
2026-09-29 01:53:28,435 [INFO]   [Val Case 10/50] Running sliding-window inference (shape: (255, 255, 143), overlap: 0.25)...
2026-09-29 01:53:28,861 [INFO]   [Val Case 10/50] Finished in 0.47s | Dice Score: 0.7579
2026-09-29 01:53:28,915 [INFO]   [Val Case 11/50] Running sliding-window inference (shape: (239, 239, 125), overlap: 0.25)...
2026-09-29 01:53:29,122 [INFO]   [Val Case 11/50] Finished in 0.24s | Dice Score: 0.8400
2026-09-29 01:53:29,171 [INFO]   [Val Case 12/50] Running sliding-window inference (shape: (223, 223, 143), overlap: 0.25)...
2026-09-29 01:53:29,413 [INFO]   [Val Case 12/50] Finished in 0.27s | Dice Score: 0.8193
2026-09-29 01:53:30,023 [INFO]   [Val Case 13/50] Running sliding-window inference (shape: (223, 223, 143), overlap: 0.25)...
2026-09-29 01:53:30,265 [INFO]   [Val Case 13/50] Finished in 0.27s | Dice Score: 0.8712
2026-09-29 01:53:30,305 [INFO]   [Val Case 14/50] Running sliding-window inference (shape: (229, 229, 116), overlap: 0.25)...
2026-09-29 01:53:30,512 [INFO]   [Val Case 14/50] Finished in 0.23s | Dice Score: 0.5337
2026-09-29 01:53:31,103 [INFO]   [Val Case 15/50] Running sliding-window inference (shape: (223, 223, 143), overlap: 0.25)...
2026-09-29 01:53:31,347 [INFO]   [Val Case 15/50] Finished in 0.28s | Dice Score: 0.1558
2026-09-29 01:53:31,391 [INFO]   [Val Case 16/50] Running sliding-window inference (shape: (223, 223, 143), overlap: 0.25)...
2026-09-29 01:53:31,646 [INFO]   [Val Case 16/50] Finished in 0.28s | Dice Score: 0.5766
2026-09-29 01:53:31,781 [INFO]   [Val Case 17/50] Running sliding-window inference (shape: (229, 229, 116), overlap: 0.25)...
2026-09-29 01:53:31,977 [INFO]   [Val Case 17/50] Finished in 0.22s | Dice Score: 0.7110
2026-09-29 01:53:32,023 [INFO]   [Val Case 18/50] Running sliding-window inference (shape: (223, 223, 143), overlap: 0.25)...
2026-09-29 01:53:32,287 [INFO]   [Val Case 18/50] Finished in 0.30s | Dice Score: 0.1126
2026-09-29 01:53:32,930 [INFO]   [Val Case 19/50] Running sliding-window inference (shape: (223, 223, 143), overlap: 0.25)...
2026-09-29 01:53:33,162 [INFO]   [Val Case 19/50] Finished in 0.26s | Dice Score: 0.7207
2026-09-29 01:53:33,212 [INFO]   [Val Case 20/50] Running sliding-window inference (shape: (223, 223, 145), overlap: 0.25)...
2026-09-29 01:53:33,496 [INFO]   [Val Case 20/50] Finished in 0.32s | Dice Score: 0.5609
2026-09-29 01:53:33,734 [INFO]   [Val Case 21/50] Running sliding-window inference (shape: (220, 220, 140), overlap: 0.25)...
2026-09-29 01:53:33,967 [INFO]   [Val Case 21/50] Finished in 0.26s | Dice Score: 0.4148
2026-09-29 01:53:34,022 [INFO]   [Val Case 22/50] Running sliding-window inference (shape: (223, 223, 143), overlap: 0.25)...
2026-09-29 01:53:34,264 [INFO]   [Val Case 22/50] Finished in 0.28s | Dice Score: 0.8372
2026-09-29 01:53:34,843 [INFO]   [Val Case 23/50] Running sliding-window inference (shape: (223, 223, 145), overlap: 0.25)...
2026-09-29 01:53:35,080 [INFO]   [Val Case 23/50] Finished in 0.28s | Dice Score: 0.0109
2026-09-29 01:53:35,144 [INFO]   [Val Case 24/50] Running sliding-window inference (shape: (223, 223, 143), overlap: 0.25)...
2026-09-29 01:53:35,409 [INFO]   [Val Case 24/50] Finished in 0.30s | Dice Score: 0.1041
2026-09-29 01:53:36,036 [INFO]   [Val Case 25/50] Running sliding-window inference (shape: (223, 223, 143), overlap: 0.25)...
2026-09-29 01:53:36,299 [INFO]   [Val Case 25/50] Finished in 0.29s | Dice Score: 0.1539
2026-09-29 01:53:36,364 [INFO]   [Val Case 26/50] Running sliding-window inference (shape: (259, 259, 129), overlap: 0.25)...
2026-09-29 01:53:36,774 [INFO]   [Val Case 26/50] Finished in 0.45s | Dice Score: 0.0000
2026-09-29 01:53:37,242 [INFO]   [Val Case 27/50] Running sliding-window inference (shape: (223, 223, 143), overlap: 0.25)...
2026-09-29 01:53:37,504 [INFO]   [Val Case 27/50] Finished in 0.31s | Dice Score: 0.2760
2026-09-29 01:53:37,555 [INFO]   [Val Case 28/50] Running sliding-window inference (shape: (223, 223, 145), overlap: 0.25)...
2026-09-29 01:53:37,794 [INFO]   [Val Case 28/50] Finished in 0.27s | Dice Score: 0.5087
2026-09-29 01:53:38,045 [INFO]   [Val Case 29/50] Running sliding-window inference (shape: (223, 223, 145), overlap: 0.25)...
2026-09-29 01:53:38,292 [INFO]   [Val Case 29/50] Finished in 0.28s | Dice Score: 0.7989
2026-09-29 01:53:38,338 [INFO]   [Val Case 30/50] Running sliding-window inference (shape: (223, 223, 145), overlap: 0.25)...
2026-09-29 01:53:38,585 [INFO]   [Val Case 30/50] Finished in 0.28s | Dice Score: 0.7546
2026-09-29 01:53:38,870 [INFO]   [Val Case 31/50] Running sliding-window inference (shape: (220, 220, 140), overlap: 0.25)...
2026-09-29 01:53:39,118 [INFO]   [Val Case 31/50] Finished in 0.28s | Dice Score: 0.7941
2026-09-29 01:53:39,252 [INFO]   [Val Case 32/50] Running sliding-window inference (shape: (223, 223, 145), overlap: 0.25)...
2026-09-29 01:53:39,494 [INFO]   [Val Case 32/50] Finished in 0.27s | Dice Score: 0.1765
2026-09-29 01:53:39,726 [INFO]   [Val Case 33/50] Running sliding-window inference (shape: (229, 229, 139), overlap: 0.25)...
2026-09-29 01:53:39,969 [INFO]   [Val Case 33/50] Finished in 0.28s | Dice Score: 0.1458
2026-09-29 01:53:40,400 [INFO]   [Val Case 34/50] Running sliding-window inference (shape: (223, 223, 143), overlap: 0.25)...
2026-09-29 01:53:40,644 [INFO]   [Val Case 34/50] Finished in 0.27s | Dice Score: 0.5447
2026-09-29 01:53:40,936 [INFO]   [Val Case 35/50] Running sliding-window inference (shape: (223, 223, 143), overlap: 0.25)...
2026-09-29 01:53:41,171 [INFO]   [Val Case 35/50] Finished in 0.26s | Dice Score: 0.6841
2026-09-29 01:53:41,566 [INFO]   [Val Case 36/50] Running sliding-window inference (shape: (223, 223, 145), overlap: 0.25)...
2026-09-29 01:53:41,812 [INFO]   [Val Case 36/50] Finished in 0.28s | Dice Score: 0.2900
2026-09-29 01:53:42,082 [INFO]   [Val Case 37/50] Running sliding-window inference (shape: (223, 223, 143), overlap: 0.25)...
2026-09-29 01:53:42,323 [INFO]   [Val Case 37/50] Finished in 0.27s | Dice Score: 0.8230
2026-09-29 01:53:42,368 [INFO]   [Val Case 38/50] Running sliding-window inference (shape: (229, 229, 116), overlap: 0.25)...
2026-09-29 01:53:42,583 [INFO]   [Val Case 38/50] Finished in 0.24s | Dice Score: 0.6697
2026-09-29 01:53:43,282 [INFO]   [Val Case 39/50] Running sliding-window inference (shape: (223, 223, 151), overlap: 0.25)...
2026-09-29 01:53:43,516 [INFO]   [Val Case 39/50] Finished in 0.27s | Dice Score: 0.4167
2026-09-29 01:53:43,564 [INFO]   [Val Case 40/50] Running sliding-window inference (shape: (223, 223, 143), overlap: 0.25)...
2026-09-29 01:53:43,805 [INFO]   [Val Case 40/50] Finished in 0.27s | Dice Score: 0.3752
2026-09-29 01:53:44,427 [INFO]   [Val Case 41/50] Running sliding-window inference (shape: (223, 223, 143), overlap: 0.25)...
2026-09-29 01:53:44,664 [INFO]   [Val Case 41/50] Finished in 0.27s | Dice Score: 0.2951
2026-09-29 01:53:44,709 [INFO]   [Val Case 42/50] Running sliding-window inference (shape: (223, 223, 143), overlap: 0.25)...
2026-09-29 01:53:44,959 [INFO]   [Val Case 42/50] Finished in 0.28s | Dice Score: 0.5863
2026-09-29 01:53:45,592 [INFO]   [Val Case 43/50] Running sliding-window inference (shape: (223, 223, 145), overlap: 0.25)...
2026-09-29 01:53:45,836 [INFO]   [Val Case 43/50] Finished in 0.27s | Dice Score: 0.7379
2026-09-29 01:53:45,883 [INFO]   [Val Case 44/50] Running sliding-window inference (shape: (229, 229, 116), overlap: 0.25)...
2026-09-29 01:53:46,113 [INFO]   [Val Case 44/50] Finished in 0.26s | Dice Score: 0.5720
2026-09-29 01:53:46,770 [INFO]   [Val Case 45/50] Running sliding-window inference (shape: (223, 223, 143), overlap: 0.25)...
2026-09-29 01:53:47,016 [INFO]   [Val Case 45/50] Finished in 0.27s | Dice Score: 0.7630
2026-09-29 01:53:47,076 [INFO]   [Val Case 46/50] Running sliding-window inference (shape: (223, 223, 145), overlap: 0.25)...
2026-09-29 01:53:47,319 [INFO]   [Val Case 46/50] Finished in 0.28s | Dice Score: 0.7573
2026-09-29 01:53:47,906 [INFO]   [Val Case 47/50] Running sliding-window inference (shape: (223, 223, 145), overlap: 0.25)...
2026-09-29 01:53:48,159 [INFO]   [Val Case 47/50] Finished in 0.28s | Dice Score: 0.1720
2026-09-29 01:53:48,225 [INFO]   [Val Case 48/50] Running sliding-window inference (shape: (223, 223, 143), overlap: 0.25)...
2026-09-29 01:53:48,473 [INFO]   [Val Case 48/50] Finished in 0.29s | Dice Score: 0.6271
2026-09-29 01:53:49,014 [INFO]   [Val Case 49/50] Running sliding-window inference (shape: (223, 223, 143), overlap: 0.25)...
2026-09-29 01:53:49,348 [INFO]   [Val Case 49/50] Finished in 0.36s | Dice Score: 0.0000
2026-09-29 01:53:49,390 [INFO]   [Val Case 50/50] Running sliding-window inference (shape: (223, 223, 143), overlap: 0.25)...
2026-09-29 01:53:49,617 [INFO]   [Val Case 50/50] Finished in 0.25s | Dice Score: 0.8396
2026-09-29 01:53:50,226 [INFO] Epoch 29 Validation (33.8s): Mean Dice: 0.4841 (50 subjects)
2026-09-29 01:53:50,255 [INFO] ---------------------------------------------------------------------------
2026-09-29 01:53:50,255 [INFO] Starting Epoch 30/30 (LR: 2.74e-06)...
2026-09-29 01:54:14,588 [INFO]     [Train Batch 25/200] Step Loss: 1.0000 | Running Avg Loss: 0.4872
2026-09-29 01:54:31,213 [INFO]     [Train Batch 50/200] Step Loss: 0.3684 | Running Avg Loss: 0.4934
2026-09-29 01:54:43,678 [INFO]     [Train Batch 75/200] Step Loss: 0.5823 | Running Avg Loss: 0.4995
2026-09-29 01:55:00,562 [INFO]     [Train Batch 100/200] Step Loss: 0.8103 | Running Avg Loss: 0.5085
2026-09-29 01:55:13,459 [INFO]     [Train Batch 125/200] Step Loss: 1.0000 | Running Avg Loss: 0.5082
2026-09-29 01:55:25,443 [INFO]     [Train Batch 150/200] Step Loss: 0.2195 | Running Avg Loss: 0.5043
2026-09-29 01:55:39,055 [INFO]     [Train Batch 175/200] Step Loss: 0.8288 | Running Avg Loss: 0.5071
2026-09-29 01:55:51,578 [INFO]     [Train Batch 200/200] Step Loss: 0.6139 | Running Avg Loss: 0.5072
2026-09-29 01:55:52,233 [INFO] Epoch 30/30 (122.0s) - Train Loss: 0.5072 | LR: 0.00e+00
2026-09-29 01:55:59,849 [INFO]   [Val Case 1/50] Running sliding-window inference (shape: (223, 223, 145), overlap: 0.25)...
2026-09-29 01:56:00,281 [INFO]   [Val Case 1/50] Finished in 0.50s | Dice Score: 0.1915
2026-09-29 01:56:00,333 [INFO]   [Val Case 2/50] Running sliding-window inference (shape: (223, 223, 145), overlap: 0.25)...
2026-09-29 01:56:00,571 [INFO]   [Val Case 2/50] Finished in 0.27s | Dice Score: 0.0000
2026-09-29 01:56:01,004 [INFO]   [Val Case 3/50] Running sliding-window inference (shape: (223, 223, 143), overlap: 0.25)...
2026-09-29 01:56:01,249 [INFO]   [Val Case 3/50] Finished in 0.28s | Dice Score: 0.3537
2026-09-29 01:56:01,295 [INFO]   [Val Case 4/50] Running sliding-window inference (shape: (223, 223, 145), overlap: 0.25)...
2026-09-29 01:56:01,556 [INFO]   [Val Case 4/50] Finished in 0.29s | Dice Score: 0.5730
2026-09-29 01:56:02,202 [INFO]   [Val Case 5/50] Running sliding-window inference (shape: (223, 223, 145), overlap: 0.25)...
2026-09-29 01:56:02,444 [INFO]   [Val Case 5/50] Finished in 0.27s | Dice Score: 0.8858
2026-09-29 01:56:02,486 [INFO]   [Val Case 6/50] Running sliding-window inference (shape: (229, 229, 116), overlap: 0.25)...
2026-09-29 01:56:02,683 [INFO]   [Val Case 6/50] Finished in 0.22s | Dice Score: 0.1112
2026-09-29 01:56:02,870 [INFO]   [Val Case 7/50] Running sliding-window inference (shape: (229, 229, 116), overlap: 0.25)...
2026-09-29 01:56:03,070 [INFO]   [Val Case 7/50] Finished in 0.24s | Dice Score: 0.7104
2026-09-29 01:56:03,111 [INFO]   [Val Case 8/50] Running sliding-window inference (shape: (220, 220, 140), overlap: 0.25)...
2026-09-29 01:56:03,346 [INFO]   [Val Case 8/50] Finished in 0.26s | Dice Score: 0.0610
2026-09-29 01:56:03,920 [INFO]   [Val Case 9/50] Running sliding-window inference (shape: (223, 223, 143), overlap: 0.25)...
2026-09-29 01:56:04,159 [INFO]   [Val Case 9/50] Finished in 0.27s | Dice Score: 0.4554
2026-09-29 01:56:04,227 [INFO]   [Val Case 10/50] Running sliding-window inference (shape: (255, 255, 143), overlap: 0.25)...
2026-09-29 01:56:04,647 [INFO]   [Val Case 10/50] Finished in 0.47s | Dice Score: 0.7436
2026-09-29 01:56:04,724 [INFO]   [Val Case 11/50] Running sliding-window inference (shape: (239, 239, 125), overlap: 0.25)...
2026-09-29 01:56:04,922 [INFO]   [Val Case 11/50] Finished in 0.23s | Dice Score: 0.8407
2026-09-29 01:56:05,000 [INFO]   [Val Case 12/50] Running sliding-window inference (shape: (223, 223, 143), overlap: 0.25)...
2026-09-29 01:56:05,238 [INFO]   [Val Case 12/50] Finished in 0.29s | Dice Score: 0.8185
2026-09-29 01:56:05,859 [INFO]   [Val Case 13/50] Running sliding-window inference (shape: (223, 223, 143), overlap: 0.25)...
2026-09-29 01:56:06,095 [INFO]   [Val Case 13/50] Finished in 0.27s | Dice Score: 0.8720
2026-09-29 01:56:06,133 [INFO]   [Val Case 14/50] Running sliding-window inference (shape: (229, 229, 116), overlap: 0.25)...
2026-09-29 01:56:06,344 [INFO]   [Val Case 14/50] Finished in 0.24s | Dice Score: 0.5049
2026-09-29 01:56:06,926 [INFO]   [Val Case 15/50] Running sliding-window inference (shape: (223, 223, 143), overlap: 0.25)...
2026-09-29 01:56:07,213 [INFO]   [Val Case 15/50] Finished in 0.32s | Dice Score: 0.1557
2026-09-29 01:56:07,261 [INFO]   [Val Case 16/50] Running sliding-window inference (shape: (223, 223, 143), overlap: 0.25)...
2026-09-29 01:56:07,542 [INFO]   [Val Case 16/50] Finished in 0.31s | Dice Score: 0.5654
2026-09-29 01:56:07,652 [INFO]   [Val Case 17/50] Running sliding-window inference (shape: (229, 229, 116), overlap: 0.25)...
2026-09-29 01:56:07,847 [INFO]   [Val Case 17/50] Finished in 0.22s | Dice Score: 0.7078
2026-09-29 01:56:07,925 [INFO]   [Val Case 18/50] Running sliding-window inference (shape: (223, 223, 143), overlap: 0.25)...
2026-09-29 01:56:08,175 [INFO]   [Val Case 18/50] Finished in 0.28s | Dice Score: 0.0989
2026-09-29 01:56:08,858 [INFO]   [Val Case 19/50] Running sliding-window inference (shape: (223, 223, 143), overlap: 0.25)...
2026-09-29 01:56:09,094 [INFO]   [Val Case 19/50] Finished in 0.27s | Dice Score: 0.7074
2026-09-29 01:56:09,140 [INFO]   [Val Case 20/50] Running sliding-window inference (shape: (223, 223, 145), overlap: 0.25)...
2026-09-29 01:56:09,405 [INFO]   [Val Case 20/50] Finished in 0.30s | Dice Score: 0.5389
2026-09-29 01:56:09,697 [INFO]   [Val Case 21/50] Running sliding-window inference (shape: (220, 220, 140), overlap: 0.25)...
2026-09-29 01:56:09,947 [INFO]   [Val Case 21/50] Finished in 0.28s | Dice Score: 0.4197
2026-09-29 01:56:10,121 [INFO]   [Val Case 22/50] Running sliding-window inference (shape: (223, 223, 143), overlap: 0.25)...
2026-09-29 01:56:10,356 [INFO]   [Val Case 22/50] Finished in 0.28s | Dice Score: 0.8281
2026-09-29 01:56:10,809 [INFO]   [Val Case 23/50] Running sliding-window inference (shape: (223, 223, 145), overlap: 0.25)...
2026-09-29 01:56:11,054 [INFO]   [Val Case 23/50] Finished in 0.28s | Dice Score: 0.0100
2026-09-29 01:56:11,261 [INFO]   [Val Case 24/50] Running sliding-window inference (shape: (223, 223, 143), overlap: 0.25)...
2026-09-29 01:56:11,508 [INFO]   [Val Case 24/50] Finished in 0.29s | Dice Score: 0.0872
2026-09-29 01:56:11,967 [INFO]   [Val Case 25/50] Running sliding-window inference (shape: (223, 223, 143), overlap: 0.25)...
2026-09-29 01:56:12,234 [INFO]   [Val Case 25/50] Finished in 0.30s | Dice Score: 0.1340
2026-09-29 01:56:12,316 [INFO]   [Val Case 26/50] Running sliding-window inference (shape: (259, 259, 129), overlap: 0.25)...
2026-09-29 01:56:12,737 [INFO]   [Val Case 26/50] Finished in 0.47s | Dice Score: 0.0000
2026-09-29 01:56:13,169 [INFO]   [Val Case 27/50] Running sliding-window inference (shape: (223, 223, 143), overlap: 0.25)...
2026-09-29 01:56:13,427 [INFO]   [Val Case 27/50] Finished in 0.29s | Dice Score: 0.2524
2026-09-29 01:56:13,477 [INFO]   [Val Case 28/50] Running sliding-window inference (shape: (223, 223, 145), overlap: 0.25)...
2026-09-29 01:56:13,744 [INFO]   [Val Case 28/50] Finished in 0.30s | Dice Score: 0.4901
2026-09-29 01:56:14,056 [INFO]   [Val Case 29/50] Running sliding-window inference (shape: (223, 223, 145), overlap: 0.25)...
2026-09-29 01:56:14,294 [INFO]   [Val Case 29/50] Finished in 0.27s | Dice Score: 0.8011
2026-09-29 01:56:14,479 [INFO]   [Val Case 30/50] Running sliding-window inference (shape: (223, 223, 145), overlap: 0.25)...
2026-09-29 01:56:14,725 [INFO]   [Val Case 30/50] Finished in 0.28s | Dice Score: 0.7399
2026-09-29 01:56:14,884 [INFO]   [Val Case 31/50] Running sliding-window inference (shape: (220, 220, 140), overlap: 0.25)...
2026-09-29 01:56:15,136 [INFO]   [Val Case 31/50] Finished in 0.28s | Dice Score: 0.7819
2026-09-29 01:56:15,433 [INFO]   [Val Case 32/50] Running sliding-window inference (shape: (223, 223, 145), overlap: 0.25)...
2026-09-29 01:56:15,673 [INFO]   [Val Case 32/50] Finished in 0.28s | Dice Score: 0.1626
2026-09-29 01:56:15,816 [INFO]   [Val Case 33/50] Running sliding-window inference (shape: (229, 229, 139), overlap: 0.25)...
2026-09-29 01:56:16,055 [INFO]   [Val Case 33/50] Finished in 0.28s | Dice Score: 0.1391
2026-09-29 01:56:16,596 [INFO]   [Val Case 34/50] Running sliding-window inference (shape: (223, 223, 143), overlap: 0.25)...
2026-09-29 01:56:16,851 [INFO]   [Val Case 34/50] Finished in 0.29s | Dice Score: 0.5505
2026-09-29 01:56:17,044 [INFO]   [Val Case 35/50] Running sliding-window inference (shape: (223, 223, 143), overlap: 0.25)...
2026-09-29 01:56:17,280 [INFO]   [Val Case 35/50] Finished in 0.28s | Dice Score: 0.6771
2026-09-29 01:56:17,859 [INFO]   [Val Case 36/50] Running sliding-window inference (shape: (223, 223, 145), overlap: 0.25)...
2026-09-29 01:56:18,125 [INFO]   [Val Case 36/50] Finished in 0.31s | Dice Score: 0.2489
2026-09-29 01:56:18,252 [INFO]   [Val Case 37/50] Running sliding-window inference (shape: (223, 223, 143), overlap: 0.25)...
2026-09-29 01:56:18,488 [INFO]   [Val Case 37/50] Finished in 0.28s | Dice Score: 0.8222
2026-09-29 01:56:18,550 [INFO]   [Val Case 38/50] Running sliding-window inference (shape: (229, 229, 116), overlap: 0.25)...
2026-09-29 01:56:18,761 [INFO]   [Val Case 38/50] Finished in 0.24s | Dice Score: 0.6603
2026-09-29 01:56:19,420 [INFO]   [Val Case 39/50] Running sliding-window inference (shape: (223, 223, 151), overlap: 0.25)...
2026-09-29 01:56:19,656 [INFO]   [Val Case 39/50] Finished in 0.27s | Dice Score: 0.4361
2026-09-29 01:56:19,704 [INFO]   [Val Case 40/50] Running sliding-window inference (shape: (223, 223, 143), overlap: 0.25)...
2026-09-29 01:56:19,949 [INFO]   [Val Case 40/50] Finished in 0.28s | Dice Score: 0.3767
2026-09-29 01:56:20,564 [INFO]   [Val Case 41/50] Running sliding-window inference (shape: (223, 223, 143), overlap: 0.25)...
2026-09-29 01:56:20,809 [INFO]   [Val Case 41/50] Finished in 0.28s | Dice Score: 0.2452
2026-09-29 01:56:20,867 [INFO]   [Val Case 42/50] Running sliding-window inference (shape: (223, 223, 143), overlap: 0.25)...
2026-09-29 01:56:21,108 [INFO]   [Val Case 42/50] Finished in 0.28s | Dice Score: 0.5857
2026-09-29 01:56:21,745 [INFO]   [Val Case 43/50] Running sliding-window inference (shape: (223, 223, 145), overlap: 0.25)...
2026-09-29 01:56:21,984 [INFO]   [Val Case 43/50] Finished in 0.27s | Dice Score: 0.7353
2026-09-29 01:56:22,039 [INFO]   [Val Case 44/50] Running sliding-window inference (shape: (229, 229, 116), overlap: 0.25)...
2026-09-29 01:56:22,246 [INFO]   [Val Case 44/50] Finished in 0.24s | Dice Score: 0.5656
2026-09-29 01:56:22,885 [INFO]   [Val Case 45/50] Running sliding-window inference (shape: (223, 223, 143), overlap: 0.25)...
2026-09-29 01:56:23,121 [INFO]   [Val Case 45/50] Finished in 0.27s | Dice Score: 0.7669
2026-09-29 01:56:23,174 [INFO]   [Val Case 46/50] Running sliding-window inference (shape: (223, 223, 145), overlap: 0.25)...
2026-09-29 01:56:23,430 [INFO]   [Val Case 46/50] Finished in 0.29s | Dice Score: 0.7461
2026-09-29 01:56:23,990 [INFO]   [Val Case 47/50] Running sliding-window inference (shape: (223, 223, 145), overlap: 0.25)...
2026-09-29 01:56:24,223 [INFO]   [Val Case 47/50] Finished in 0.27s | Dice Score: 0.1501
2026-09-29 01:56:24,269 [INFO]   [Val Case 48/50] Running sliding-window inference (shape: (223, 223, 143), overlap: 0.25)...
2026-09-29 01:56:24,519 [INFO]   [Val Case 48/50] Finished in 0.28s | Dice Score: 0.5954
2026-09-29 01:56:25,089 [INFO]   [Val Case 49/50] Running sliding-window inference (shape: (223, 223, 143), overlap: 0.25)...
2026-09-29 01:56:25,317 [INFO]   [Val Case 49/50] Finished in 0.25s | Dice Score: 0.0000
2026-09-29 01:56:25,358 [INFO]   [Val Case 50/50] Running sliding-window inference (shape: (223, 223, 143), overlap: 0.25)...
2026-09-29 01:56:25,588 [INFO]   [Val Case 50/50] Finished in 0.26s | Dice Score: 0.8368
2026-09-29 01:56:26,186 [INFO] Epoch 30 Validation (34.0s): Mean Dice: 0.4748 (50 subjects)
2026-09-29 01:56:26,215 [INFO] ===========================================================================
2026-09-29 01:56:26,215 [INFO] TRAINING FINISHED in 79.6 minutes. Best Validation Dice: 0.5328
2026-09-29 01:56:26,215 [INFO] ===========================================================================
